Accession Number,Title,Sequence Length,Source of sample,NCBI Link,Geographical location,Host,Article name
AF104679,"Streptococcus anginosus strain 1012 16S ribosomal RNA gene, partial sequence",1573.0,---,https://www.ncbi.nlm.nih.gov/nuccore/AF104679,---,---,Pubmed : https://www.ncbi.nlm.nih.gov/pubmed/10628826 (Haemolytic activity of the `Streptococcus milleri group' and relationship between haemolysis restricted to human red blood cells and pathogenicity in S. intermedius)
AF104678,"Streptococcus anginosus strain ATCC33397 16S ribosomal RNA gene, partial sequence",1573.0,---,https://www.ncbi.nlm.nih.gov/nuccore/AF104678,---,---,Pubmed : https://www.ncbi.nlm.nih.gov/pubmed/10628826 (Haemolytic activity of the `Streptococcus milleri group' and relationship between haemolysis restricted to human red blood cells and pathogenicity in S. intermedius)
NR_041722,"Streptococcus anginosus SK52 = DSM 20563 16S ribosomal RNA, complete sequence",1556.0,---,https://www.ncbi.nlm.nih.gov/nuccore/NR_041722,---,---,Pubmed : https://www.ncbi.nlm.nih.gov/pubmed/10628826 (Haemolytic activity of the `Streptococcus milleri group' and relationship between haemolysis restricted to human red blood cells and pathogenicity in S. intermedius)
OQ216617,"Streptococcus anginosus strain UMB8616 16S ribosomal RNA gene, partial sequence",1553.0,---,https://www.ncbi.nlm.nih.gov/nuccore/OQ216617,---,Human,-----
JN713285,"Streptococcus anginosus canine oral taxon 117 clone OI066 16S ribosomal RNA gene, partial sequence",1547.0, subgingival plaque,https://www.ncbi.nlm.nih.gov/nuccore/JN713285,UK,Canis familiaris (Dog),6. The canine oral microbiome
GU470894,"Streptococcus anginosus strain F0211 16S ribosomal RNA gene, partial sequence",1531.0,oral microbiome,https://www.ncbi.nlm.nih.gov/nuccore/GU470894,---,Human,7. The human oral microbiome
AF145245,"Streptococcus anginosus strain 1007 16S ribosomal RNA, partial sequence",1530.0,---,https://www.ncbi.nlm.nih.gov/nuccore/AF145245,Netherlands: University Hospital of Maastricht.,Clinical sample,8. The Streptococcus anginosus species comprises five 16S rRNA ribogroups with different phenotypic characteristics and clinical relevance
ON077342,"Streptococcus anginosus strain 47 S1 16S ribosomal RNA gene, partial sequence",1528.0,Throat Swab,https://www.ncbi.nlm.nih.gov/nuccore/ON077342,Saudi Arabia,patient,9. Shotgun whole genome sequencing of drug-resistance Streptococcus anginosus strain 47S1 isolated from a patient with pharyngitis in Saudi Arabia
AF145244,"Streptococcus anginosus strain 1093 16S ribosomal RNA, partial sequence",1527.0,---,https://www.ncbi.nlm.nih.gov/nuccore/AF145244,Netherlands: University Hospital of Maastricht.,Clinical sample,8. The Streptococcus anginosus species comprises five 16S rRNA ribogroups with different phenotypic characteristics and clinical relevance
AF145239,"Streptococcus anginosus strain 367 16S ribosomal RNA, partial sequence",1524.0,---,https://www.ncbi.nlm.nih.gov/nuccore/AF145239,Netherlands: University Hospital of Maastricht.,Clinical sample,8. The Streptococcus anginosus species comprises five 16S rRNA ribogroups with different phenotypic characteristics and clinical relevance
MW595979,"Streptococcus anginosus strain SCF115 16S ribosomal RNA gene, partial sequence",1523.0,---,https://www.ncbi.nlm.nih.gov/nuccore/MW595979,India ,Human,-----
NZ_JAQMKN010000038,"Streptococcus anginosus strain D35st1_A10_D35t1_190705 NODE_39_length_1522_cov_2.03114, whole genome shotgun sequence",1522.0,---,https://www.ncbi.nlm.nih.gov/nuccore/NZ_JAQMKN010000038,USA,Human,Human gut microbiome strain richness
AY691541,"Streptococcus anginosus strain ChDC YA11 16S ribosomal RNA gene, partial sequence",1520.0,dental plaque,https://www.ncbi.nlm.nih.gov/nuccore/AY691541,Korea,Patient,14.15 CONTINUATION Identification of Non-mutans Streptococci Organisms in Dental Plaques Recovering on Mitis-Salivarius Bacitracin Agar Medium
AY986764,"Streptococcus anginosus strain ChDC YA12 16S ribosomal RNA gene gene, partial sequence",1520.0,dental plaque,https://www.ncbi.nlm.nih.gov/nuccore/AY986764,Korea,Dental Patients,14.15 CONTINUATION Identification and Detection of Streptococcus anginosus Using Species-Specific 16S rDNA Primers
AY986765,"Streptococcus anginosus strain ChDC YA13 16S ribosomal RNA gene gene, partial sequence",1520.0,dental plaque,https://www.ncbi.nlm.nih.gov/nuccore/AY986765,Korea,Dental Patients,15. Identification and Detection of Streptococcus anginosus Using Species-Specific 16S rDNA Primers
MH628245,"Streptococcus anginosus strain FC6834 16S ribosomal RNA gene, partial sequence",1518.0,---,https://www.ncbi.nlm.nih.gov/nuccore/MH628245,China,Patient,Bacteria
AY986761,"Streptococcus anginosus strain ChDC YA2 16S ribosomal RNA gene gene, partial sequence",1517.0,dental plaque,https://www.ncbi.nlm.nih.gov/nuccore/AY986761,Korea,Dental Patients,15. Identification and Detection of Streptococcus anginosus Using Species-Specific 16S rDNA Primers
AY691536,"Streptococcus anginosus strain ChDC YA4 16S ribosomal RNA gene, partial sequence",1517.0,dental plague,https://www.ncbi.nlm.nih.gov/nuccore/AY691536,Korea,patient,14. Identification of Non-mutans Streptococci Organisms in Dental Plaques Recovering on Mitis-Salivarius Bacitracin Agar Medium
MH628233,"Streptococcus anginosus strain FC6871 16S ribosomal RNA gene, partial sequence",1517.0,---,https://www.ncbi.nlm.nih.gov/nuccore/MH628233,China,Patient,Bacteria
AY986763,"Streptococcus anginosus strain ChDC YA8 16S ribosomal RNA gene gene, partial sequence",1517.0,dental plaque,https://www.ncbi.nlm.nih.gov/nuccore/AY986763,Korea,Dental Patients,15. Identification and Detection of Streptococcus anginosus Using Species-Specific 16S rDNA Primers
AY986762,"Streptococcus anginosus strain ChDC YA5 16S ribosomal RNA gene gene, partial sequence",1517.0,dental plaque,https://www.ncbi.nlm.nih.gov/nuccore/AY986762,Korea,Dental Patients,15. Identification and Detection of Streptococcus anginosus Using Species-Specific 16S rDNA Primers
KF933782,"Streptococcus anginosus strain ChDC B342 16S ribosomal RNA gene, partial sequence",1517.0,oral cavity,https://www.ncbi.nlm.nih.gov/nuccore/KF933782,Korea,Human,23. Identification of the Bacteria Isolated from Oral Cavities in Korea
AY691535,"Streptococcus anginosus strain ChDC YA3 16S ribosomal RNA gene, partial sequence",1516.0,dental plaque,https://www.ncbi.nlm.nih.gov/nuccore/AY691535,Korea,Patients,14. Identification of Non-mutans Streptococci Organisms in Dental Plaques Recovering on Mitis-Salivarius Bacitracin Agar Medium
AY691534,"Streptococcus anginosus strain ChDC YA1 16S ribosomal RNA gene, partial sequence",1510.0,dental plaque,https://www.ncbi.nlm.nih.gov/nuccore/AY691534,Korea,Patients,14. Identification of Non-mutans Streptococci Organisms in Dental Plaques Recovering on Mitis-Salivarius Bacitracin Agar Medium
LC144558,"Streptococcus anginosus gene for 16S ribosomal RNA, partial sequence, isolate: CG20160320O",1509.0,Domastic waste water Lucknow,https://www.ncbi.nlm.nih.gov/nuccore/LC144558,India,Domestic wastewater,"Thesis unable to download--- Comparative Analysis of Bacterial Diversity in the Water Samples from Ganga River, Indian Ocean and Domestic wastewater through Metagenomics Technique"
KM225745,"Streptococcus anginosus strain B10 16S ribosomal RNA gene, partial sequence",1507.0,dental plaque,https://www.ncbi.nlm.nih.gov/nuccore/KM225745,"Approved by Ethics Committee of the Medical School of the University of Regensburg, Germany.",Individual,27. Probing of Microbial Biofilm Communities for Coadhesion Partners
MW543923,"Streptococcus anginosus strain SCA03 16S ribosomal RNA gene, partial sequence",1505.0,---,https://www.ncbi.nlm.nih.gov/nuccore/MW543923,India,Human,-----
MW595978,"Streptococcus anginosus strain SCF112 16S ribosomal RNA gene, partial sequence",1505.0,---,https://www.ncbi.nlm.nih.gov/nuccore/MW595978,India,Human,-----
AF145242,"Streptococcus anginosus strain 21 16S ribosomal RNA, partial sequence",1505.0,---,https://www.ncbi.nlm.nih.gov/nuccore/AF145242,Netherlands: University Hospital of Maastricht.,Clinical sample,8. The Streptococcus anginosus species comprises five 16S rRNA ribogroups with different phenotypic characteristics and clinical relevance
MW543926,"Streptococcus anginosus strain SCA10 16S ribosomal RNA gene, partial sequence",1502.0,---,https://www.ncbi.nlm.nih.gov/nuccore/MW543926,India,Human,-----
LC545465,"Streptococcus anginosus 2-KN-2020 gene for 16S rRNA, partial sequence",1502.0,bronchoalveolar lavage fluid,https://www.ncbi.nlm.nih.gov/nuccore/LC545465,---,Human,32. Proteins produced by Streptococcus species in the lower respiratory tract can modify antiviral responses against influenza virus in respiratory epithelial cells
AF145243,"Streptococcus anginosus strain 414 16S ribosomal RNA, partial sequence",1500.0,---,https://www.ncbi.nlm.nih.gov/nuccore/AF145243,Netherlands: University Hospital of Maastricht.,Clinical sample,8. The Streptococcus anginosus species comprises five 16S rRNA ribogroups with different phenotypic characteristics and clinical relevance
AF145246,"Streptococcus anginosus strain 920 16S ribosomal RNA, partial sequence",1496.0,---,https://www.ncbi.nlm.nih.gov/nuccore/AF145246,Netherlands: University Hospital of Maastricht.,Clinical sample,8. The Streptococcus anginosus species comprises five 16S rRNA ribogroups with different phenotypic characteristics and clinical relevance
OM265428,"Streptococcus anginosus strain TMPC 9023B 16S ribosomal RNA gene, partial sequence",1495.0,---,https://www.ncbi.nlm.nih.gov/nuccore/OM265428,---,---,-----
AF145240,"Streptococcus anginosus strain 1204 16S ribosomal RNA, partial sequence",1495.0,---,https://www.ncbi.nlm.nih.gov/nuccore/AF145240,Netherlands: University Hospital of Maastricht.,Clinical sample,8. The Streptococcus anginosus species comprises five 16S rRNA ribogroups with different phenotypic characteristics and clinical relevance
AF145241,"Streptococcus anginosus strain 213 16S ribosomal RNA, partial sequence",1493.0,---,https://www.ncbi.nlm.nih.gov/nuccore/AF145241,Netherlands: University Hospital of Maastricht.,Clinical sample,8. The Streptococcus anginosus species comprises five 16S rRNA ribogroups with different phenotypic characteristics and clinical relevance
KF733694,"Streptococcus anginosus strain ChDC B372 16S ribosomal RNA gene, partial sequence",1487.0,oral cavity,https://www.ncbi.nlm.nih.gov/nuccore/KF733694,South Korea,Human,38. Identification of the Bacteria Isolated from Oral Cavities in Korea
KF733717,"Streptococcus anginosus strain ChDC B542 16S ribosomal RNA gene, partial sequence",1487.0,oral cavity,https://www.ncbi.nlm.nih.gov/nuccore/KF733717,South Korea,Human,38. Identification of the Bacteria Isolated from Oral Cavities in Korea
KF733702,"Streptococcus anginosus strain ChDC B383 16S ribosomal RNA gene, partial sequence",1487.0,oral cavity,https://www.ncbi.nlm.nih.gov/nuccore/KF733702,South Korea,Human,38. Identification of the Bacteria Isolated from Oral Cavities in Korea
KF733700,"Streptococcus anginosus strain ChDC B381 16S ribosomal RNA gene, partial sequence",1487.0,oral cavity,https://www.ncbi.nlm.nih.gov/nuccore/KF733700,South Korea,Human,38. Identification of the Bacteria Isolated from Oral Cavities in Korea
KF733691,"Streptococcus anginosus strain ChDC B367 16S ribosomal RNA gene, partial sequence",1487.0,oral cavity,https://www.ncbi.nlm.nih.gov/nuccore/KF733691,South Korea,Human,38. Identification of the Bacteria Isolated from Oral Cavities in Korea
KF733693,"Streptococcus anginosus strain ChDC B369 16S ribosomal RNA gene, partial sequence",1487.0,oral cavity,https://www.ncbi.nlm.nih.gov/nuccore/KF733693,South Korea,Human,38. Identification of the Bacteria Isolated from Oral Cavities in Korea
KF733689,"Streptococcus anginosus strain ChDC B365 16S ribosomal RNA gene, partial sequence",1487.0,oral cavity,https://www.ncbi.nlm.nih.gov/nuccore/KF733689,South Korea,Human,38. Identification of the Bacteria Isolated from Oral Cavities in Korea
LC140947,"Streptococcus anginosus gene for 16S ribosomal RNA, partial sequence, isolate: CG20160324E",1484.0,Sea water,https://www.ncbi.nlm.nih.gov/nuccore/LC140947,Libya,sea water,26. Thesis unable to download
MT242497,"Streptococcus anginosus strain KCOM 2970 16S ribosomal RNA gene, partial sequence",1479.0,subgingival plaque,https://www.ncbi.nlm.nih.gov/nuccore/MT242497,South Korea,Human,23. Identification of the Bacteria Isolated from Oral Cavities in Korea
MW555226,"Streptococcus anginosus strain KCOM 2921 (= JS98) 16S ribosomal RNA gene, partial sequence",1479.0,subgingival plaque,https://www.ncbi.nlm.nih.gov/nuccore/MW555226,South Korea,Human,23. Identification of the Bacteria Isolated from Oral Cavities in Korea
MT261804,"Streptococcus anginosus strain KCOM 3022 (=ChDC PVNT-B21) 16S ribosomal RNA gene, partial sequence",1478.0,Subgingival plaque,https://www.ncbi.nlm.nih.gov/nuccore/MT261804,South Korea,Human,23. Identification of the Bacteria Isolated from Oral Cavities in Korea
MT299682,"Streptococcus anginosus strain KCOM 1783 (= ChDC B464) 16S ribosomal RNA gene, partial sequence",1478.0,Mandibular osteomyelitis,https://www.ncbi.nlm.nih.gov/nuccore/MT299682,South Korea,Human,23. Identification of the Bacteria Isolated from Oral Cavities in Korea
MT242501,"Streptococcus anginosus strain KCOM 2972 16S ribosomal RNA gene, partial sequence",1478.0,subgingival plaque,https://www.ncbi.nlm.nih.gov/nuccore/MT242501,South Korea,Human,23. Identification of the Bacteria Isolated from Oral Cavities in Korea
MT500684,"Streptococcus anginosus strain KCOM 2341 (= ChDC PV-F44) 16S ribosomal RNA gene, partial sequence",1478.0,Subgingival plaque,https://www.ncbi.nlm.nih.gov/nuccore/MT500684,South Korea,Human,23. Identification of the Bacteria Isolated from Oral Cavities in Korea
MT299717,"Streptococcus anginosus strain KCOM 1790 (= ChDC B471) 16S ribosomal RNA gene, partial sequence",1478.0,Mandibular osteomyelitis,https://www.ncbi.nlm.nih.gov/nuccore/MT299717,South Korea,Human,23. Identification of the Bacteria Isolated from Oral Cavities in Korea
MT498552,"Streptococcus anginosus strain KCOM 2344 (= ChDC PV-F54) 16S ribosomal RNA gene, partial sequence",1478.0,Subgingival plaque,https://www.ncbi.nlm.nih.gov/nuccore/MT498552,South Korea,Human,23. Identification of the Bacteria Isolated from Oral Cavities in Korea
MT280213,"Streptococcus anginosus strain KCOM 1742 (= ChDC B436) 16S ribosomal RNA gene, partial sequence",1478.0,submandibular space abscess,https://www.ncbi.nlm.nih.gov/nuccore/MT280213,South Korea,Human,23. Identification of the Bacteria Isolated from Oral Cavities in Korea
KJ728813,"Streptococcus anginosus 16S ribosomal RNA gene, partial sequence",1478.0,maxillary sinusitis,https://www.ncbi.nlm.nih.gov/nuccore/KJ728813,confusioninpaper,Human,Pubmed confusion
MT320108,"Streptococcus anginosus strain KCOM 1932 (= ChDC B10) 16S ribosomal RNA gene, partial sequence",1478.0,dental plaque,https://www.ncbi.nlm.nih.gov/nuccore/MT320108,South Korea,Human,23. Identification of the Bacteria Isolated from Oral Cavities in Korea
MT256261,"Streptococcus anginosus strain KCOM 2997 (=JS174) 16S ribosomal RNA gene, partial sequence",1478.0,subgingival plaque,https://www.ncbi.nlm.nih.gov/nuccore/MT256261,South Korea,Human,23. Identification of the Bacteria Isolated from Oral Cavities in Korea
MT482705,"Streptococcus anginosus strain KCOM 1740 (= ChDC B434) 16S ribosomal RNA gene, partial sequence",1478.0,submandibular space abscess,https://www.ncbi.nlm.nih.gov/nuccore/MT482705,South Korea,Human,23. Identification of the Bacteria Isolated from Oral Cavities in Korea
MT477776,"Streptococcus anginosus strain KCOM 3315 (=ChDC P003-Aa) 16S ribosomal RNA gene, partial sequence",1478.0,peri-implantitis,https://www.ncbi.nlm.nih.gov/nuccore/MT477776,South Korea,Human,23. Identification of the Bacteria Isolated from Oral Cavities in Korea
JN578465,"Streptococcus anginosus culture-collection ATCC:33397 16S ribosomal RNA gene, partial sequence",1478.0,---,https://www.ncbi.nlm.nih.gov/nuccore/JN578465,---,---,"Evaluation of Methods for Identification and Determination of the Taxonomic Status of Strains Belonging to the Streptococcus porcinusStreptococcus pseudoporcinus Complex Isolated from Animal, Human, and Dairy Sources"
MT436816,"Streptococcus anginosus strain KCOM 2006 (= ChDC B90) 16S ribosomal RNA gene, partial sequence",1478.0,dental plaque,https://www.ncbi.nlm.nih.gov/nuccore/MT436816,South Korea,Human,23. Identification of the Bacteria Isolated from Oral Cavities in Korea
MT261807,"Streptococcus anginosus strain KCOM 3024 (=ChDC PVNT-B23) 16S ribosomal RNA gene, partial sequence",1478.0,dental plaque,https://www.ncbi.nlm.nih.gov/nuccore/MT261807,South Korea,Human,23. Identification of the Bacteria Isolated from Oral Cavities in Korea
MT280310,"Streptococcus anginosus strain KCOM 1771 (= ChDC B452) 16S ribosomal RNA gene, partial sequence",1478.0,Mandibular osteomyelitis,https://www.ncbi.nlm.nih.gov/nuccore/MT280310,South Korea,Human,23. Identification of the Bacteria Isolated from Oral Cavities in Korea
MW412584,"Streptococcus anginosus strain KCOM 2870 (= JS51) 16S ribosomal RNA gene, partial sequence",1478.0,subgingival plaque,https://www.ncbi.nlm.nih.gov/nuccore/MW412584,South Korea,Human,23. Identification of the Bacteria Isolated from Oral Cavities in Korea
MW404518,"Streptococcus anginosus strain KCOM 2726 (= ChDC KB68) 16S ribosomal RNA gene, partial sequence",1478.0,Subgingival plaque,https://www.ncbi.nlm.nih.gov/nuccore/MW404518,South Korea,Human,23. Identification of the Bacteria Isolated from Oral Cavities in Korea
MT658564,"Streptococcus anginosus strain KCOM 2376 (= ChDC PV-F94) 16S ribosomal RNA gene, partial sequence",1478.0,Subgingival plaque,https://www.ncbi.nlm.nih.gov/nuccore/MT658564,South Korea,Human,23. Identification of the Bacteria Isolated from Oral Cavities in Korea
MW555231,"Streptococcus anginosus strain KCOM 2923 (= JS100) 16S ribosomal RNA gene, partial sequence",1478.0,subgingival plaque,https://www.ncbi.nlm.nih.gov/nuccore/MW555231,South Korea,Human,23. Identification of the Bacteria Isolated from Oral Cavities in Korea
MW541857,"Streptococcus anginosus strain KCOM 3571 (=JS477) 16S ribosomal RNA gene, partial sequence",1478.0,gingivitis,https://www.ncbi.nlm.nih.gov/nuccore/MW541857,South Korea,Human,23. Identification of the Bacteria Isolated from Oral Cavities in Korea
MT459252,"Streptococcus anginosus strain KCOM 2141 (= ChDC B792) 16S ribosomal RNA gene, partial sequence",1478.0,Subgingival dental plaque,https://www.ncbi.nlm.nih.gov/nuccore/MT459252,South Korea,Human,23. Identification of the Bacteria Isolated from Oral Cavities in Korea
MW407045,"Streptococcus anginosus strain KCOM 2828 (= ChDC KB104) 16S ribosomal RNA gene, partial sequence",1478.0,Chronic inflammation,https://www.ncbi.nlm.nih.gov/nuccore/MW407045,South Korea,Human,23. Identification of the Bacteria Isolated from Oral Cavities in Korea
MW404519,"Streptococcus anginosus strain KCOM 2728 (= ChDC KB70) 16S ribosomal RNA gene, partial sequence",1478.0,Subgingival plaque,https://www.ncbi.nlm.nih.gov/nuccore/MW404519,South Korea,Human,23. Identification of the Bacteria Isolated from Oral Cavities in Korea
MT459251,"Streptococcus anginosus strain KCOM 2139 (= ChDC B790) 16S ribosomal RNA gene, partial sequence",1478.0,Subgingival dental plaque,https://www.ncbi.nlm.nih.gov/nuccore/MT459251,South Korea,Human,23. Identification of the Bacteria Isolated from Oral Cavities in Korea
MW658778,"Streptococcus anginosus strain KCOM 3793 (= JS649) 16S ribosomal RNA gene, partial sequence",1478.0,periodontitis,https://www.ncbi.nlm.nih.gov/nuccore/MW658778,South Korea,Human,23. Identification of the Bacteria Isolated from Oral Cavities in Korea
MW404394,"Streptococcus anginosus strain KCOM 2718 (= ChDC KB60) 16S ribosomal RNA gene, partial sequence",1478.0,Subgingival plaque,https://www.ncbi.nlm.nih.gov/nuccore/MW404394,South Korea,Human,23. Identification of the Bacteria Isolated from Oral Cavities in Korea
MT665031,"Streptococcus anginosus strain KCOM 2387 16S ribosomal RNA gene, partial sequence",1478.0,Subgingival plaque,https://www.ncbi.nlm.nih.gov/nuccore/MT665031,South Korea,Human,23. Identification of the Bacteria Isolated from Oral Cavities in Korea
MT436826,"Streptococcus anginosus strain KCOM 2008 (= ChDC B92) 16S ribosomal RNA gene, partial sequence",1478.0,Subgingival dental plaque,https://www.ncbi.nlm.nih.gov/nuccore/MT436826,South Korea,Human,23. Identification of the Bacteria Isolated from Oral Cavities in Korea
MT295467,"Streptococcus anginosus strain KCOM 1768 (= ChDC B449) 16S ribosomal RNA gene, partial sequence",1478.0,Mandibular osteomyelitis,https://www.ncbi.nlm.nih.gov/nuccore/MT295467,South Korea,Human,23. Identification of the Bacteria Isolated from Oral Cavities in Korea
NR_118289,"Streptococcus anginosus 16S ribosomal RNA, partial sequence",1478.0,---,https://www.ncbi.nlm.nih.gov/nuccore/NR_118289,---,---,"Evaluation of Methods for Identification and Determination of the Taxonomic Status of Strains Belonging to the Streptococcus porcinusStreptococcus pseudoporcinus Complex Isolated from Animal, Human, and Dairy Sources"
MT459269,"Streptococcus anginosus strain KCOM 2157 (= ChDC B808) 16S ribosomal RNA gene, partial sequence",1478.0,"Subgingival dental plaque, gingivitis",https://www.ncbi.nlm.nih.gov/nuccore/MT459269,South Korea,Human,23. Identification of the Bacteria Isolated from Oral Cavities in Korea
GU045404,"Streptococcus anginosus strain ATCC 33397 16S ribosomal RNA gene, partial sequence",1477.0,---,https://www.ncbi.nlm.nih.gov/nuccore/GU045404,---,---,rpoA is a useful gene for identification and classification of Streptococcus pneumoniae from the closely related viridans group streptococci
NR_117426,"Streptococcus anginosus SK52 = DSM 20563 16S ribosomal RNA, partial sequence",1477.0,---,https://www.ncbi.nlm.nih.gov/nuccore/NR_117426,---,---,rpoA is a useful gene for identification and classification of Streptococcus pneumoniae from the closely related viridans group streptococci
DQ232519,"Streptococcus anginosus strain CIP 105057 16S ribosomal RNA gene, partial sequence",1477.0,---,https://www.ncbi.nlm.nih.gov/nuccore/DQ232519,---,---,Identification and phylogenetic relationships among the genus Streptococcus by partial sequencing of rpoB and sodA genes
MT261781,"Streptococcus anginosus strain KCOM 3002 (=ChDC PVNT-B1) 16S ribosomal RNA gene, partial sequence",1477.0,Subgingival dental plaque,https://www.ncbi.nlm.nih.gov/nuccore/MT261781,South Korea,Human,23. Identification of the Bacteria Isolated from Oral Cavities in Korea
MT280220,"Streptococcus anginosus strain KCOM 1750 (= ChDC B444) 16S ribosomal RNA gene, partial sequence",1477.0,submandibular space abscess,https://www.ncbi.nlm.nih.gov/nuccore/MT280220,South Korea,Human,23. Identification of the Bacteria Isolated from Oral Cavities in Korea
MW404400,"Streptococcus anginosus strain KCOM 2722 (= ChDC KB64) 16S ribosomal RNA gene, partial sequence",1477.0,Subgingival plaque,https://www.ncbi.nlm.nih.gov/nuccore/MW404400,South Korea,Human,23. Identification of the Bacteria Isolated from Oral Cavities in Korea
MW404398,"Streptococcus anginosus strain KCOM 2723 (= ChDC KB65) 16S ribosomal RNA gene, partial sequence",1477.0,Subgingival plaque,https://www.ncbi.nlm.nih.gov/nuccore/MW404398,South Korea,Human,23. Identification of the Bacteria Isolated from Oral Cavities in Korea
DQ232517,"Streptococcus anginosus strain CIP 105053 16S ribosomal RNA gene, partial sequence",1477.0,---,https://www.ncbi.nlm.nih.gov/nuccore/DQ232517,---,---,Identification and phylogenetic relationships among the genus Streptococcus by partial sequencing of rpoB and sodA genes
DQ232518,"Streptococcus anginosus strain CIP 105055 16S ribosomal RNA gene, partial sequence",1477.0,---,https://www.ncbi.nlm.nih.gov/nuccore/DQ232518,---,---,Identification and phylogenetic relationships among the genus Streptococcus by partial sequencing of rpoB and sodA genes
MT436823,"Streptococcus anginosus strain KCOM 2007 (= ChDC B91) 16S ribosomal RNA gene, partial sequence",1477.0,Subgingival dental plaque,https://www.ncbi.nlm.nih.gov/nuccore/MT436823,South Korea,Human,23. Identification of the Bacteria Isolated from Oral Cavities in Korea
AY309096,"Streptococcus anginosus 16S ribosomal RNA gene, partial sequence",1470.0,---,https://www.ncbi.nlm.nih.gov/nuccore/AY309096,---,---,Identification of the anginosus group within the genus Streptococcus using polymerase chain reaction
MT597725,"Streptococcus anginosus strain 1902 16S ribosomal RNA gene, partial sequence",1468.0,---,https://www.ncbi.nlm.nih.gov/nuccore/MT597725,---,---,-----
MT597583,"Streptococcus anginosus strain 1716 16S ribosomal RNA gene, partial sequence",1465.0,---,https://www.ncbi.nlm.nih.gov/nuccore/MT597583,---,---,-----
MT545124,"Streptococcus anginosus strain 4636 16S ribosomal RNA gene, partial sequence",1464.0,---,https://www.ncbi.nlm.nih.gov/nuccore/MT545124,---,---,-----
MT459365,"Streptococcus anginosus strain 4997 16S ribosomal RNA gene, partial sequence",1464.0,---,https://www.ncbi.nlm.nih.gov/nuccore/MT459365,---,---,-----
MT597584,"Streptococcus anginosus strain 1717 16S ribosomal RNA gene, partial sequence",1463.0,---,https://www.ncbi.nlm.nih.gov/nuccore/MT597584,---,---,-----
MT597634,"Streptococcus anginosus strain 1789 16S ribosomal RNA gene, partial sequence",1463.0,---,https://www.ncbi.nlm.nih.gov/nuccore/MT597634,---,---,-----
MT573751,"Streptococcus anginosus strain 1323 16S ribosomal RNA gene, partial sequence",1462.0,---,https://www.ncbi.nlm.nih.gov/nuccore/MT573751,---,---,-----
MT512098,"Streptococcus anginosus strain 4987 16S ribosomal RNA gene, partial sequence",1460.0,---,https://www.ncbi.nlm.nih.gov/nuccore/MT512098,---,---,-----
MT512079,"Streptococcus anginosus strain 4956 16S ribosomal RNA gene, partial sequence",1460.0,---,https://www.ncbi.nlm.nih.gov/nuccore/MT512079,---,---,-----
MT573862,"Streptococcus anginosus strain 1485 16S ribosomal RNA gene, partial sequence",1460.0,---,https://www.ncbi.nlm.nih.gov/nuccore/MT573862,---,---,-----
MT459364,"Streptococcus anginosus strain 4991 16S ribosomal RNA gene, partial sequence",1459.0,---,https://www.ncbi.nlm.nih.gov/nuccore/MT459364,---,---,-----
MT597616,"Streptococcus anginosus strain 1768 16S ribosomal RNA gene, partial sequence",1458.0,---,https://www.ncbi.nlm.nih.gov/nuccore/MT597616,---,---,-----
KM052286,"Streptococcus anginosus strain 38B 16S ribosomal RNA gene, partial sequence",1454.0,dental plaque,https://www.ncbi.nlm.nih.gov/nuccore/KM052286,Poland,Children,103. The usefulness of biotyping in the determination of selected pathogenicity determinants in Streptococcus mutans
LC258132,"Streptococcus anginosus gene for 16S ribosomal RNA, partial sequence, strain: JCM 12993",1449.0,---,https://www.ncbi.nlm.nih.gov/nuccore/LC258132,---,---,-----
MT597613,"Streptococcus anginosus strain 1765 16S ribosomal RNA gene, partial sequence",1449.0,---,https://www.ncbi.nlm.nih.gov/nuccore/MT597613,---,---,-----
MT573752,"Streptococcus anginosus strain 1324 16S ribosomal RNA gene, partial sequence",1444.0,---,https://www.ncbi.nlm.nih.gov/nuccore/MT573752,---,---,-----
MT597617,"Streptococcus anginosus subsp. whileyi strain 1769 16S ribosomal RNA gene, partial sequence",1444.0,---,https://www.ncbi.nlm.nih.gov/nuccore/MT597617,---,---,-----
MT597524,"Streptococcus anginosus strain 1639 16S ribosomal RNA gene, partial sequence",1442.0,---,https://www.ncbi.nlm.nih.gov/nuccore/MT597524,---,---,-----
MT597726,"Streptococcus anginosus strain 1904 16S ribosomal RNA gene, partial sequence",1468.0,---,https://www.ncbi.nlm.nih.gov/nuccore/MT597726,---,---,-----
KJ803946,"Streptococcus anginosus strain CCFM8389 16S ribosomal RNA gene, partial sequence",1442.0,human feces,https://www.ncbi.nlm.nih.gov/nuccore/KJ803946,China,Human,110. In Vitro Fermentation of Lactulose by Human Gut Bacteria
GU561378,"Streptococcus anginosus strain PG18 16S ribosomal RNA gene, partial sequence",1441.0,oral cavity,https://www.ncbi.nlm.nih.gov/nuccore/GU561378,---,Human,Oral bacterial diversity
GU907516,"Streptococcus anginosus strain C61 16S ribosomal RNA gene, partial sequence",1438.0,sputum of adult cystic ribrosis patient,https://www.ncbi.nlm.nih.gov/nuccore/GU907516,,Human,-----
AY691537,"Streptococcus anginosus strain ChDC YA6 16S ribosomal RNA gene, partial sequence",1438.0,Dental plague,https://www.ncbi.nlm.nih.gov/nuccore/AY691537,Korea,Patient,14. Identification of Non-mutans Streptococci Organisms in Dental Plaques Recovering on Mitis-Salivarius Bacitracin Agar Medium
GU561377,"Streptococcus anginosus strain GEJ5 16S ribosomal RNA gene, partial sequence",1438.0,oral cavity,https://www.ncbi.nlm.nih.gov/nuccore/GU561377,---,Human,Oral bacterial diversity
JX678670,"Streptococcus anginosus strain P3 16S ribosomal RNA gene, partial sequence",1431.0,dental caries,https://www.ncbi.nlm.nih.gov/nuccore/JX678670,India,Human,Prevalence of Streptococcus spp. among dental caries subjects
MT807632,"Streptococcus anginosus strain 27.1T 16S ribosomal RNA gene, partial sequence",1431.0,Subgingival sample,https://www.ncbi.nlm.nih.gov/nuccore/MT807632,Spain,Patient,116. Tetracycline and multidrug resistance in the oral microbiota: differences between healthy subjects and patients with periodontitis in Spain
PQ222928,"Streptococcus anginosus strain D2-A-1-43 16S ribosomal RNA gene, partial sequence",1431.0,Stool,https://www.ncbi.nlm.nih.gov/nuccore/PQ222928,South Korea,IBD patients,117. Culture-based characterization of gut microbiota in inflammatory bowel disease
MH127521,"Streptococcus anginosus strain ACD49-1 16S ribosomal RNA gene, partial sequence",1431.0,Gut microbiome,https://www.ncbi.nlm.nih.gov/nuccore/MH127521,---,Infant,"Exploring the infant gut microbiome by cultivation-based method and SMRT sequencing, a pilot study"
OR501223,"Streptococcus anginosus strain V2 16S ribosomal RNA gene, partial sequence",1430.0,Blood,https://www.ncbi.nlm.nih.gov/nuccore/OR501223,National Taiwan University Hospital,Patient,119. Performance assessment of the Bruker Biotyper MALDI-TOF MS for the identification of difficult-to-identify viridans group streptococci
MH127522,"Streptococcus anginosus strain ACD49-2 16S ribosomal RNA gene, partial sequence",1430.0,Gut microbiome,https://www.ncbi.nlm.nih.gov/nuccore/MH127522,---,Infant,"Exploring the infant gut microbiome by cultivation-based method and SMRT sequencing, a pilot study"
PQ222941,"Streptococcus anginosus strain D2-BN-1-76 16S ribosomal RNA gene, partial sequence",1429.0,Stool,https://www.ncbi.nlm.nih.gov/nuccore/PQ222941,South Korea,IBD patients,117. Culture-based characterization of gut microbiota in inflammatory bowel disease
PQ222916,"Streptococcus anginosus strain D2-A-5-80 16S ribosomal RNA gene, partial sequence",1429.0,Stool,https://www.ncbi.nlm.nih.gov/nuccore/PQ222916,South Korea,IBD patients,117. Culture-based characterization of gut microbiota in inflammatory bowel disease
PQ222932,"Streptococcus anginosus strain D2-A-5-46 16S ribosomal RNA gene, partial sequence",1428.0,Stool,https://www.ncbi.nlm.nih.gov/nuccore/PQ222932,South Korea,IBD patients,117. Culture-based characterization of gut microbiota in inflammatory bowel disease
KC569587,"Streptococcus anginosus strain ChDC B560 16S ribosomal RNA gene, partial sequence",1426.0,oral ,https://www.ncbi.nlm.nih.gov/nuccore/KC569587,Korea,Human,124. Molecular Identification of Anginosus Group Streptococci Isolated from Korean Oral Cavities
KC569588,"Streptococcus anginosus strain ChDC B561 16S ribosomal RNA gene, partial sequence",1426.0,oral ,https://www.ncbi.nlm.nih.gov/nuccore/KC569588,Korea,Human,124. Molecular Identification of Anginosus Group Streptococci Isolated from Korean Oral Cavities
KC569594,"Streptococcus anginosus strain ChDC B710 16S ribosomal RNA gene, partial sequence",1426.0,oral ,https://www.ncbi.nlm.nih.gov/nuccore/KC569594,Korea,Human,124. Molecular Identification of Anginosus Group Streptococci Isolated from Korean Oral Cavities
KC569593,"Streptococcus anginosus strain ChDC B695 16S ribosomal RNA gene, partial sequence",1426.0,oral ,https://www.ncbi.nlm.nih.gov/nuccore/KC569593,Korea,Human,124. Molecular Identification of Anginosus Group Streptococci Isolated from Korean Oral Cavities
KC569592,"Streptococcus anginosus strain ChDC B688 16S ribosomal RNA gene, partial sequence",1426.0,oral ,https://www.ncbi.nlm.nih.gov/nuccore/KC569592,Korea,Human,124. Molecular Identification of Anginosus Group Streptococci Isolated from Korean Oral Cavities
KC569591,"Streptococcus anginosus strain ChDC B684 16S ribosomal RNA gene, partial sequence",1426.0,oral ,https://www.ncbi.nlm.nih.gov/nuccore/KC569591,Korea,Human,124. Molecular Identification of Anginosus Group Streptococci Isolated from Korean Oral Cavities
KC569589,"Streptococcus anginosus strain ChDC B563 16S ribosomal RNA gene, partial sequence",1426.0,oral ,https://www.ncbi.nlm.nih.gov/nuccore/KC569589,Korea,Human,124. Molecular Identification of Anginosus Group Streptococci Isolated from Korean Oral Cavities
KC569576,"Streptococcus anginosus strain ChDC B248 16S ribosomal RNA gene, partial sequence",1426.0,oral ,https://www.ncbi.nlm.nih.gov/nuccore/KC569576,Korea,Human,124. Molecular Identification of Anginosus Group Streptococci Isolated from Korean Oral Cavities
KC569586,"Streptococcus anginosus strain ChDC B557 16S ribosomal RNA gene, partial sequence",1426.0,oral ,https://www.ncbi.nlm.nih.gov/nuccore/KC569586,Korea,Human,124. Molecular Identification of Anginosus Group Streptococci Isolated from Korean Oral Cavities
KC569580,"Streptococcus anginosus strain ChDC B287 16S ribosomal RNA gene, partial sequence",1426.0,oral ,https://www.ncbi.nlm.nih.gov/nuccore/KC569580,Korea,Human,124. Molecular Identification of Anginosus Group Streptococci Isolated from Korean Oral Cavities
KC569574,"Streptococcus anginosus strain ChDC B181 16S ribosomal RNA gene, partial sequence",1426.0,oral ,https://www.ncbi.nlm.nih.gov/nuccore/KC569574,Korea,Human,124. Molecular Identification of Anginosus Group Streptococci Isolated from Korean Oral Cavities
KC569575,"Streptococcus anginosus strain ChDC B232 16S ribosomal RNA gene, partial sequence",1426.0,oral ,https://www.ncbi.nlm.nih.gov/nuccore/KC569575,Korea,Human,124. Molecular Identification of Anginosus Group Streptococci Isolated from Korean Oral Cavities
PQ222938,"Streptococcus anginosus strain D2-BN-1-58 16S ribosomal RNA gene, partial sequence",1426.0,Stool,https://www.ncbi.nlm.nih.gov/nuccore/PQ222938,South Korea,IBD patients,117. Culture-based characterization of gut microbiota in inflammatory bowel disease
KC569577,"Streptococcus anginosus strain ChDC B252 16S ribosomal RNA gene, partial sequence",1426.0,oral ,https://www.ncbi.nlm.nih.gov/nuccore/KC569577,Korea,Human,124. Molecular Identification of Anginosus Group Streptococci Isolated from Korean Oral Cavities
KC569579,"Streptococcus anginosus strain ChDC B263 16S ribosomal RNA gene, partial sequence",1426.0,oral ,https://www.ncbi.nlm.nih.gov/nuccore/KC569579,Korea,Human,124. Molecular Identification of Anginosus Group Streptococci Isolated from Korean Oral Cavities
KC569578,"Streptococcus anginosus strain ChDC B261 16S ribosomal RNA gene, partial sequence",1426.0,oral ,https://www.ncbi.nlm.nih.gov/nuccore/KC569578,Korea,Human,124. Molecular Identification of Anginosus Group Streptococci Isolated from Korean Oral Cavities
KC569581,"Streptococcus anginosus strain ChDC B311 16S ribosomal RNA gene, partial sequence",1426.0,oral ,https://www.ncbi.nlm.nih.gov/nuccore/KC569581,Korea,Human,124. Molecular Identification of Anginosus Group Streptococci Isolated from Korean Oral Cavities
KC569582,"Streptococcus anginosus strain ChDC B319 16S ribosomal RNA gene, partial sequence",1426.0,oral ,https://www.ncbi.nlm.nih.gov/nuccore/KC569582,Korea,Human,124. Molecular Identification of Anginosus Group Streptococci Isolated from Korean Oral Cavities
KC569583,"Streptococcus anginosus strain ChDC B407-I 16S ribosomal RNA gene, partial sequence",1426.0,oral ,https://www.ncbi.nlm.nih.gov/nuccore/KC569583,Korea,Human,124. Molecular Identification of Anginosus Group Streptococci Isolated from Korean Oral Cavities
KC569584,"Streptococcus anginosus strain ChDC B543 16S ribosomal RNA gene, partial sequence",1426.0,oral ,https://www.ncbi.nlm.nih.gov/nuccore/KC569584,Korea,Human,124. Molecular Identification of Anginosus Group Streptococci Isolated from Korean Oral Cavities
KC569585,"Streptococcus anginosus strain ChDC B544 16S ribosomal RNA gene, partial sequence",1426.0,oral ,https://www.ncbi.nlm.nih.gov/nuccore/KC569585,Korea,Human,124. Molecular Identification of Anginosus Group Streptococci Isolated from Korean Oral Cavities
PQ222501,"Streptococcus anginosus strain D7-N-0-77 16S ribosomal RNA gene, partial sequence",1425.0,Stool,https://www.ncbi.nlm.nih.gov/nuccore/PQ222501,South Korea,IBD patients,117. Culture-based characterization of gut microbiota in inflammatory bowel disease
MH817386,"Streptococcus anginosus strain 12 16S ribosomal RNA gene, partial sequence",1425.0,---,https://www.ncbi.nlm.nih.gov/nuccore/MH817386,---,---,Microbiological assessment of mini screws taken after treatment with orthodontic appliances with mini screws in the upper jaw area
MW090399,"Streptococcus anginosus strain 10378 16S ribosomal RNA gene, partial sequence",1423.0,---,https://www.ncbi.nlm.nih.gov/nuccore/MW090399,---,---,-----
JX678675,"Streptococcus anginosus strain P8 16S ribosomal RNA gene, partial sequence",1422.0,dental caries,https://www.ncbi.nlm.nih.gov/nuccore/JX678675,India,Human,Prevalence of Streptococcus spp. among dental caries subjects
MT903068,"Streptococcus anginosus strain 3_YM_GAM_D4_57.mj 16S ribosomal RNA gene, partial sequence",1422.0,---,https://www.ncbi.nlm.nih.gov/nuccore/MT903068,---,---,-----
MT807855,"Streptococcus anginosus strain 118.6T 16S ribosomal RNA gene, partial sequence",1421.0,Subgingival sample,https://www.ncbi.nlm.nih.gov/nuccore/MT807855,Spain,Patient,Tetracycline and multidrug resistance in the oral microbiota: differences between healthy subjects and patients with periodontitis in Spain
OQ947771,"Streptococcus anginosus strain Sdc_ortho9 16S ribosomal RNA gene, partial sequence",1421.0,oral cavity ,https://www.ncbi.nlm.nih.gov/nuccore/OQ947771,---,healthy individuals,16S rRNA gene sequencing of bacterial isolates retrieved from oral cavity samples of healthy adult individuals
MT807631,"Streptococcus anginosus strain 26.6T 16S ribosomal RNA gene, partial sequence",1420.0,Subgingival sample,https://www.ncbi.nlm.nih.gov/nuccore/MT807631,Spain,Patient,Tetracycline and multidrug resistance in the oral microbiota: differences between healthy subjects and patients with periodontitis in Spain
MT585451,"Streptococcus anginosus subsp. whileyi strain 698 16S ribosomal RNA gene, partial sequence",1420.0,---,https://www.ncbi.nlm.nih.gov/nuccore/MT585451,---,---,-----
KC569590,"Streptococcus anginosus strain ChDC B640 16S ribosomal RNA gene, partial sequence",1419.0,oral (Acute pulpitis),https://www.ncbi.nlm.nih.gov/nuccore/KC569590,Korea,Human,124. Molecular Identification of Anginosus Group Streptococci Isolated from Korean Oral Cavities
MT807630,"Streptococcus anginosus strain 26.5T 16S ribosomal RNA gene, partial sequence",1419.0,Subgingival sample,https://www.ncbi.nlm.nih.gov/nuccore/MT807630,Spain,Patient,Tetracycline and multidrug resistance in the oral microbiota: differences between healthy subjects and patients with periodontitis in Spain
MH817392,"Streptococcus anginosus strain 18 16S ribosomal RNA gene, partial sequence",1418.0,---,https://www.ncbi.nlm.nih.gov/nuccore/MH817392,---,---,Microbiological assessment of mini screws taken after treatment with orthodontic appliances with mini screws in the upper jaw area
MF578814,"Streptococcus anginosus strain K57 16S ribosomal RNA gene, partial sequence",1417.0,periodontal abscess,https://www.ncbi.nlm.nih.gov/nuccore/MF578814,---,Patient,157. Identification of Dominant BacteriaI solated From Periodontal Abscesses
JX678671,"Streptococcus anginosus strain P4 16S ribosomal RNA gene, partial sequence",1417.0,dental caries,https://www.ncbi.nlm.nih.gov/nuccore/JX678671,India,Human,Prevalence of Streptococcus spp. among dental caries subjects
OR501332,"Streptococcus anginosus strain ATCC 9895 16S ribosomal RNA gene, partial sequence",1413.0,Blood,https://www.ncbi.nlm.nih.gov/nuccore/OR501332,National Taiwan University Hospital,Patient,159. Performance assessment of the Bruker Biotyper MALDI-TOF MS for the identification of difficult-to-identify viridans group streptococci
MF578782,"Streptococcus anginosus strain K18 16S ribosomal RNA gene, partial sequence",1412.0,periodontal abscess,https://www.ncbi.nlm.nih.gov/nuccore/MF578782,---,Patient,157. Identification of Dominant Bacteria Isolated From Periodontal Abscesses
MK270132,"Streptococcus anginosus strain NA1 16S ribosomal RNA gene, partial sequence",1412.0,Subgingival samples,https://www.ncbi.nlm.nih.gov/nuccore/MK270132,"dentistry college, University of Babylon",Patient,161. A highly efficient computational discrimination among Streptococcalspecies of periodontitis patients using 16S rRNA amplicons
MT807742,"Streptococcus anginosus strain 75.1T 16S ribosomal RNA gene, partial sequence",1412.0,Subgingival sample,https://www.ncbi.nlm.nih.gov/nuccore/MT807742,Spain,Patient,Tetracycline and multidrug resistance in the oral microbiota: differences between healthy subjects and patients with periodontitis in Spain
OR501282,"Streptococcus anginosus strain V63 16S ribosomal RNA gene, partial sequence",1411.0,Blood,https://www.ncbi.nlm.nih.gov/nuccore/OR501282,National Taiwan University Hospital,Patient,159. Performance assessment of the Bruker Biotyper MALDI-TOF MS for the identification of difficult-to-identify viridans group streptococci --- jcm.01143-23
OR501317,"Streptococcus anginosus strain V101 16S ribosomal RNA gene, partial sequence",1411.0,Blood,https://www.ncbi.nlm.nih.gov/nuccore/OR501317,National Taiwan University Hospital,Patient,159. Performance assessment of the Bruker Biotyper MALDI-TOF MS for the identification of difficult-to-identify viridans group streptococci --- jcm.01143-24
OR501306,"Streptococcus anginosus strain V88 16S ribosomal RNA gene, partial sequence",1411.0,Blood,https://www.ncbi.nlm.nih.gov/nuccore/OR501306,National Taiwan University Hospital,Patient,159. Performance assessment of the Bruker Biotyper MALDI-TOF MS for the identification of difficult-to-identify viridans group streptococci --- jcm.01143-25
OR501304,"Streptococcus anginosus strain V86 16S ribosomal RNA gene, partial sequence",1411.0,Blood,https://www.ncbi.nlm.nih.gov/nuccore/OR501304,National Taiwan University Hospital,Patient,159. Performance assessment of the Bruker Biotyper MALDI-TOF MS for the identification of difficult-to-identify viridans group streptococci --- jcm.01143-26
OR501283,"Streptococcus anginosus strain V64 16S ribosomal RNA gene, partial sequence",1411.0,Blood,https://www.ncbi.nlm.nih.gov/nuccore/OR501283,National Taiwan University Hospital,Patient,159. Performance assessment of the Bruker Biotyper MALDI-TOF MS for the identification of difficult-to-identify viridans group streptococci --- jcm.01143-27
MT807854,"Streptococcus anginosus strain 118.5T 16S ribosomal RNA gene, partial sequence",1411.0,Subgingival sample,https://www.ncbi.nlm.nih.gov/nuccore/MT807854,Spain,Patient,Tetracycline and multidrug resistance in the oral microbiota: differences between healthy subjects and patients with periodontitis in Spain
OR501281,"Streptococcus anginosus strain V62 16S ribosomal RNA gene, partial sequence",1411.0,Blood,https://www.ncbi.nlm.nih.gov/nuccore/OR501281,National Taiwan University Hospital,Patient,159. Performance assessment of the Bruker Biotyper MALDI-TOF MS for the identification of difficult-to-identify viridans group streptococci --- jcm.01143-29
OR501259,"Streptococcus anginosus strain V39 16S ribosomal RNA gene, partial sequence",1411.0,Blood,https://www.ncbi.nlm.nih.gov/nuccore/OR501259,National Taiwan University Hospital,Patient,159. Performance assessment of the Bruker Biotyper MALDI-TOF MS for the identification of difficult-to-identify viridans group streptococci --- jcm.01143-30
OR501255,"Streptococcus anginosus strain V35 16S ribosomal RNA gene, partial sequence",1411.0,Blood,https://www.ncbi.nlm.nih.gov/nuccore/OR501255,National Taiwan University Hospital,Patient,159. Performance assessment of the Bruker Biotyper MALDI-TOF MS for the identification of difficult-to-identify viridans group streptococci --- jcm.01143-31
OR501251,"Streptococcus anginosus strain V31 16S ribosomal RNA gene, partial sequence",1411.0,Blood,https://www.ncbi.nlm.nih.gov/nuccore/OR501251,National Taiwan University Hospital,Patient,159. Performance assessment of the Bruker Biotyper MALDI-TOF MS for the identification of difficult-to-identify viridans group streptococci --- jcm.01143-32
OR501249,"Streptococcus anginosus strain V29 16S ribosomal RNA gene, partial sequence",1411.0,Blood,https://www.ncbi.nlm.nih.gov/nuccore/OR501249,National Taiwan University Hospital,Patient,159. Performance assessment of the Bruker Biotyper MALDI-TOF MS for the identification of difficult-to-identify viridans group streptococci --- jcm.01143-33
OR501239,"Streptococcus anginosus strain V19 16S ribosomal RNA gene, partial sequence",1411.0,Blood,https://www.ncbi.nlm.nih.gov/nuccore/OR501239,National Taiwan University Hospital,Patient,159. Performance assessment of the Bruker Biotyper MALDI-TOF MS for the identification of difficult-to-identify viridans group streptococci --- jcm.01143-34
OR501238,"Streptococcus anginosus strain V18 16S ribosomal RNA gene, partial sequence",1411.0,Blood,https://www.ncbi.nlm.nih.gov/nuccore/OR501238,National Taiwan University Hospital,Patient,159. Performance assessment of the Bruker Biotyper MALDI-TOF MS for the identification of difficult-to-identify viridans group streptococci --- jcm.01143-35
OR501229,"Streptococcus anginosus strain V8 16S ribosomal RNA gene, partial sequence",1411.0,Blood,https://www.ncbi.nlm.nih.gov/nuccore/OR501229,National Taiwan University Hospital,Patient,159. Performance assessment of the Bruker Biotyper MALDI-TOF MS for the identification of difficult-to-identify viridans group streptococci --- jcm.01143-36
OR501225,"Streptococcus anginosus strain V4 16S ribosomal RNA gene, partial sequence",1411.0,Blood,https://www.ncbi.nlm.nih.gov/nuccore/OR501225,National Taiwan University Hospital,Patient,159. Performance assessment of the Bruker Biotyper MALDI-TOF MS for the identification of difficult-to-identify viridans group streptococci --- jcm.01143-37
OR501257,"Streptococcus anginosus strain V37 16S ribosomal RNA gene, partial sequence",1411.0,Blood,https://www.ncbi.nlm.nih.gov/nuccore/OR501257,National Taiwan University Hospital,Patient,159. Performance assessment of the Bruker Biotyper MALDI-TOF MS for the identification of difficult-to-identify viridans group streptococci --- jcm.01143-38
MF578815,"Streptococcus anginosus strain K58 16S ribosomal RNA gene, partial sequence",1410.0,periodontal abscess,https://www.ncbi.nlm.nih.gov/nuccore/MF578815,---,Patient,157. Identification of Dominant Bacteria Isolated From Periodontal Abscesses
MT807694,"Streptococcus anginosus strain 53.2T 16S ribosomal RNA gene, partial sequence",1410.0,Subgingival sample,https://www.ncbi.nlm.nih.gov/nuccore/MT807694,Spain,Patient,Tetracycline and multidrug resistance in the oral microbiota: differences between healthy subjects and patients with periodontitis in Spain
MH930443,"Streptococcus anginosus subsp. whileyi strain LPB0222 16S ribosomal RNA gene, partial sequence",1410.0,---,https://www.ncbi.nlm.nih.gov/nuccore/MH930443,---,---,-----
MT807874,"Streptococcus anginosus strain 125.2T 16S ribosomal RNA gene, partial sequence",1408.0,Subgingival sample,https://www.ncbi.nlm.nih.gov/nuccore/MT807874,Spain,Patient,Tetracycline and multidrug resistance in the oral microbiota: differences between healthy subjects and patients with periodontitis in Spain
MF538609,"Streptococcus anginosus strain 4005 16S ribosomal RNA gene, partial sequence",1408.0,---,https://www.ncbi.nlm.nih.gov/nuccore/MF538609,---,Human,183. Pivotal Role of Preexisting Pathogen-Specific Antibodies in the Development of Necrotizing Soft-Tissue Infections
MT807695,"Streptococcus anginosus strain 54.1T 16S ribosomal RNA gene, partial sequence",1407.0,Subgingival sample,https://www.ncbi.nlm.nih.gov/nuccore/MT807695,Spain,Patient,Tetracycline and multidrug resistance in the oral microbiota: differences between healthy subjects and patients with periodontitis in Spain
MF538610,"Streptococcus anginosus strain 4006 16S ribosomal RNA gene, partial sequence",1407.0,---,https://www.ncbi.nlm.nih.gov/nuccore/MF538610,---,Human,183. Pivotal Role of Preexisting Pathogen-Specific Antibodies in the Development of Necrotizing Soft-Tissue Infections
MT807875,"Streptococcus anginosus strain 126.1T 16S ribosomal RNA gene, partial sequence",1406.0,Subgingival sample,https://www.ncbi.nlm.nih.gov/nuccore/MT807875,Spain,Patient,Tetracycline and multidrug resistance in the oral microbiota: differences between healthy subjects and patients with periodontitis in Spain
PV270569,"Streptococcus anginosus subsp. whileyi strain 26243 16S ribosomal RNA gene, partial sequence",1405.0,,https://www.ncbi.nlm.nih.gov/nuccore/PV270569,China,,-----
JN787186,"Streptococcus anginosus strain SK1366 16S ribosomal RNA gene, partial sequence",1404.0,throat,https://www.ncbi.nlm.nih.gov/nuccore/JN787186,Denmark,Human,Taxonomy of the Anginosus group of the genus Streptococcus and description of Streptococcus anginosus subsp. whileyi subsp. nov. and Streptococcus constellatus subsp. viborgensis subsp. nov
JN787189,"Streptococcus anginosus strain SK1322 16S ribosomal RNA gene, partial sequence",1404.0,throat,https://www.ncbi.nlm.nih.gov/nuccore/JN787189,Denmark,Human,Taxonomy of the Anginosus group of the genus Streptococcus and description of Streptococcus anginosus subsp. whileyi subsp. nov. and Streptococcus constellatus subsp. viborgensis subsp. nov
JN787188,"Streptococcus anginosus strain SK1321 16S ribosomal RNA gene, partial sequence",1404.0,throat,https://www.ncbi.nlm.nih.gov/nuccore/JN787188,Denmark,Human,Taxonomy of the Anginosus group of the genus Streptococcus and description of Streptococcus anginosus subsp. whileyi subsp. nov. and Streptococcus constellatus subsp. viborgensis subsp. nov
JN787187,"Streptococcus anginosus strain SK1395 16S ribosomal RNA gene, partial sequence",1404.0,blood,https://www.ncbi.nlm.nih.gov/nuccore/JN787187,Denmark,Human,Taxonomy of the Anginosus group of the genus Streptococcus and description of Streptococcus anginosus subsp. whileyi subsp. nov. and Streptococcus constellatus subsp. viborgensis subsp. nov
JN787182,"Streptococcus anginosus strain CCUG 44049B 16S ribosomal RNA gene, partial sequence",1404.0,vagina,https://www.ncbi.nlm.nih.gov/nuccore/JN787182,Sweden,Human,Taxonomy of the Anginosus group of the genus Streptococcus and description of Streptococcus anginosus subsp. whileyi subsp. nov. and Streptococcus constellatus subsp. viborgensis subsp. nov
JN787185,"Streptococcus anginosus strain SK1281 16S ribosomal RNA gene, partial sequence",1404.0,blood,https://www.ncbi.nlm.nih.gov/nuccore/JN787185,Denmark,Human,Taxonomy of the Anginosus group of the genus Streptococcus and description of Streptococcus anginosus subsp. whileyi subsp. nov. and Streptococcus constellatus subsp. viborgensis subsp. nov
JN787184,"Streptococcus anginosus strain SK1094 16S ribosomal RNA gene, partial sequence",1404.0,blood,https://www.ncbi.nlm.nih.gov/nuccore/JN787184,Denmark,Human,Taxonomy of the Anginosus group of the genus Streptococcus and description of Streptococcus anginosus subsp. whileyi subsp. nov. and Streptococcus constellatus subsp. viborgensis subsp. nov
JN787183,"Streptococcus anginosus strain CCUG 52051 16S ribosomal RNA gene, partial sequence",1404.0,mitralis valve,https://www.ncbi.nlm.nih.gov/nuccore/JN787183,Sweden,Human,Taxonomy of the Anginosus group of the genus Streptococcus and description of Streptococcus anginosus subsp. whileyi subsp. nov. and Streptococcus constellatus subsp. viborgensis subsp. nov
JN787191,"Streptococcus anginosus strain CCUG 32021 16S ribosomal RNA gene, partial sequence",1404.0,Unknown,https://www.ncbi.nlm.nih.gov/nuccore/JN787191,USA,Human,Taxonomy of the Anginosus group of the genus Streptococcus and description of Streptococcus anginosus subsp. whileyi subsp. nov. and Streptococcus constellatus subsp. viborgensis subsp. nov
JN787181,"Streptococcus anginosus strain CCUG 35181 16S ribosomal RNA gene, partial sequence",1404.0,Unknown,https://www.ncbi.nlm.nih.gov/nuccore/JN787181,Sweden,Human,Taxonomy of the Anginosus group of the genus Streptococcus and description of Streptococcus anginosus subsp. whileyi subsp. nov. and Streptococcus constellatus subsp. viborgensis subsp. nov
JN787190,"Streptococcus anginosus strain SK1323 16S ribosomal RNA gene, partial sequence",1404.0,throat,https://www.ncbi.nlm.nih.gov/nuccore/JN787190,Denmark,Human,Taxonomy of the Anginosus group of the genus Streptococcus and description of Streptococcus anginosus subsp. whileyi subsp. nov. and Streptococcus constellatus subsp. viborgensis subsp. nov
JN787194,"Streptococcus anginosus strain SK1324 16S ribosomal RNA gene, partial sequence",1404.0,throat,https://www.ncbi.nlm.nih.gov/nuccore/JN787194,Denmark,Human,Taxonomy of the Anginosus group of the genus Streptococcus and description of Streptococcus anginosus subsp. whileyi subsp. nov. and Streptococcus constellatus subsp. viborgensis subsp. nov
JN787192,"Streptococcus anginosus strain CCUG 32453 16S ribosomal RNA gene, partial sequence",1404.0,blood,https://www.ncbi.nlm.nih.gov/nuccore/JN787192,Sweden,Human,Taxonomy of the Anginosus group of the genus Streptococcus and description of Streptococcus anginosus subsp. whileyi subsp. nov. and Streptococcus constellatus subsp. viborgensis subsp. nov
JN787193,"Streptococcus anginosus subsp. whileyi CCUG 39159 16S ribosomal RNA gene, partial sequence",1404.0,throat,https://www.ncbi.nlm.nih.gov/nuccore/JN787193,Sweden,Human,Taxonomy of the Anginosus group of the genus Streptococcus and description of Streptococcus anginosus subsp. whileyi subsp. nov. and Streptococcus constellatus subsp. viborgensis subsp. nov
JN787179,"Streptococcus anginosus strain SK1385 16S ribosomal RNA gene, partial sequence",1404.0,blood,https://www.ncbi.nlm.nih.gov/nuccore/JN787179,Denmark,Human,Taxonomy of the Anginosus group of the genus Streptococcus and description of Streptococcus anginosus subsp. whileyi subsp. nov. and Streptococcus constellatus subsp. viborgensis subsp. nov
JN787195,"Streptococcus anginosus strain SK1325 16S ribosomal RNA gene, partial sequence",1404.0,throat,https://www.ncbi.nlm.nih.gov/nuccore/JN787195,Denmark,Human,Taxonomy of the Anginosus group of the genus Streptococcus and description of Streptococcus anginosus subsp. whileyi subsp. nov. and Streptococcus constellatus subsp. viborgensis subsp. nov
JN787196,"Streptococcus anginosus strain SK1326 16S ribosomal RNA gene, partial sequence",1404.0,throat,https://www.ncbi.nlm.nih.gov/nuccore/JN787196,Denmark,Human,Taxonomy of the Anginosus group of the genus Streptococcus and description of Streptococcus anginosus subsp. whileyi subsp. nov. and Streptococcus constellatus subsp. viborgensis subsp. nov
JN787197,"Streptococcus anginosus strain SK1330 16S ribosomal RNA gene, partial sequence",1404.0,throat,https://www.ncbi.nlm.nih.gov/nuccore/JN787197,Denmark,Human,Taxonomy of the Anginosus group of the genus Streptococcus and description of Streptococcus anginosus subsp. whileyi subsp. nov. and Streptococcus constellatus subsp. viborgensis subsp. nov
JN787198,"Streptococcus anginosus strain SK1317 16S ribosomal RNA gene, partial sequence",1404.0,throat,https://www.ncbi.nlm.nih.gov/nuccore/JN787198,Denmark,Human,Taxonomy of the Anginosus group of the genus Streptococcus and description of Streptococcus anginosus subsp. whileyi subsp. nov. and Streptococcus constellatus subsp. viborgensis subsp. nov
JN787199,"Streptococcus anginosus strain SK1334 16S ribosomal RNA gene, partial sequence",1404.0,throat,https://www.ncbi.nlm.nih.gov/nuccore/JN787199,Denmark,Human,Taxonomy of the Anginosus group of the genus Streptococcus and description of Streptococcus anginosus subsp. whileyi subsp. nov. and Streptococcus constellatus subsp. viborgensis subsp. nov
JN787200,"Streptococcus anginosus strain SK1335 16S ribosomal RNA gene, partial sequence",1404.0,throat,https://www.ncbi.nlm.nih.gov/nuccore/JN787200,Denmark,Human,Taxonomy of the Anginosus group of the genus Streptococcus and description of Streptococcus anginosus subsp. whileyi subsp. nov. and Streptococcus constellatus subsp. viborgensis subsp. nov
JN787201,"Streptococcus anginosus strain SK1340 16S ribosomal RNA gene, partial sequence",1404.0,throat,https://www.ncbi.nlm.nih.gov/nuccore/JN787201,Denmark,Human,Taxonomy of the Anginosus group of the genus Streptococcus and description of Streptococcus anginosus subsp. whileyi subsp. nov. and Streptococcus constellatus subsp. viborgensis subsp. nov
JN787180,"Streptococcus anginosus strain SK1416 16S ribosomal RNA gene, partial sequence",1404.0,blood,https://www.ncbi.nlm.nih.gov/nuccore/JN787180,Denmark,Human,Taxonomy of the Anginosus group of the genus Streptococcus and description of Streptococcus anginosus subsp. whileyi subsp. nov. and Streptococcus constellatus subsp. viborgensis subsp. nov
JN787175,"Streptococcus anginosus strain SK1106 16S ribosomal RNA gene, partial sequence",1404.0,blood,https://www.ncbi.nlm.nih.gov/nuccore/JN787175,Denmark,Human,Taxonomy of the Anginosus group of the genus Streptococcus and description of Streptococcus anginosus subsp. whileyi subsp. nov. and Streptococcus constellatus subsp. viborgensis subsp. nov
JN787178,"Streptococcus anginosus strain SK1428 16S ribosomal RNA gene, partial sequence",1404.0,blood,https://www.ncbi.nlm.nih.gov/nuccore/JN787178,Denmark,Human,Taxonomy of the Anginosus group of the genus Streptococcus and description of Streptococcus anginosus subsp. whileyi subsp. nov. and Streptococcus constellatus subsp. viborgensis subsp. nov
JN787165,"Streptococcus anginosus strain SK1393 16S ribosomal RNA gene, partial sequence",1404.0,blood,https://www.ncbi.nlm.nih.gov/nuccore/JN787165,Denmark,Human,Taxonomy of the Anginosus group of the genus Streptococcus and description of Streptococcus anginosus subsp. whileyi subsp. nov. and Streptococcus constellatus subsp. viborgensis subsp. nov
NR_118320,"Streptococcus anginosus subsp. whileyi strain CCUG 39159 16S ribosomal RNA, partial sequence",1404.0,throat,https://www.ncbi.nlm.nih.gov/nuccore/NR_118320,Sweden,Human,Taxonomy of the Anginosus group of the genus Streptococcus and description of Streptococcus anginosus subsp. whileyi subsp. nov. and Streptococcus constellatus subsp. viborgensis subsp. nov.
JX993433,"Streptococcus anginosus strain CO1 16S ribosomal RNA gene, partial sequence",1404.0,oral,https://www.ncbi.nlm.nih.gov/nuccore/JX993433,Japan,Human,Taxonomy of the Anginosus group of the genus Streptococcus and description of Streptococcus anginosus subsp. whileyi subsp. nov. and Streptococcus constellatus subsp. viborgensis subsp. nov.
JX993434,"Streptococcus anginosus strain CO2 16S ribosomal RNA gene, partial sequence",1404.0,oral,https://www.ncbi.nlm.nih.gov/nuccore/JX993434,Japan,Human,Taxonomy of the Anginosus group of the genus Streptococcus and description of Streptococcus anginosus subsp. whileyi subsp. nov. and Streptococcus constellatus subsp. viborgensis subsp. nov.
JX993435,"Streptococcus anginosus subsp. whileyi strain CO3B 16S ribosomal RNA gene, partial sequence",1404.0,oral,https://www.ncbi.nlm.nih.gov/nuccore/JX993435,Japan,Human,Taxonomy of the Anginosus group of the genus Streptococcus and description of Streptococcus anginosus subsp. whileyi subsp. nov. and Streptococcus constellatus subsp. viborgensis subsp. nov.
JX993436,"Streptococcus anginosus subsp. whileyi strain CO4B 16S ribosomal RNA gene, partial sequence",1404.0,oral,https://www.ncbi.nlm.nih.gov/nuccore/JX993436,Japan,Human,Taxonomy of the Anginosus group of the genus Streptococcus and description of Streptococcus anginosus subsp. whileyi subsp. nov. and Streptococcus constellatus subsp. viborgensis subsp. nov.
JX993438,"Streptococcus anginosus strain SK443 16S ribosomal RNA gene, partial sequence",1404.0,oral,https://www.ncbi.nlm.nih.gov/nuccore/JX993438,Japan,Human,Taxonomy of the Anginosus group of the genus Streptococcus and description of Streptococcus anginosus subsp. whileyi subsp. nov. and Streptococcus constellatus subsp. viborgensis subsp. nov.
JX993448,"Streptococcus anginosus strain SK534 16S ribosomal RNA gene, partial sequence",1404.0,oral,https://www.ncbi.nlm.nih.gov/nuccore/JX993448,Japan,Human,Taxonomy of the Anginosus group of the genus Streptococcus and description of Streptococcus anginosus subsp. whileyi subsp. nov. and Streptococcus constellatus subsp. viborgensis subsp. nov.
KC628749,"Streptococcus anginosus strain D3 16S ribosomal RNA gene, partial sequence",1404.0,subgingival calculus,https://www.ncbi.nlm.nih.gov/nuccore/KC628749,Sample: Atatürk University turkey,Patient,Investigation of in vitro Mineral Forming Bacterial Isolates from Subgingival Calculus
JN787164,"Streptococcus anginosus strain SK1390 16S ribosomal RNA gene, partial sequence",1404.0,blood,https://www.ncbi.nlm.nih.gov/nuccore/JN787164,Denmark,Human,Taxonomy of the Anginosus group of the genus Streptococcus and description of Streptococcus anginosus subsp. whileyi subsp. nov. and Streptococcus constellatus subsp. viborgensis subsp. nov.
JN787166,"Streptococcus anginosus strain SK1396 16S ribosomal RNA gene, partial sequence",1404.0,blood,https://www.ncbi.nlm.nih.gov/nuccore/JN787166,Denmark,Human,Taxonomy of the Anginosus group of the genus Streptococcus and description of Streptococcus anginosus subsp. whileyi subsp. nov. and Streptococcus constellatus subsp. viborgensis subsp. nov.
JN787177,"Streptococcus anginosus strain SK1138 16S ribosomal RNA gene, partial sequence",1404.0,blood,https://www.ncbi.nlm.nih.gov/nuccore/JN787177,Denmark,Human,Taxonomy of the Anginosus group of the genus Streptococcus and description of Streptococcus anginosus subsp. whileyi subsp. nov. and Streptococcus constellatus subsp. viborgensis subsp. nov.
JN787167,"Streptococcus anginosus strain SK1401 16S ribosomal RNA gene, partial sequence",1404.0,blood,https://www.ncbi.nlm.nih.gov/nuccore/JN787167,Denmark,Human,Taxonomy of the Anginosus group of the genus Streptococcus and description of Streptococcus anginosus subsp. whileyi subsp. nov. and Streptococcus constellatus subsp. viborgensis subsp. nov.
JN787168,"Streptococcus anginosus strain SK1402 16S ribosomal RNA gene, partial sequence",1404.0,blood,https://www.ncbi.nlm.nih.gov/nuccore/JN787168,Denmark,Human,Taxonomy of the Anginosus group of the genus Streptococcus and description of Streptococcus anginosus subsp. whileyi subsp. nov. and Streptococcus constellatus subsp. viborgensis subsp. nov.
JN787169,"Streptococcus anginosus SK52 = DSM 20563 16S ribosomal RNA gene, partial sequence",1404.0,throat,https://www.ncbi.nlm.nih.gov/nuccore/JN787169,Confusion ,Human,Taxonomy of the Anginosus group of the genus Streptococcus and description of Streptococcus anginosus subsp. whileyi subsp. nov. and Streptococcus constellatus subsp. viborgensis subsp. nov.
JN787170,"Streptococcus anginosus strain CCUG 28195 16S ribosomal RNA gene, partial sequence",1404.0,blood,https://www.ncbi.nlm.nih.gov/nuccore/JN787170,USA,Human,Taxonomy of the Anginosus group of the genus Streptococcus and description of Streptococcus anginosus subsp. whileyi subsp. nov. and Streptococcus constellatus subsp. viborgensis subsp. nov.
JN787171,"Streptococcus anginosus strain CCUG 11668 16S ribosomal RNA gene, partial sequence",1404.0,Unknown,https://www.ncbi.nlm.nih.gov/nuccore/JN787171,USA,Human,Taxonomy of the Anginosus group of the genus Streptococcus and description of Streptococcus anginosus subsp. whileyi subsp. nov. and Streptococcus constellatus subsp. viborgensis subsp. nov.
JN787173,"Streptococcus anginosus strain CCUG 32886 16S ribosomal RNA gene, partial sequence",1404.0,pleura,https://www.ncbi.nlm.nih.gov/nuccore/JN787173,Sweden,Human,Taxonomy of the Anginosus group of the genus Streptococcus and description of Streptococcus anginosus subsp. whileyi subsp. nov. and Streptococcus constellatus subsp. viborgensis subsp. nov.
JN787174,"Streptococcus anginosus strain SK1102 16S ribosomal RNA gene, partial sequence",1404.0,blood,https://www.ncbi.nlm.nih.gov/nuccore/JN787174,Denmark,Human,Taxonomy of the Anginosus group of the genus Streptococcus and description of Streptococcus anginosus subsp. whileyi subsp. nov. and Streptococcus constellatus subsp. viborgensis subsp. nov.
JN787203,"Streptococcus anginosus strain SK1344 16S ribosomal RNA gene, partial sequence",1404.0,throat,https://www.ncbi.nlm.nih.gov/nuccore/JN787203,Denmark,Human,Taxonomy of the Anginosus group of the genus Streptococcus and description of Streptococcus anginosus subsp. whileyi subsp. nov. and Streptococcus constellatus subsp. viborgensis subsp. nov.
JN787176,"Streptococcus anginosus strain SK1426 16S ribosomal RNA gene, partial sequence",1404.0,liver abscess,https://www.ncbi.nlm.nih.gov/nuccore/JN787176,Denmark,Human,Taxonomy of the Anginosus group of the genus Streptococcus and description of Streptococcus anginosus subsp. whileyi subsp. nov. and Streptococcus constellatus subsp. viborgensis subsp. nov.
JN787202,"Streptococcus anginosus strain SK1341 16S ribosomal RNA gene, partial sequence",1404.0,throat,https://www.ncbi.nlm.nih.gov/nuccore/JN787202,Denmark,Human,Taxonomy of the Anginosus group of the genus Streptococcus and description of Streptococcus anginosus subsp. whileyi subsp. nov. and Streptococcus constellatus subsp. viborgensis subsp. nov.
JN787172,"Streptococcus anginosus strain CCUG 32852 16S ribosomal RNA gene, partial sequence",1404.0,pleura,https://www.ncbi.nlm.nih.gov/nuccore/JN787172,Sweden,Human,Taxonomy of the Anginosus group of the genus Streptococcus and description of Streptococcus anginosus subsp. whileyi subsp. nov. and Streptococcus constellatus subsp. viborgensis subsp. nov.
JN787204,"Streptococcus anginosus strain SK1345 16S ribosomal RNA gene, partial sequence",1404.0,throat,https://www.ncbi.nlm.nih.gov/nuccore/JN787204,Denmark,Human,Taxonomy of the Anginosus group of the genus Streptococcus and description of Streptococcus anginosus subsp. whileyi subsp. nov. and Streptococcus constellatus subsp. viborgensis subsp. nov.
JN787205,"Streptococcus anginosus strain SK1347 16S ribosomal RNA gene, partial sequence",1404.0,throat,https://www.ncbi.nlm.nih.gov/nuccore/JN787205,Denmark,Human,Taxonomy of the Anginosus group of the genus Streptococcus and description of Streptococcus anginosus subsp. whileyi subsp. nov. and Streptococcus constellatus subsp. viborgensis subsp. nov.
JN787220,"Streptococcus anginosus strain SK1320 16S ribosomal RNA gene, partial sequence",1404.0,throat,https://www.ncbi.nlm.nih.gov/nuccore/JN787220,Denmark,Human,Taxonomy of the Anginosus group of the genus Streptococcus and description of Streptococcus anginosus subsp. whileyi subsp. nov. and Streptococcus constellatus subsp. viborgensis subsp. nov.
JN787219,"Streptococcus anginosus strain SK1383 16S ribosomal RNA gene, partial sequence",1404.0,throat,https://www.ncbi.nlm.nih.gov/nuccore/JN787219,Denmark,Human,Taxonomy of the Anginosus group of the genus Streptococcus and description of Streptococcus anginosus subsp. whileyi subsp. nov. and Streptococcus constellatus subsp. viborgensis subsp. nov.
JN787218,"Streptococcus anginosus strain SK1380 16S ribosomal RNA gene, partial sequence",1404.0,throat,https://www.ncbi.nlm.nih.gov/nuccore/JN787218,Denmark,Human,Taxonomy of the Anginosus group of the genus Streptococcus and description of Streptococcus anginosus subsp. whileyi subsp. nov. and Streptococcus constellatus subsp. viborgensis subsp. nov.
JN787217,"Streptococcus anginosus strain SK1377 16S ribosomal RNA gene, partial sequence",1404.0,throat,https://www.ncbi.nlm.nih.gov/nuccore/JN787217,Denmark,Human,Taxonomy of the Anginosus group of the genus Streptococcus and description of Streptococcus anginosus subsp. whileyi subsp. nov. and Streptococcus constellatus subsp. viborgensis subsp. nov.
JN787216,"Streptococcus anginosus strain SK1319 16S ribosomal RNA gene, partial sequence",1404.0,throat,https://www.ncbi.nlm.nih.gov/nuccore/JN787216,Denmark,Human,Taxonomy of the Anginosus group of the genus Streptococcus and description of Streptococcus anginosus subsp. whileyi subsp. nov. and Streptococcus constellatus subsp. viborgensis subsp. nov.
JN787215,"Streptococcus anginosus strain SK1369 16S ribosomal RNA gene, partial sequence",1404.0,throat,https://www.ncbi.nlm.nih.gov/nuccore/JN787215,Denmark,Human,Taxonomy of the Anginosus group of the genus Streptococcus and description of Streptococcus anginosus subsp. whileyi subsp. nov. and Streptococcus constellatus subsp. viborgensis subsp. nov.
JN787214,"Streptococcus anginosus strain SK1368 16S ribosomal RNA gene, partial sequence",1404.0,throat,https://www.ncbi.nlm.nih.gov/nuccore/JN787214,Denmark,Human,Taxonomy of the Anginosus group of the genus Streptococcus and description of Streptococcus anginosus subsp. whileyi subsp. nov. and Streptococcus constellatus subsp. viborgensis subsp. nov.
JN787213,"Streptococcus anginosus strain SK1363 16S ribosomal RNA gene, partial sequence",1404.0,throat,https://www.ncbi.nlm.nih.gov/nuccore/JN787213,Denmark,Human,Taxonomy of the Anginosus group of the genus Streptococcus and description of Streptococcus anginosus subsp. whileyi subsp. nov. and Streptococcus constellatus subsp. viborgensis subsp. nov.
JN787212,"Streptococcus anginosus strain SK1362 16S ribosomal RNA gene, partial sequence",1404.0,throat,https://www.ncbi.nlm.nih.gov/nuccore/JN787212,Denmark,Human,Taxonomy of the Anginosus group of the genus Streptococcus and description of Streptococcus anginosus subsp. whileyi subsp. nov. and Streptococcus constellatus subsp. viborgensis subsp. nov.
JN787211,"Streptococcus anginosus strain SK1357 16S ribosomal RNA gene, partial sequence",1404.0,throat,https://www.ncbi.nlm.nih.gov/nuccore/JN787211,Denmark,Human,Taxonomy of the Anginosus group of the genus Streptococcus and description of Streptococcus anginosus subsp. whileyi subsp. nov. and Streptococcus constellatus subsp. viborgensis subsp. nov.
JN787210,"Streptococcus anginosus strain SK1356 16S ribosomal RNA gene, partial sequence",1404.0,throat,https://www.ncbi.nlm.nih.gov/nuccore/JN787210,Denmark,Human,Taxonomy of the Anginosus group of the genus Streptococcus and description of Streptococcus anginosus subsp. whileyi subsp. nov. and Streptococcus constellatus subsp. viborgensis subsp. nov.
JN787209,"Streptococcus anginosus strain SK1355 16S ribosomal RNA gene, partial sequence",1404.0,throat,https://www.ncbi.nlm.nih.gov/nuccore/JN787209,Denmark,Human,Taxonomy of the Anginosus group of the genus Streptococcus and description of Streptococcus anginosus subsp. whileyi subsp. nov. and Streptococcus constellatus subsp. viborgensis subsp. nov.
JN787208,"Streptococcus anginosus strain SK1318 16S ribosomal RNA gene, partial sequence",1404.0,throat,https://www.ncbi.nlm.nih.gov/nuccore/JN787208,Denmark,Human,Taxonomy of the Anginosus group of the genus Streptococcus and description of Streptococcus anginosus subsp. whileyi subsp. nov. and Streptococcus constellatus subsp. viborgensis subsp. nov.
JN787207,"Streptococcus anginosus strain SK1350 16S ribosomal RNA gene, partial sequence",1404.0,throat,https://www.ncbi.nlm.nih.gov/nuccore/JN787207,Denmark,Human,Taxonomy of the Anginosus group of the genus Streptococcus and description of Streptococcus anginosus subsp. whileyi subsp. nov. and Streptococcus constellatus subsp. viborgensis subsp. nov.
JN787206,"Streptococcus anginosus strain SK1348 16S ribosomal RNA gene, partial sequence",1404.0,throat,https://www.ncbi.nlm.nih.gov/nuccore/JN787206,Denmark,Human,Taxonomy of the Anginosus group of the genus Streptococcus and description of Streptococcus anginosus subsp. whileyi subsp. nov. and Streptococcus constellatus subsp. viborgensis subsp. nov.
MT807654,"Streptococcus anginosus strain 33.5T 16S ribosomal RNA gene, partial sequence",1403.0,Subgingival sample,https://www.ncbi.nlm.nih.gov/nuccore/MT807654,Spain,Patient,Tetracycline and multidrug resistance in the oral microbiota: differences between healthy subjects and patients with periodontitis in Spain
MF578816,"Streptococcus anginosus strain K59 16S ribosomal RNA gene, partial sequence",1403.0,periodontal abscess,https://www.ncbi.nlm.nih.gov/nuccore/MF578816,---,Patient,160. Identification of Dominant Bacteria Isolated From Periodontal Abscesses
QSDO01000081,"Streptococcus anginosus strain AM58-6 AM58-6.Scaf81, whole genome shotgun sequence",1403.0,feces,https://www.ncbi.nlm.nih.gov/nuccore/QSDO01000081,China: Shenzhen,Human,A genome reference for cultivated species of the human gut microbiota
MT585448,"Streptococcus anginosus subsp. whileyi strain 690 16S ribosomal RNA gene, partial sequence",1403.0,---,https://www.ncbi.nlm.nih.gov/nuccore/MT585448,---,---,-----
KC628758,"Streptococcus anginosus strain D13 16S ribosomal RNA gene, partial sequence",1402.0,dental calculus (subgingival calculus),https://www.ncbi.nlm.nih.gov/nuccore/KC628758,Sample: Atatürk University turkey,Patient,221. Investigation of in vitro Mineral Forming Bacterial Isolates from Subgingival Calculus
AB355609,"Streptococcus anginosus gene for 16S ribosomal RNA, partial sequence, strain: ATCC 33397",1399.0,---,https://www.ncbi.nlm.nih.gov/nuccore/AB355609,,Type strain,Molecular and enzymatic characterization of bC-S lyase in Streptococcus constellatus
AB355612,"Streptococcus anginosus gene for 16S ribosomal RNA, partial sequence, strain: IMU107",1399.0,"Abscess, tonsil",https://www.ncbi.nlm.nih.gov/nuccore/AB355612,"Iwate Medical University Hospital, Morioka, Japan",Clinical specimens,Molecular and enzymatic characterization of bC-S lyase in Streptococcus constellatus
AB355613,"Streptococcus anginosus gene for 16S ribosomal RNA, partial sequence, strain: IMU112",1399.0,"Abscess, peritoneum",https://www.ncbi.nlm.nih.gov/nuccore/AB355613,"Iwate Medical University Hospital, Morioka, Japan",Clinical specimens,Molecular and enzymatic characterization of bC-S lyase in Streptococcus constellatus
AB355614,"Streptococcus anginosus gene for 16S ribosomal RNA, partial sequence, strain: IMU114",1399.0,"Abscess, skin",https://www.ncbi.nlm.nih.gov/nuccore/AB355614,"Iwate Medical University Hospital, Morioka, Japan",Clinical specimens,Molecular and enzymatic characterization of bC-S lyase in Streptococcus constellatus
AB355615,"Streptococcus anginosus gene for 16S ribosomal RNA, partial sequence, strain: FW73",1399.0,---,https://www.ncbi.nlm.nih.gov/nuccore/AB355615,---,---,Molecular and enzymatic characterization of bC-S lyase in Streptococcus constellatus
NR_112705,"Streptococcus anginosus SK52 = DSM 20563 16S ribosomal RNA, partial sequence",1399.0,---,https://www.ncbi.nlm.nih.gov/nuccore/NR_112705,---,---,Confused
AB355610,"Streptococcus anginosus gene for 16S ribosomal RNA, partial sequence, strain: IMU102",1399.0,"Abscess, skin",https://www.ncbi.nlm.nih.gov/nuccore/AB355610,"Iwate Medical University Hospital, Morioka, Japan",Clinical specimens,Molecular and enzymatic characterization of bC-S lyase in Streptococcus constellatus
MT807741,"Streptococcus anginosus strain 74.2T 16S ribosomal RNA gene, partial sequence",1399.0,Subgingival sample,https://www.ncbi.nlm.nih.gov/nuccore/MT807741,Spain,Patient,Tetracycline and multidrug resistance in the oral microbiota: differences between healthy subjects and patients with periodontitis in Spain
MT807726,"Streptococcus anginosus strain 66.2T 16S ribosomal RNA gene, partial sequence",1398.0,Subgingival sample,https://www.ncbi.nlm.nih.gov/nuccore/MT807726,Spain,Patient,Tetracycline and multidrug resistance in the oral microbiota: differences between healthy subjects and patients with periodontitis in Spain
AB355611,"Streptococcus anginosus gene for 16S ribosomal RNA, partial sequence, strain: IMU103",1397.0,"Abscess, abdomen",https://www.ncbi.nlm.nih.gov/nuccore/AB355611,"Iwate Medical University Hospital, Morioka, Japan",Clinical specimens,Molecular and enzymatic characterization of bC-S lyase in Streptococcus constellatus
MT585452,"Streptococcus anginosus subsp. whileyi strain 699 16S ribosomal RNA gene, partial sequence",1396.0,---,https://www.ncbi.nlm.nih.gov/nuccore/MT585452,---,---,-----
MT807472,"Streptococcus anginosus strain 454.1 16S ribosomal RNA gene, partial sequence",1392.0,Subgingival sample,https://www.ncbi.nlm.nih.gov/nuccore/MT807472,Spain,Patient,Tetracycline and multidrug resistance in the oral microbiota: differences between healthy subjects and patients with periodontitis in Spain
MT807725,"Streptococcus anginosus strain 66.1T 16S ribosomal RNA gene, partial sequence",1390.0,Subgingival sample,https://www.ncbi.nlm.nih.gov/nuccore/MT807725,Spain,Patient,Tetracycline and multidrug resistance in the oral microbiota: differences between healthy subjects and patients with periodontitis in Spain
MT807578,"Streptococcus anginosus strain 15.3T 16S ribosomal RNA gene, partial sequence",1389.0,Subgingival sample,https://www.ncbi.nlm.nih.gov/nuccore/MT807578,Spain,Patient,Tetracycline and multidrug resistance in the oral microbiota: differences between healthy subjects and patients with periodontitis in Spain
MT807646,"Streptococcus anginosus strain 31.1T 16S ribosomal RNA gene, partial sequence",1389.0,Subgingival sample,https://www.ncbi.nlm.nih.gov/nuccore/MT807646,Spain,Patient,Tetracycline and multidrug resistance in the oral microbiota: differences between healthy subjects and patients with periodontitis in Spain
MH817660,"Streptococcus anginosus strain 1 16S ribosomal RNA gene, partial sequence",1388.0,---,https://www.ncbi.nlm.nih.gov/nuccore/MH817660,---,---,Microbiological assessment of mini screws taken after treatment with orthodontic appliances with mini screws in the upper jaw area
MH817391,"Streptococcus anginosus strain 17 16S ribosomal RNA gene, partial sequence",1388.0,---,https://www.ncbi.nlm.nih.gov/nuccore/MH817391,---,---,Microbiological assessment of mini screws taken after treatment with orthodontic appliances with mini screws in the upper jaw area
MT807287,"Streptococcus anginosus strain 332.1 16S ribosomal RNA gene, partial sequence",1386.0,Subgingival sample,https://www.ncbi.nlm.nih.gov/nuccore/MT807287,Spain,Patient,Tetracycline and multidrug resistance in the oral microbiota: differences between healthy subjects and patients with periodontitis in Spain
MT807824,"Streptococcus anginosus strain 110.2T 16S ribosomal RNA gene, partial sequence",1382.0,Subgingival sample,https://www.ncbi.nlm.nih.gov/nuccore/MT807824,Spain,Patient,Tetracycline and multidrug resistance in the oral microbiota: differences between healthy subjects and patients with periodontitis in Spain
MT807830,"Streptococcus anginosus strain 111.4T 16S ribosomal RNA gene, partial sequence",1382.0,Subgingival sample,https://www.ncbi.nlm.nih.gov/nuccore/MT807830,Spain,Patient,Tetracycline and multidrug resistance in the oral microbiota: differences between healthy subjects and patients with periodontitis in Spain
MT807409,"Streptococcus anginosus strain 412.3 16S ribosomal RNA gene, partial sequence",1381.0,Subgingival sample,https://www.ncbi.nlm.nih.gov/nuccore/MT807409,Spain,Patient,Tetracycline and multidrug resistance in the oral microbiota: differences between healthy subjects and patients with periodontitis in Spain
MT807823,"Streptococcus anginosus strain 110.1T 16S ribosomal RNA gene, partial sequence",1380.0,Subgingival sample,https://www.ncbi.nlm.nih.gov/nuccore/MT807823,Spain,Patient,Tetracycline and multidrug resistance in the oral microbiota: differences between healthy subjects and patients with periodontitis in Spain
MH817390,"Streptococcus anginosus strain 16 16S ribosomal RNA gene, partial sequence",1380.0,---,https://www.ncbi.nlm.nih.gov/nuccore/MH817390,---,---,Microbiological assessment of mini screws taken after treatment with orthodontic appliances with mini screws in the upper jaw area
MT807562,"Streptococcus anginosus strain 11.3T 16S ribosomal RNA gene, partial sequence",1380.0,Subgingival sample,https://www.ncbi.nlm.nih.gov/nuccore/MT807562,Spain,Patient,Tetracycline and multidrug resistance in the oral microbiota: differences between healthy subjects and patients with periodontitis in Spain
MT807829,"Streptococcus anginosus strain 111.3T 16S ribosomal RNA gene, partial sequence",1379.0,Subgingival sample,https://www.ncbi.nlm.nih.gov/nuccore/MT807829,Spain,Patient,Tetracycline and multidrug resistance in the oral microbiota: differences between healthy subjects and patients with periodontitis in Spain
MT807825,"Streptococcus anginosus strain 110.3T 16S ribosomal RNA gene, partial sequence",1378.0,Subgingival sample,https://www.ncbi.nlm.nih.gov/nuccore/MT807825,Spain,Patient,Tetracycline and multidrug resistance in the oral microbiota: differences between healthy subjects and patients with periodontitis in Spain
MT807380,"Streptococcus anginosus strain 387.2 16S ribosomal RNA gene, partial sequence",1375.0,Subgingival sample,https://www.ncbi.nlm.nih.gov/nuccore/MT807380,Spain,Patient,Tetracycline and multidrug resistance in the oral microbiota: differences between healthy subjects and patients with periodontitis in Spain
MH997762,"Streptococcus anginosus strain 31 16S ribosomal RNA gene, partial sequence",1373.0,---,https://www.ncbi.nlm.nih.gov/nuccore/MH997762,---,---,-----
MT807442,"Streptococcus anginosus strain 430.1 16S ribosomal RNA gene, partial sequence",1372.0,Subgingival sample,https://www.ncbi.nlm.nih.gov/nuccore/MT807442,Spain,Patient,Tetracycline and multidrug resistance in the oral microbiota: differences between healthy subjects and patients with periodontitis in Spain
MT807410,"Streptococcus anginosus strain 412.4 16S ribosomal RNA gene, partial sequence",1371.0,Subgingival sample,https://www.ncbi.nlm.nih.gov/nuccore/MT807410,Spain,Patient,Tetracycline and multidrug resistance in the oral microbiota: differences between healthy subjects and patients with periodontitis in Spain
MT807827,"Streptococcus anginosus strain 111.1T 16S ribosomal RNA gene, partial sequence",1370.0,Subgingival sample,https://www.ncbi.nlm.nih.gov/nuccore/MT807827,Spain,Patient,Tetracycline and multidrug resistance in the oral microbiota: differences between healthy subjects and patients with periodontitis in Spain
MT807495,"Streptococcus anginosus strain 464.1M 16S ribosomal RNA gene, partial sequence",1370.0,Subgingival sample,https://www.ncbi.nlm.nih.gov/nuccore/MT807495,Spain,Patient,Tetracycline and multidrug resistance in the oral microbiota: differences between healthy subjects and patients with periodontitis in Spain
MT807563,"Streptococcus anginosus strain 11.4T 16S ribosomal RNA gene, partial sequence",1365.0,Subgingival sample,https://www.ncbi.nlm.nih.gov/nuccore/MT807563,Spain,Patient,Tetracycline and multidrug resistance in the oral microbiota: differences between healthy subjects and patients with periodontitis in Spain
MT807381,"Streptococcus anginosus strain 387.3 16S ribosomal RNA gene, partial sequence",1364.0,Subgingival sample,https://www.ncbi.nlm.nih.gov/nuccore/MT807381,Spain,Patient,Tetracycline and multidrug resistance in the oral microbiota: differences between healthy subjects and patients with periodontitis in Spain
MH817378,"Streptococcus anginosus strain 2 16S ribosomal RNA gene, partial sequence",1364.0,---,https://www.ncbi.nlm.nih.gov/nuccore/MH817378,---,---,Microbiological assessment of mini screws taken after treatment with orthodontic appliances with mini screws in the upper jaw area
AB006119,"Streptococcus anginosus gene for 16S rRNA, partial sequence, strain: GTC820",1363.0,---,https://www.ncbi.nlm.nih.gov/nuccore/AB006119,,,Determination of 23S rRNA sequences from members of the genus Streptococcus and characterization of genetically distinct organisms previously identi¢ed as members of the Streptococcus anginosus group
MT807467,"Streptococcus anginosus strain 452.4 16S ribosomal RNA gene, partial sequence",1362.0,Subgingival sample,https://www.ncbi.nlm.nih.gov/nuccore/MT807467,Spain,Patient,Tetracycline and multidrug resistance in the oral microbiota: differences between healthy subjects and patients with periodontitis in Spain
MT807231,"Streptococcus anginosus strain 303.1 16S ribosomal RNA gene, partial sequence",1359.0,Subgingival sample,https://www.ncbi.nlm.nih.gov/nuccore/MT807231,Spain,Patient,Tetracycline and multidrug resistance in the oral microbiota: differences between healthy subjects and patients with periodontitis in Spain
MT807232,"Streptococcus anginosus strain 303.4 16S ribosomal RNA gene, partial sequence",1359.0,Subgingival sample,https://www.ncbi.nlm.nih.gov/nuccore/MT807232,Spain,Patient,Tetracycline and multidrug resistance in the oral microbiota: differences between healthy subjects and patients with periodontitis in Spain
MH997758,"Streptococcus anginosus strain 22 16S ribosomal RNA gene, partial sequence",1357.0,---,https://www.ncbi.nlm.nih.gov/nuccore/MH997758,---,---,-----
AB006120,"Streptococcus anginosus gene for 16S rRNA, partial sequence, strain: GTC821",1355.0,---,https://www.ncbi.nlm.nih.gov/nuccore/AB006120,---,---,Determination of 23S rRNA sequences from members of the genus Streptococcus and characterization of genetically distinct organisms previously identi¢ed as members of the Streptococcus anginosus group
MT807213,"Streptococcus anginosus strain 296.2 16S ribosomal RNA gene, partial sequence",1349.0,Subgingival sample,https://www.ncbi.nlm.nih.gov/nuccore/MT807213,Spain,Patient,Tetracycline and multidrug resistance in the oral microbiota: differences between healthy subjects and patients with periodontitis in Spain
MK131295,"Streptococcus anginosus strain 60P.2B1 16S ribosomal RNA gene, partial sequence",1339.0,cervicovaginal fluid sample,https://www.ncbi.nlm.nih.gov/nuccore/MK131295,Mexico,Women,Changes in the diversity of local cervical bacteria in women with cervical cancer receiving antineoplastic treatment
MH817662,"Streptococcus anginosus strain 3 16S ribosomal RNA gene, partial sequence",1339.0,---,https://www.ncbi.nlm.nih.gov/nuccore/MH817662,---,---,Microbiological assessment of mini screws taken after treatment with orthodontic appliances with mini screws in the upper jaw area
NR_118937,"Streptococcus anginosus strain NCTC 10713 16S ribosomal RNA, partial sequence",1334.0,---,https://www.ncbi.nlm.nih.gov/nuccore/NR_118937,---,---,Intrageneric structure of Streptococcus based on comparative analysis of small-subunit rRNA sequences
X58309,S.anginosus 16S rRNA,1334.0,---,https://www.ncbi.nlm.nih.gov/nuccore/X58309,---,---,Intrageneric structure of Streptococcus based on comparative analysis of small-subunit rRNA sequences
ON055608,"Streptococcus anginosus subsp. anginosus strain RMB013 16S ribosomal RNA gene, partial sequence",1333.0,,https://www.ncbi.nlm.nih.gov/nuccore/ON055608,,,-----
MT807441,"Streptococcus anginosus strain 429.4 16S ribosomal RNA gene, partial sequence",1317.0,Subgingival sample,https://www.ncbi.nlm.nih.gov/nuccore/MT807441,Spain,Patient,Tetracycline and multidrug resistance in the oral microbiota: differences between healthy subjects and patients with periodontitis in Spain
MH813973,"Streptococcus anginosus strain MCA12 16S ribosomal RNA gene, partial sequence",1314.0,---,https://www.ncbi.nlm.nih.gov/nuccore/MH813973,---,---,Microbiological assessment of mini screws taken after treatment with orthodontic appliances with mini screws in the upper jaw area
MG675045,"Streptococcus anginosus strain BM15 16S ribosomal RNA gene, partial sequence",1296.0,buccal surface,https://www.ncbi.nlm.nih.gov/nuccore/MG675045,India,Human,Exploring Streptococcus spp. for forensic application
PP825757,"Streptococcus anginosus strain MP18-4 16S ribosomal RNA gene, partial sequence",1292.0,---,https://www.ncbi.nlm.nih.gov/nuccore/PP825757,South Korea,---,-----
MK330515,"Streptococcus anginosus strain 4188_08 16S ribosomal RNA gene, partial sequence",1288.0,clinical isolate,https://www.ncbi.nlm.nih.gov/nuccore/MK330515,---,clinical isolate,Development of a reference data set for assigning Streptococcus and Enterococcus species based on next generation sequencing of the 16S–23S rRNA region
MT535860,"Streptococcus anginosus strain 4734_08 16S ribosomal RNA gene, partial sequence",1288.0,clinical isolate,https://www.ncbi.nlm.nih.gov/nuccore/MT535860,National Medicines Institute in Warsaw (Poland),Clinical isolate,"Identification of Clinically Relevant Streptococcus and Enterococcus Species Based on Biochemical Methods and 16S rRNA, sodA, tuf, rpoB, and recA Gene Sequencing"
PP825763,"Streptococcus anginosus strain MP20-2 16S ribosomal RNA gene, partial sequence",1288.0,---,https://www.ncbi.nlm.nih.gov/nuccore/PP825763,South Korea,---,-----
MT535861,"Streptococcus anginosus strain 5898_10 16S ribosomal RNA gene, partial sequence",1288.0,clinical isolate,https://www.ncbi.nlm.nih.gov/nuccore/MT535861,National Medicines Institute in Warsaw (Poland),Clinical isolate,"Identification of Clinically Relevant Streptococcus and Enterococcus Species Based on Biochemical Methods and 16S rRNA, sodA, tuf, rpoB, and recA Gene Sequencing"
VYVX01000034,"Streptococcus anginosus strain UMB3444 NODE_34_length_1277_cov_61.878261, whole genome shotgun sequence",1277.0,---,https://www.ncbi.nlm.nih.gov/nuccore/VYVX01000034,---,Human,Draft genome sequence assemblies of isolates from the urinary tract
OR976019,"Streptococcus anginosus strain 532BR 16S ribosomal RNA gene, partial sequence",1272.0,catheterized urine sample,https://www.ncbi.nlm.nih.gov/nuccore/OR976019,USA,Female,Cataloging variation in 16S rRNA gene sequences of female urobiome bacteria
OR976018,"Streptococcus anginosus strain 437-2P 16S ribosomal RNA gene, partial sequence",1270.0,catheterized urine sample,https://www.ncbi.nlm.nih.gov/nuccore/OR976018,USA,Female,Cataloging variation in 16S rRNA gene sequences of female urobiome bacteria
OR976017,"Streptococcus anginosus strain 368PI 16S ribosomal RNA gene, partial sequence",1261.0,catheterized urine sample,https://www.ncbi.nlm.nih.gov/nuccore/OR976017,USA,Female,Cataloging variation in 16S rRNA gene sequences of female urobiome bacteria
KX661058,"Streptococcus anginosus strain PUA016 16S ribosomal RNA gene, partial sequence",1255.0,---,https://www.ncbi.nlm.nih.gov/nuccore/KX661058,China,Human,Using Matrix-Assisted Laser Desorption Ionization-Time of Flight (MALDI-TOF) Complemented with Selected 16S rRNA and gyrB Genes Sequencing to Practically Identify Clinical Important Viridans Group Streptococci (VGS)
ON810613,"Streptococcus anginosus strain TMPC 20533 16S ribosomal RNA gene, partial sequence",1254.0,,https://www.ncbi.nlm.nih.gov/nuccore/ON810613,,,-----
KX661047,"Streptococcus anginosus strain PUA005 16S ribosomal RNA gene, partial sequence",1251.0,---,https://www.ncbi.nlm.nih.gov/nuccore/KX661047,China,Human,Using Matrix-Assisted Laser Desorption Ionization-Time of Flight (MALDI-TOF) Complemented with Selected 16S rRNA and gyrB Genes Sequencing to Practically Identify Clinical Important Viridans Group Streptococci (VGS)
KX661048,"Streptococcus anginosus strain PUA006 16S ribosomal RNA gene, partial sequence",1251.0,---,https://www.ncbi.nlm.nih.gov/nuccore/KX661048,China,Human,Using Matrix-Assisted Laser Desorption Ionization-Time of Flight (MALDI-TOF) Complemented with Selected 16S rRNA and gyrB Genes Sequencing to Practically Identify Clinical Important Viridans Group Streptococci (VGS)
KX661049,"Streptococcus anginosus strain PUA007 16S ribosomal RNA gene, partial sequence",1251.0,---,https://www.ncbi.nlm.nih.gov/nuccore/KX661049,China,Human,Using Matrix-Assisted Laser Desorption Ionization-Time of Flight (MALDI-TOF) Complemented with Selected 16S rRNA and gyrB Genes Sequencing to Practically Identify Clinical Important Viridans Group Streptococci (VGS)
KX661073,"Streptococcus anginosus strain PUA031 16S ribosomal RNA gene, partial sequence",1251.0,---,https://www.ncbi.nlm.nih.gov/nuccore/KX661073,China,Human,Using Matrix-Assisted Laser Desorption Ionization-Time of Flight (MALDI-TOF) Complemented with Selected 16S rRNA and gyrB Genes Sequencing to Practically Identify Clinical Important Viridans Group Streptococci (VGS)
KX661051,"Streptococcus anginosus strain PUA009 16S ribosomal RNA gene, partial sequence",1251.0,---,https://www.ncbi.nlm.nih.gov/nuccore/KX661051,China,Human,Using Matrix-Assisted Laser Desorption Ionization-Time of Flight (MALDI-TOF) Complemented with Selected 16S rRNA and gyrB Genes Sequencing to Practically Identify Clinical Important Viridans Group Streptococci (VGS)
KX661052,"Streptococcus anginosus strain PUA010 16S ribosomal RNA gene, partial sequence",1251.0,---,https://www.ncbi.nlm.nih.gov/nuccore/KX661052,China,Human,Using Matrix-Assisted Laser Desorption Ionization-Time of Flight (MALDI-TOF) Complemented with Selected 16S rRNA and gyrB Genes Sequencing to Practically Identify Clinical Important Viridans Group Streptococci (VGS)
KX661054,"Streptococcus anginosus strain PUA012 16S ribosomal RNA gene, partial sequence",1251.0,---,https://www.ncbi.nlm.nih.gov/nuccore/KX661054,China,Human,Using Matrix-Assisted Laser Desorption Ionization-Time of Flight (MALDI-TOF) Complemented with Selected 16S rRNA and gyrB Genes Sequencing to Practically Identify Clinical Important Viridans Group Streptococci (VGS)
KX661113,"Streptococcus anginosus strain PUA071 16S ribosomal RNA gene, partial sequence",1251.0,---,https://www.ncbi.nlm.nih.gov/nuccore/KX661113,China,Human,Using Matrix-Assisted Laser Desorption Ionization-Time of Flight (MALDI-TOF) Complemented with Selected 16S rRNA and gyrB Genes Sequencing to Practically Identify Clinical Important Viridans Group Streptococci (VGS)
KX661089,"Streptococcus anginosus strain PUA047 16S ribosomal RNA gene, partial sequence",1251.0,---,https://www.ncbi.nlm.nih.gov/nuccore/KX661089,China,Human,Using Matrix-Assisted Laser Desorption Ionization-Time of Flight (MALDI-TOF) Complemented with Selected 16S rRNA and gyrB Genes Sequencing to Practically Identify Clinical Important Viridans Group Streptococci (VGS)
KX661046,"Streptococcus anginosus strain PUA004 16S ribosomal RNA gene, partial sequence",1251.0,---,https://www.ncbi.nlm.nih.gov/nuccore/KX661046,China,Human,Using Matrix-Assisted Laser Desorption Ionization-Time of Flight (MALDI-TOF) Complemented with Selected 16S rRNA and gyrB Genes Sequencing to Practically Identify Clinical Important Viridans Group Streptococci (VGS)
KX661044,"Streptococcus anginosus strain PUA002 16S ribosomal RNA gene, partial sequence",1251.0,---,https://www.ncbi.nlm.nih.gov/nuccore/KX661044,China,Human,Using Matrix-Assisted Laser Desorption Ionization-Time of Flight (MALDI-TOF) Complemented with Selected 16S rRNA and gyrB Genes Sequencing to Practically Identify Clinical Important Viridans Group Streptococci (VGS)
KX661043,"Streptococcus anginosus strain PUA001 16S ribosomal RNA gene, partial sequence",1251.0,---,https://www.ncbi.nlm.nih.gov/nuccore/KX661043,China,Human,Using Matrix-Assisted Laser Desorption Ionization-Time of Flight (MALDI-TOF) Complemented with Selected 16S rRNA and gyrB Genes Sequencing to Practically Identify Clinical Important Viridans Group Streptococci (VGS)
KX661050,"Streptococcus anginosus strain PUA008 16S ribosomal RNA gene, partial sequence",1251.0,---,https://www.ncbi.nlm.nih.gov/nuccore/KX661050,China,Human,Using Matrix-Assisted Laser Desorption Ionization-Time of Flight (MALDI-TOF) Complemented with Selected 16S rRNA and gyrB Genes Sequencing to Practically Identify Clinical Important Viridans Group Streptococci (VGS)
KX661074,"Streptococcus anginosus strain PUA032 16S ribosomal RNA gene, partial sequence",1251.0,---,https://www.ncbi.nlm.nih.gov/nuccore/KX661074,China,Human,Using Matrix-Assisted Laser Desorption Ionization-Time of Flight (MALDI-TOF) Complemented with Selected 16S rRNA and gyrB Genes Sequencing to Practically Identify Clinical Important Viridans Group Streptococci (VGS)
KX661055,"Streptococcus anginosus strain PUA013 16S ribosomal RNA gene, partial sequence",1251.0,---,https://www.ncbi.nlm.nih.gov/nuccore/KX661055,China,Human,Using Matrix-Assisted Laser Desorption Ionization-Time of Flight (MALDI-TOF) Complemented with Selected 16S rRNA and gyrB Genes Sequencing to Practically Identify Clinical Important Viridans Group Streptococci (VGS)
KX661063,"Streptococcus anginosus strain PUA021 16S ribosomal RNA gene, partial sequence",1251.0,---,https://www.ncbi.nlm.nih.gov/nuccore/KX661063,China,Human,Using Matrix-Assisted Laser Desorption Ionization-Time of Flight (MALDI-TOF) Complemented with Selected 16S rRNA and gyrB Genes Sequencing to Practically Identify Clinical Important Viridans Group Streptococci (VGS)
KX661072,"Streptococcus anginosus strain PUA030 16S ribosomal RNA gene, partial sequence",1251.0,---,https://www.ncbi.nlm.nih.gov/nuccore/KX661072,China,Human,Using Matrix-Assisted Laser Desorption Ionization-Time of Flight (MALDI-TOF) Complemented with Selected 16S rRNA and gyrB Genes Sequencing to Practically Identify Clinical Important Viridans Group Streptococci (VGS)
KX661071,"Streptococcus anginosus strain PUA029 16S ribosomal RNA gene, partial sequence",1251.0,---,https://www.ncbi.nlm.nih.gov/nuccore/KX661071,China,Human,Using Matrix-Assisted Laser Desorption Ionization-Time of Flight (MALDI-TOF) Complemented with Selected 16S rRNA and gyrB Genes Sequencing to Practically Identify Clinical Important Viridans Group Streptococci (VGS)
KX661070,"Streptococcus anginosus strain PUA028 16S ribosomal RNA gene, partial sequence",1251.0,---,https://www.ncbi.nlm.nih.gov/nuccore/KX661070,China,Human,Using Matrix-Assisted Laser Desorption Ionization-Time of Flight (MALDI-TOF) Complemented with Selected 16S rRNA and gyrB Genes Sequencing to Practically Identify Clinical Important Viridans Group Streptococci (VGS)
KX661068,"Streptococcus anginosus strain PUA026 16S ribosomal RNA gene, partial sequence",1251.0,---,https://www.ncbi.nlm.nih.gov/nuccore/KX661068,China,Human,Using Matrix-Assisted Laser Desorption Ionization-Time of Flight (MALDI-TOF) Complemented with Selected 16S rRNA and gyrB Genes Sequencing to Practically Identify Clinical Important Viridans Group Streptococci (VGS)
KX661067,"Streptococcus anginosus strain PUA025 16S ribosomal RNA gene, partial sequence",1251.0,---,https://www.ncbi.nlm.nih.gov/nuccore/KX661067,China,Human,Using Matrix-Assisted Laser Desorption Ionization-Time of Flight (MALDI-TOF) Complemented with Selected 16S rRNA and gyrB Genes Sequencing to Practically Identify Clinical Important Viridans Group Streptococci (VGS)
KX661065,"Streptococcus anginosus strain PUA023 16S ribosomal RNA gene, partial sequence",1251.0,---,https://www.ncbi.nlm.nih.gov/nuccore/KX661065,China,Human,Using Matrix-Assisted Laser Desorption Ionization-Time of Flight (MALDI-TOF) Complemented with Selected 16S rRNA and gyrB Genes Sequencing to Practically Identify Clinical Important Viridans Group Streptococci (VGS)
KX661062,"Streptococcus anginosus strain PUA020 16S ribosomal RNA gene, partial sequence",1251.0,---,https://www.ncbi.nlm.nih.gov/nuccore/KX661062,China,Human,Using Matrix-Assisted Laser Desorption Ionization-Time of Flight (MALDI-TOF) Complemented with Selected 16S rRNA and gyrB Genes Sequencing to Practically Identify Clinical Important Viridans Group Streptococci (VGS)
KX661061,"Streptococcus anginosus strain PUA019 16S ribosomal RNA gene, partial sequence",1251.0,---,https://www.ncbi.nlm.nih.gov/nuccore/KX661061,China,Human,Using Matrix-Assisted Laser Desorption Ionization-Time of Flight (MALDI-TOF) Complemented with Selected 16S rRNA and gyrB Genes Sequencing to Practically Identify Clinical Important Viridans Group Streptococci (VGS)
KX661059,"Streptococcus anginosus strain PUA017 16S ribosomal RNA gene, partial sequence",1251.0,---,https://www.ncbi.nlm.nih.gov/nuccore/KX661059,China,Human,Using Matrix-Assisted Laser Desorption Ionization-Time of Flight (MALDI-TOF) Complemented with Selected 16S rRNA and gyrB Genes Sequencing to Practically Identify Clinical Important Viridans Group Streptococci (VGS)
KX661057,"Streptococcus anginosus strain PUA015 16S ribosomal RNA gene, partial sequence",1251.0,---,https://www.ncbi.nlm.nih.gov/nuccore/KX661057,China,Human,Using Matrix-Assisted Laser Desorption Ionization-Time of Flight (MALDI-TOF) Complemented with Selected 16S rRNA and gyrB Genes Sequencing to Practically Identify Clinical Important Viridans Group Streptococci (VGS)
KX661056,"Streptococcus anginosus strain PUA014 16S ribosomal RNA gene, partial sequence",1251.0,---,https://www.ncbi.nlm.nih.gov/nuccore/KX661056,China,Human,Using Matrix-Assisted Laser Desorption Ionization-Time of Flight (MALDI-TOF) Complemented with Selected 16S rRNA and gyrB Genes Sequencing to Practically Identify Clinical Important Viridans Group Streptococci (VGS)
KX661075,"Streptococcus anginosus strain PUA033 16S ribosomal RNA gene, partial sequence",1251.0,---,https://www.ncbi.nlm.nih.gov/nuccore/KX661075,China,Human,Using Matrix-Assisted Laser Desorption Ionization-Time of Flight (MALDI-TOF) Complemented with Selected 16S rRNA and gyrB Genes Sequencing to Practically Identify Clinical Important Viridans Group Streptococci (VGS)
MF538608,"Streptococcus anginosus strain 3007 16S ribosomal RNA gene, partial sequence",1240.0,---,https://www.ncbi.nlm.nih.gov/nuccore/MF538608,---,Human,183. Pivotal Role of Preexisting Pathogen-Specific Antibodies in the Development of Necrotizing Soft-Tissue Infections
ON796814,"Streptococcus anginosus subsp. whileyi strain CO01 16S ribosomal RNA gene, partial sequence",1224.0,Stool,https://www.ncbi.nlm.nih.gov/nuccore/ON796814,India,Human,Implications of COVID-19 on Human Gut Microbiota
ON810614,"Streptococcus anginosus strain TMPC 20549 16S ribosomal RNA gene, partial sequence",1211.0,---,https://www.ncbi.nlm.nih.gov/nuccore/ON810614,---,---,-----
OQ383429,"Streptococcus anginosus strain SS 8 16S ribosomal RNA gene, partial sequence",1210.0,Oral cavity,https://www.ncbi.nlm.nih.gov/nuccore/OQ383429,Egypt,Human,Anaerobic biodegradation of anthracene by oral Firmicutes isolates from smokers and its potential pathway
PVSY01000043,"Streptococcus anginosus strain OUP25 oup25.s5-trimmed-pair1.paired_contig_43, whole genome shotgun sequence",1207.0,blood,https://www.ncbi.nlm.nih.gov/nuccore/PVSY01000043,USA: University of Oklahoma Health Sciences Center Medical Center,Human,The isolation and characterization of milleri group streptococci from dental periapical abscesses
