AF104679.1	AF104678.1.1573	100.000	1536	0.0	2819	Bacteria;Bacillati;Bacillota;Bacilli;Lactobacillales;Streptococcaceae;Streptococcus;Streptococcus anginosus
AF104679.1	AFIM01000033.206.1753	99.609	1536	0.0	2813	Bacteria;Bacillati;Bacillota;Bacilli;Lactobacillales;Streptococcaceae;Streptococcus;Streptococcus anginosus SK52 = DSM 20563
AF104679.1	JN578465.1.1478	99.662	1478	0.0	2712	Bacteria;Bacillati;Bacillota;Bacilli;Lactobacillales;Streptococcaceae;Streptococcus;Streptococcus anginosus
AF104679.1	CP034543.1435680.1437239	98.372	1536	0.0	2708	Bacteria;Bacillati;Bacillota;Bacilli;Lactobacillales;Streptococcaceae;Streptococcus;Streptococcus periodonticum
AF104679.1	DQ232519.1.1477	99.391	1477	0.0	2687	Bacteria;Bacillati;Bacillota;Bacilli;Lactobacillales;Streptococcaceae;Streptococcus;Streptococcus anginosus
AF104678.1	AF104678.1.1573	100.000	1536	0.0	2819	Bacteria;Bacillati;Bacillota;Bacilli;Lactobacillales;Streptococcaceae;Streptococcus;Streptococcus anginosus
AF104678.1	AFIM01000033.206.1753	99.609	1536	0.0	2813	Bacteria;Bacillati;Bacillota;Bacilli;Lactobacillales;Streptococcaceae;Streptococcus;Streptococcus anginosus SK52 = DSM 20563
AF104678.1	JN578465.1.1478	99.662	1478	0.0	2712	Bacteria;Bacillati;Bacillota;Bacilli;Lactobacillales;Streptococcaceae;Streptococcus;Streptococcus anginosus
AF104678.1	CP034543.1435680.1437239	98.372	1536	0.0	2708	Bacteria;Bacillati;Bacillota;Bacilli;Lactobacillales;Streptococcaceae;Streptococcus;Streptococcus periodonticum
AF104678.1	DQ232519.1.1477	99.391	1477	0.0	2687	Bacteria;Bacillati;Bacillota;Bacilli;Lactobacillales;Streptococcaceae;Streptococcus;Streptococcus anginosus
NR_041722.2	AF104678.1.1573	100.000	1536	0.0	2819	Bacteria;Bacillati;Bacillota;Bacilli;Lactobacillales;Streptococcaceae;Streptococcus;Streptococcus anginosus
NR_041722.2	AFIM01000033.206.1753	99.609	1536	0.0	2813	Bacteria;Bacillati;Bacillota;Bacilli;Lactobacillales;Streptococcaceae;Streptococcus;Streptococcus anginosus SK52 = DSM 20563
NR_041722.2	JN578465.1.1478	99.662	1478	0.0	2712	Bacteria;Bacillati;Bacillota;Bacilli;Lactobacillales;Streptococcaceae;Streptococcus;Streptococcus anginosus
NR_041722.2	CP034543.1435680.1437239	98.372	1536	0.0	2708	Bacteria;Bacillati;Bacillota;Bacilli;Lactobacillales;Streptococcaceae;Streptococcus;Streptococcus periodonticum
NR_041722.2	DQ232519.1.1477	99.391	1477	0.0	2687	Bacteria;Bacillati;Bacillota;Bacilli;Lactobacillales;Streptococcaceae;Streptococcus;Streptococcus anginosus
OQ216617.1	JASOLX010000056.3560.5115	98.960	1539	0.0	2748	Bacteria;Bacillati;Bacillota;Bacilli;Lactobacillales;Streptococcaceae;Streptococcus;Lacticaseibacillus paracasei
OQ216617.1	CP034543.1435680.1437239	98.698	1536	0.0	2726	Bacteria;Bacillati;Bacillota;Bacilli;Lactobacillales;Streptococcaceae;Streptococcus;Streptococcus periodonticum
OQ216617.1	AFIM01000033.206.1753	98.635	1539	0.0	2721	Bacteria;Bacillati;Bacillota;Bacilli;Lactobacillales;Streptococcaceae;Streptococcus;Streptococcus anginosus SK52 = DSM 20563
OQ216617.1	CP118032.1567698.1569256	98.506	1539	0.0	2712	Bacteria;Bacillati;Bacillota;Bacilli;Lactobacillales;Streptococcaceae;Streptococcus;Lactobacillus gasseri
OQ216617.1	PQ845660.1.1511	99.011	1516	0.0	2706	Bacteria;Bacillati;Bacillota;Bacilli;Lactobacillales;Streptococcaceae;Streptococcus;uncultured Streptococcus sp.
JN713285.1	AFIM01000033.206.1753	99.805	1535	0.0	2819	Bacteria;Bacillati;Bacillota;Bacilli;Lactobacillales;Streptococcaceae;Streptococcus;Streptococcus anginosus SK52 = DSM 20563
JN713285.1	AF104678.1.1573	99.414	1535	0.0	2795	Bacteria;Bacillati;Bacillota;Bacilli;Lactobacillales;Streptococcaceae;Streptococcus;Streptococcus anginosus
JN713285.1	DQ232519.1.1477	99.932	1477	0.0	2723	Bacteria;Bacillati;Bacillota;Bacilli;Lactobacillales;Streptococcaceae;Streptococcus;Streptococcus anginosus
JN713285.1	CP034543.1435680.1437239	98.632	1535	0.0	2719	Bacteria;Bacillati;Bacillota;Bacilli;Lactobacillales;Streptococcaceae;Streptococcus;Streptococcus periodonticum
JN713285.1	AY691534.1.1510	99.142	1516	0.0	2715	Bacteria;Bacillati;Bacillota;Bacilli;Lactobacillales;Streptococcaceae;Streptococcus;Streptococcus anginosus
GU470894.1	AFIM01000033.206.1753	99.739	1531	0.0	2806	Bacteria;Bacillati;Bacillota;Bacilli;Lactobacillales;Streptococcaceae;Streptococcus;Streptococcus anginosus SK52 = DSM 20563
GU470894.1	AF104678.1.1573	99.347	1531	0.0	2782	Bacteria;Bacillati;Bacillota;Bacilli;Lactobacillales;Streptococcaceae;Streptococcus;Streptococcus anginosus
GU470894.1	DQ232519.1.1477	99.865	1477	0.0	2717	Bacteria;Bacillati;Bacillota;Bacilli;Lactobacillales;Streptococcaceae;Streptococcus;Streptococcus anginosus
GU470894.1	AY691534.1.1510	99.077	1516	0.0	2710	Bacteria;Bacillati;Bacillota;Bacilli;Lactobacillales;Streptococcaceae;Streptococcus;Streptococcus anginosus
GU470894.1	JN578465.1.1478	99.729	1478	0.0	2708	Bacteria;Bacillati;Bacillota;Bacilli;Lactobacillales;Streptococcaceae;Streptococcus;Streptococcus anginosus
AF145245.1	JASOLX010000056.3560.5115	98.219	1516	0.0	2665	Bacteria;Bacillati;Bacillota;Bacilli;Lactobacillales;Streptococcaceae;Streptococcus;Lacticaseibacillus paracasei
AF145245.1	CP034543.1435680.1437239	97.951	1513	0.0	2643	Bacteria;Bacillati;Bacillota;Bacilli;Lactobacillales;Streptococcaceae;Streptococcus;Streptococcus periodonticum
AF145245.1	PQ845660.1.1511	98.462	1495	0.0	2641	Bacteria;Bacillati;Bacillota;Bacilli;Lactobacillales;Streptococcaceae;Streptococcus;uncultured Streptococcus sp.
AF145245.1	AFIM01000033.206.1753	97.889	1516	0.0	2638	Bacteria;Bacillati;Bacillota;Bacilli;Lactobacillales;Streptococcaceae;Streptococcus;Streptococcus anginosus SK52 = DSM 20563
AF145245.1	CP118032.1567698.1569256	98.133	1500	0.0	2630	Bacteria;Bacillati;Bacillota;Bacilli;Lactobacillales;Streptococcaceae;Streptococcus;Lactobacillus gasseri
ON077342.1	AFIM01000033.206.1753	99.405	1512	0.0	2743	Bacteria;Bacillati;Bacillota;Bacilli;Lactobacillales;Streptococcaceae;Streptococcus;Streptococcus anginosus SK52 = DSM 20563
ON077342.1	AF104678.1.1573	99.074	1512	0.0	2724	Bacteria;Bacillati;Bacillota;Bacilli;Lactobacillales;Streptococcaceae;Streptococcus;Streptococcus anginosus
ON077342.1	DQ232519.1.1477	99.661	1477	0.0	2700	Bacteria;Bacillati;Bacillota;Bacilli;Lactobacillales;Streptococcaceae;Streptococcus;Streptococcus anginosus
ON077342.1	BNJU01001960.111560.113096	98.880	1518	0.0	2699	Bacteria;Bacillati;Bacillota;Bacilli;Lactobacillales;Streptococcaceae;Streptococcus;human saliva metagenome
ON077342.1	JN578465.1.1478	99.389	1474	0.0	2673	Bacteria;Bacillati;Bacillota;Bacilli;Lactobacillales;Streptococcaceae;Streptococcus;Streptococcus anginosus
AF145244.1	CP034543.1435680.1437239	98.743	1512	0.0	2689	Bacteria;Bacillati;Bacillota;Bacilli;Lactobacillales;Streptococcaceae;Streptococcus;Streptococcus periodonticum
AF145244.1	JASOLX010000056.3560.5115	98.679	1514	0.0	2684	Bacteria;Bacillati;Bacillota;Bacilli;Lactobacillales;Streptococcaceae;Streptococcus;Lacticaseibacillus paracasei
AF145244.1	FM873680.1.1509	98.671	1505	0.0	2669	Bacteria;Bacillati;Bacillota;Bacilli;Lactobacillales;Streptococcaceae;Streptococcus;uncultured bacterium
AF145244.1	PQ845660.1.1511	98.795	1494	0.0	2651	Bacteria;Bacillati;Bacillota;Bacilli;Lactobacillales;Streptococcaceae;Streptococcus;uncultured Streptococcus sp.
AF145244.1	CP118032.1567698.1569256	98.152	1515	0.0	2641	Bacteria;Bacillati;Bacillota;Bacilli;Lactobacillales;Streptococcaceae;Streptococcus;Lactobacillus gasseri
AF145239.1	AFIM01000033.206.1753	99.343	1523	0.0	2760	Bacteria;Bacillati;Bacillota;Bacilli;Lactobacillales;Streptococcaceae;Streptococcus;Streptococcus anginosus SK52 = DSM 20563
AF145239.1	AF104678.1.1573	98.949	1523	0.0	2736	Bacteria;Bacillati;Bacillota;Bacilli;Lactobacillales;Streptococcaceae;Streptococcus;Streptococcus anginosus
AF145239.1	DQ232519.1.1477	99.661	1477	0.0	2702	Bacteria;Bacillati;Bacillota;Bacilli;Lactobacillales;Streptococcaceae;Streptococcus;Streptococcus anginosus
AF145239.1	BNJU01001960.111560.113096	98.561	1529	0.0	2693	Bacteria;Bacillati;Bacillota;Bacilli;Lactobacillales;Streptococcaceae;Streptococcus;human saliva metagenome
AF145239.1	CP034543.1435680.1437239	98.490	1523	0.0	2687	Bacteria;Bacillati;Bacillota;Bacilli;Lactobacillales;Streptococcaceae;Streptococcus;Streptococcus periodonticum
MW595979.1	AFIM01000033.206.1753	99.736	1517	0.0	2780	Bacteria;Bacillati;Bacillota;Bacilli;Lactobacillales;Streptococcaceae;Streptococcus;Streptococcus anginosus SK52 = DSM 20563
MW595979.1	AF104678.1.1573	99.341	1517	0.0	2756	Bacteria;Bacillati;Bacillota;Bacilli;Lactobacillales;Streptococcaceae;Streptococcus;Streptococcus anginosus
MW595979.1	DQ232519.1.1477	99.932	1477	0.0	2723	Bacteria;Bacillati;Bacillota;Bacilli;Lactobacillales;Streptococcaceae;Streptococcus;Streptococcus anginosus
MW595979.1	AY691534.1.1510	99.144	1519	0.0	2721	Bacteria;Bacillati;Bacillota;Bacilli;Lactobacillales;Streptococcaceae;Streptococcus;Streptococcus anginosus
MW595979.1	JN578465.1.1478	99.797	1478	0.0	2713	Bacteria;Bacillati;Bacillota;Bacilli;Lactobacillales;Streptococcaceae;Streptococcus;Streptococcus anginosus
NZ_JAQMKN010000038.1	JANPYA010115596.862.2365	100.000	321	3.33e-167	593	Bacteria;Pseudomonadati--other;Bacteroidota;Bacteroidia;Bacteroidales;Bacteroidaceae;Bacteroides;wastewater metagenome
NZ_JAQMKN010000038.1	EU136696.1.1944	99.377	321	2.59e-163	580	Bacteria;Pseudomonadati--other;Bacteroidota;Bacteroidia;Bacteroidales;Bacteroidaceae;Bacteroides;Phocaeicola massiliensis
NZ_JAQMKN010000038.1	JBKVJC010000007.810679.812209	98.447	322	7.26e-159	566	Bacteria;Pseudomonadati--other;Bacteroidota;Bacteroidia;Bacteroidales;Bacteroidaceae;Bacteroides;Phocaeicola massiliensis
NZ_JAQMKN010000038.1	AY126616.1.1493	100.000	305	2.61e-158	564	Bacteria;Pseudomonadati--other;Bacteroidota;Bacteroidia;Bacteroidales;Bacteroidaceae;Bacteroides;Phocaeicola massiliensis
NZ_JAQMKN010000038.1	JBKWEC010000017.109567.111094	98.131	321	3.38e-157	560	Bacteria;Pseudomonadati--other;Bacteroidota;Bacteroidia;Bacteroidales;Bacteroidaceae;Bacteroides;Phocaeicola vulgatus
AY986764.1	JASOLX010000056.3560.5115	98.686	1522	0.0	2697	Bacteria;Bacillati;Bacillota;Bacilli;Lactobacillales;Streptococcaceae;Streptococcus;Lacticaseibacillus paracasei
AY986764.1	OETB01000024.1.1520	98.618	1520	0.0	2691	Bacteria;Bacillati;Bacillota;Bacilli;Lactobacillales;Streptococcaceae;Streptococcus;human gut metagenome
AY986764.1	CP034543.1435680.1437239	98.618	1520	0.0	2691	Bacteria;Bacillati;Bacillota;Bacilli;Lactobacillales;Streptococcaceae;Streptococcus;Streptococcus periodonticum
AY986764.1	PQ845660.1.1511	98.749	1519	0.0	2689	Bacteria;Bacillati;Bacillota;Bacilli;Lactobacillales;Streptococcaceae;Streptococcus;uncultured Streptococcus sp.
AY986764.1	CP118032.1567698.1569256	98.490	1523	0.0	2682	Bacteria;Bacillati;Bacillota;Bacilli;Lactobacillales;Streptococcaceae;Streptococcus;Lactobacillus gasseri
AY691541.1	AFIM01000033.206.1753	99.671	1520	0.0	2780	Bacteria;Bacillati;Bacillota;Bacilli;Lactobacillales;Streptococcaceae;Streptococcus;Streptococcus anginosus SK52 = DSM 20563
AY691541.1	AF104678.1.1573	99.276	1520	0.0	2756	Bacteria;Bacillati;Bacillota;Bacilli;Lactobacillales;Streptococcaceae;Streptococcus;Streptococcus anginosus
AY691541.1	DQ232519.1.1477	99.797	1477	0.0	2712	Bacteria;Bacillati;Bacillota;Bacilli;Lactobacillales;Streptococcaceae;Streptococcus;Streptococcus anginosus
AY691541.1	AY691534.1.1510	99.011	1517	0.0	2706	Bacteria;Bacillati;Bacillota;Bacilli;Lactobacillales;Streptococcaceae;Streptococcus;Streptococcus anginosus
AY691541.1	JN578465.1.1478	99.662	1478	0.0	2702	Bacteria;Bacillati;Bacillota;Bacilli;Lactobacillales;Streptococcaceae;Streptococcus;Streptococcus anginosus
AY986765.1	AFIM01000033.206.1753	99.671	1520	0.0	2780	Bacteria;Bacillati;Bacillota;Bacilli;Lactobacillales;Streptococcaceae;Streptococcus;Streptococcus anginosus SK52 = DSM 20563
AY986765.1	AF104678.1.1573	99.276	1520	0.0	2756	Bacteria;Bacillati;Bacillota;Bacilli;Lactobacillales;Streptococcaceae;Streptococcus;Streptococcus anginosus
AY986765.1	DQ232519.1.1477	99.865	1477	0.0	2717	Bacteria;Bacillati;Bacillota;Bacilli;Lactobacillales;Streptococcaceae;Streptococcus;Streptococcus anginosus
AY986765.1	AY691534.1.1510	99.079	1520	0.0	2717	Bacteria;Bacillati;Bacillota;Bacilli;Lactobacillales;Streptococcaceae;Streptococcus;Streptococcus anginosus
AY986765.1	JN578465.1.1478	99.729	1478	0.0	2708	Bacteria;Bacillati;Bacillota;Bacilli;Lactobacillales;Streptococcaceae;Streptococcus;Streptococcus anginosus
MH628245.1	PQ845660.1.1511	98.947	1520	0.0	2706	Bacteria;Bacillati;Bacillota;Bacilli;Lactobacillales;Streptococcaceae;Streptococcus;uncultured Streptococcus sp.
MH628245.1	JASOLX010000056.3560.5115	98.880	1518	0.0	2702	Bacteria;Bacillati;Bacillota;Bacilli;Lactobacillales;Streptococcaceae;Streptococcus;Lacticaseibacillus paracasei
MH628245.1	CP118032.1567698.1569256	98.748	1518	0.0	2695	Bacteria;Bacillati;Bacillota;Bacilli;Lactobacillales;Streptococcaceae;Streptococcus;Lactobacillus gasseri
MH628245.1	OETB01000024.1.1520	98.551	1518	0.0	2680	Bacteria;Bacillati;Bacillota;Bacilli;Lactobacillales;Streptococcaceae;Streptococcus;human gut metagenome
MH628245.1	CP034543.1435680.1437239	98.614	1515	0.0	2680	Bacteria;Bacillati;Bacillota;Bacilli;Lactobacillales;Streptococcaceae;Streptococcus;Streptococcus periodonticum
MH628233.1	JASOLX010000056.3560.5115	98.879	1516	0.0	2702	Bacteria;Bacillati;Bacillota;Bacilli;Lactobacillales;Streptococcaceae;Streptococcus;Lacticaseibacillus paracasei
MH628233.1	PQ845660.1.1511	98.881	1519	0.0	2700	Bacteria;Bacillati;Bacillota;Bacilli;Lactobacillales;Streptococcaceae;Streptococcus;uncultured Streptococcus sp.
MH628233.1	CP118032.1567698.1569256	98.682	1517	0.0	2687	Bacteria;Bacillati;Bacillota;Bacilli;Lactobacillales;Streptococcaceae;Streptococcus;Lactobacillus gasseri
MH628233.1	CP034543.1435680.1437239	98.679	1514	0.0	2686	Bacteria;Bacillati;Bacillota;Bacilli;Lactobacillales;Streptococcaceae;Streptococcus;Streptococcus periodonticum
MH628233.1	OETB01000024.1.1520	98.484	1517	0.0	2675	Bacteria;Bacillati;Bacillota;Bacilli;Lactobacillales;Streptococcaceae;Streptococcus;human gut metagenome
KF933782.1	JASOLX010000056.3560.5115	98.747	1516	0.0	2691	Bacteria;Bacillati;Bacillota;Bacilli;Lactobacillales;Streptococcaceae;Streptococcus;Lacticaseibacillus paracasei
KF933782.1	PQ845660.1.1511	98.749	1519	0.0	2689	Bacteria;Bacillati;Bacillota;Bacilli;Lactobacillales;Streptococcaceae;Streptococcus;uncultured Streptococcus sp.
KF933782.1	CP034543.1435680.1437239	98.613	1514	0.0	2680	Bacteria;Bacillati;Bacillota;Bacilli;Lactobacillales;Streptococcaceae;Streptococcus;Streptococcus periodonticum
KF933782.1	CP118032.1567698.1569256	98.550	1517	0.0	2676	Bacteria;Bacillati;Bacillota;Bacilli;Lactobacillales;Streptococcaceae;Streptococcus;Lactobacillus gasseri
KF933782.1	OETB01000024.1.1520	98.484	1517	0.0	2675	Bacteria;Bacillati;Bacillota;Bacilli;Lactobacillales;Streptococcaceae;Streptococcus;human gut metagenome
AY986763.1	AFIM01000033.206.1753	99.736	1514	0.0	2774	Bacteria;Bacillati;Bacillota;Bacilli;Lactobacillales;Streptococcaceae;Streptococcus;Streptococcus anginosus SK52 = DSM 20563
AY986763.1	AF104678.1.1573	99.339	1514	0.0	2750	Bacteria;Bacillati;Bacillota;Bacilli;Lactobacillales;Streptococcaceae;Streptococcus;Streptococcus anginosus
AY986763.1	DQ232519.1.1477	99.865	1477	0.0	2717	Bacteria;Bacillati;Bacillota;Bacilli;Lactobacillales;Streptococcaceae;Streptococcus;Streptococcus anginosus
AY986763.1	AY691534.1.1510	99.079	1520	0.0	2717	Bacteria;Bacillati;Bacillota;Bacilli;Lactobacillales;Streptococcaceae;Streptococcus;Streptococcus anginosus
AY986763.1	JN578465.1.1478	99.729	1478	0.0	2708	Bacteria;Bacillati;Bacillota;Bacilli;Lactobacillales;Streptococcaceae;Streptococcus;Streptococcus anginosus
AY691536.1	AFIM01000033.206.1753	99.802	1514	0.0	2780	Bacteria;Bacillati;Bacillota;Bacilli;Lactobacillales;Streptococcaceae;Streptococcus;Streptococcus anginosus SK52 = DSM 20563
AY691536.1	AF104678.1.1573	99.406	1514	0.0	2756	Bacteria;Bacillati;Bacillota;Bacilli;Lactobacillales;Streptococcaceae;Streptococcus;Streptococcus anginosus
AY691536.1	DQ232519.1.1477	99.932	1477	0.0	2723	Bacteria;Bacillati;Bacillota;Bacilli;Lactobacillales;Streptococcaceae;Streptococcus;Streptococcus anginosus
AY691536.1	AY691534.1.1510	99.145	1520	0.0	2723	Bacteria;Bacillati;Bacillota;Bacilli;Lactobacillales;Streptococcaceae;Streptococcus;Streptococcus anginosus
AY691536.1	JN578465.1.1478	99.797	1478	0.0	2713	Bacteria;Bacillati;Bacillota;Bacilli;Lactobacillales;Streptococcaceae;Streptococcus;Streptococcus anginosus
AY986762.1	AFIM01000033.206.1753	99.802	1514	0.0	2780	Bacteria;Bacillati;Bacillota;Bacilli;Lactobacillales;Streptococcaceae;Streptococcus;Streptococcus anginosus SK52 = DSM 20563
AY986762.1	AF104678.1.1573	99.406	1514	0.0	2756	Bacteria;Bacillati;Bacillota;Bacilli;Lactobacillales;Streptococcaceae;Streptococcus;Streptococcus anginosus
AY986762.1	DQ232519.1.1477	99.932	1477	0.0	2723	Bacteria;Bacillati;Bacillota;Bacilli;Lactobacillales;Streptococcaceae;Streptococcus;Streptococcus anginosus
AY986762.1	AY691534.1.1510	99.145	1520	0.0	2723	Bacteria;Bacillati;Bacillota;Bacilli;Lactobacillales;Streptococcaceae;Streptococcus;Streptococcus anginosus
AY986762.1	JN578465.1.1478	99.797	1478	0.0	2713	Bacteria;Bacillati;Bacillota;Bacilli;Lactobacillales;Streptococcaceae;Streptococcus;Streptococcus anginosus
AY986761.1	AY986761.1.1517	100.000	1517	0.0	2802	Bacteria;Bacillati;Bacillota;Bacilli;Lactobacillales;Streptococcaceae;Streptococcus;Streptococcus anginosus
AY986761.1	AFIM01000033.206.1753	98.549	1516	0.0	2675	Bacteria;Bacillati;Bacillota;Bacilli;Lactobacillales;Streptococcaceae;Streptococcus;Streptococcus anginosus SK52 = DSM 20563
AY986761.1	AF104678.1.1573	98.153	1516	0.0	2651	Bacteria;Bacillati;Bacillota;Bacilli;Lactobacillales;Streptococcaceae;Streptococcus;Streptococcus anginosus
AY986761.1	DQ232519.1.1477	98.648	1479	0.0	2617	Bacteria;Bacillati;Bacillota;Bacilli;Lactobacillales;Streptococcaceae;Streptococcus;Streptococcus anginosus
AY986761.1	AY691534.1.1510	97.898	1522	0.0	2617	Bacteria;Bacillati;Bacillota;Bacilli;Lactobacillales;Streptococcaceae;Streptococcus;Streptococcus anginosus
AY691535.1	AFIM01000033.206.1753	99.670	1514	0.0	2769	Bacteria;Bacillati;Bacillota;Bacilli;Lactobacillales;Streptococcaceae;Streptococcus;Streptococcus anginosus SK52 = DSM 20563
AY691535.1	AF104678.1.1573	99.273	1514	0.0	2745	Bacteria;Bacillati;Bacillota;Bacilli;Lactobacillales;Streptococcaceae;Streptococcus;Streptococcus anginosus
AY691535.1	DQ232519.1.1477	99.797	1477	0.0	2712	Bacteria;Bacillati;Bacillota;Bacilli;Lactobacillales;Streptococcaceae;Streptococcus;Streptococcus anginosus
AY691535.1	AY691534.1.1510	99.013	1519	0.0	2710	Bacteria;Bacillati;Bacillota;Bacilli;Lactobacillales;Streptococcaceae;Streptococcus;Streptococcus anginosus
AY691535.1	JN578465.1.1478	99.662	1478	0.0	2702	Bacteria;Bacillati;Bacillota;Bacilli;Lactobacillales;Streptococcaceae;Streptococcus;Streptococcus anginosus
AY691534.1	AY691534.1.1510	100.000	1510	0.0	2789	Bacteria;Bacillati;Bacillota;Bacilli;Lactobacillales;Streptococcaceae;Streptococcus;Streptococcus anginosus
AY691534.1	AFIM01000033.206.1753	98.945	1517	0.0	2700	Bacteria;Bacillati;Bacillota;Bacilli;Lactobacillales;Streptococcaceae;Streptococcus;Streptococcus anginosus SK52 = DSM 20563
AY691534.1	AF104678.1.1573	98.616	1517	0.0	2680	Bacteria;Bacillati;Bacillota;Bacilli;Lactobacillales;Streptococcaceae;Streptococcus;Streptococcus anginosus
AY691534.1	DQ232519.1.1477	99.256	1479	0.0	2662	Bacteria;Bacillati;Bacillota;Bacilli;Lactobacillales;Streptococcaceae;Streptococcus;Streptococcus anginosus
AY691534.1	JN578465.1.1478	99.122	1480	0.0	2652	Bacteria;Bacillati;Bacillota;Bacilli;Lactobacillales;Streptococcaceae;Streptococcus;Streptococcus anginosus
LC144558.1	LC144558.1.1509	100.000	1509	0.0	2713	Bacteria;Bacillati;Bacillota;Bacilli;Lactobacillales;Streptococcaceae;Streptococcus;Streptococcus anginosus
LC144558.1	DQ232519.1.1477	96.343	1504	0.0	2436	Bacteria;Bacillati;Bacillota;Bacilli;Lactobacillales;Streptococcaceae;Streptococcus;Streptococcus anginosus
LC144558.1	MT597725.1.1468	96.516	1464	0.0	2386	Bacteria;Bacillati;Bacillota;Bacilli;Lactobacillales;Streptococcaceae;Streptococcus;Streptococcus anginosus
LC144558.1	MT597583.1.1465	96.578	1461	0.0	2386	Bacteria;Bacillati;Bacillota;Bacilli;Lactobacillales;Streptococcaceae;Streptococcus;Streptococcus anginosus
LC144558.1	AY986761.1.1517	95.248	1515	0.0	2359	Bacteria;Bacillati;Bacillota;Bacilli;Lactobacillales;Streptococcaceae;Streptococcus;Streptococcus anginosus
KM225745.1	AFIM01000033.206.1753	99.602	1507	0.0	2750	Bacteria;Bacillati;Bacillota;Bacilli;Lactobacillales;Streptococcaceae;Streptococcus;Streptococcus anginosus SK52 = DSM 20563
KM225745.1	AF104678.1.1573	99.270	1507	0.0	2732	Bacteria;Bacillati;Bacillota;Bacilli;Lactobacillales;Streptococcaceae;Streptococcus;Streptococcus anginosus
KM225745.1	DQ232519.1.1477	99.729	1477	0.0	2706	Bacteria;Bacillati;Bacillota;Bacilli;Lactobacillales;Streptococcaceae;Streptococcus;Streptococcus anginosus
KM225745.1	JN578465.1.1478	99.594	1477	0.0	2695	Bacteria;Bacillati;Bacillota;Bacilli;Lactobacillales;Streptococcaceae;Streptococcus;Streptococcus anginosus
KM225745.1	AY691534.1.1510	99.130	1495	0.0	2680	Bacteria;Bacillati;Bacillota;Bacilli;Lactobacillales;Streptococcaceae;Streptococcus;Streptococcus anginosus
MW595978.1	PQ845660.1.1511	99.005	1508	0.0	2691	Bacteria;Bacillati;Bacillota;Bacilli;Lactobacillales;Streptococcaceae;Streptococcus;uncultured Streptococcus sp.
MW595978.1	JASOLX010000056.3560.5115	98.870	1505	0.0	2682	Bacteria;Bacillati;Bacillota;Bacilli;Lactobacillales;Streptococcaceae;Streptococcus;Lacticaseibacillus paracasei
MW595978.1	CP034543.1435680.1437239	98.736	1503	0.0	2671	Bacteria;Bacillati;Bacillota;Bacilli;Lactobacillales;Streptococcaceae;Streptococcus;Streptococcus periodonticum
MW595978.1	CP118032.1567698.1569256	98.672	1506	0.0	2667	Bacteria;Bacillati;Bacillota;Bacilli;Lactobacillales;Streptococcaceae;Streptococcus;Lactobacillus gasseri
MW595978.1	OETB01000024.1.1520	98.605	1505	0.0	2663	Bacteria;Bacillati;Bacillota;Bacilli;Lactobacillales;Streptococcaceae;Streptococcus;human gut metagenome
MW543923.1	PQ845660.1.1511	98.741	1509	0.0	2669	Bacteria;Bacillati;Bacillota;Bacilli;Lactobacillales;Streptococcaceae;Streptococcus;uncultured Streptococcus sp.
MW543923.1	CP034543.1435680.1437239	98.602	1502	0.0	2656	Bacteria;Bacillati;Bacillota;Bacilli;Lactobacillales;Streptococcaceae;Streptococcus;Streptococcus periodonticum
MW543923.1	JASOLX010000056.3560.5115	98.538	1505	0.0	2651	Bacteria;Bacillati;Bacillota;Bacilli;Lactobacillales;Streptococcaceae;Streptococcus;Lacticaseibacillus paracasei
MW543923.1	OETB01000024.1.1520	98.405	1505	0.0	2645	Bacteria;Bacillati;Bacillota;Bacilli;Lactobacillales;Streptococcaceae;Streptococcus;human gut metagenome
MW543923.1	AFIM01000033.206.1753	98.472	1505	0.0	2645	Bacteria;Bacillati;Bacillota;Bacilli;Lactobacillales;Streptococcaceae;Streptococcus;Streptococcus anginosus SK52 = DSM 20563
AF145242.1	FM873680.1.1509	98.805	1506	0.0	2682	Bacteria;Bacillati;Bacillota;Bacilli;Lactobacillales;Streptococcaceae;Streptococcus;uncultured bacterium
AF145242.1	JASOLX010000056.3560.5115	98.741	1509	0.0	2676	Bacteria;Bacillati;Bacillota;Bacilli;Lactobacillales;Streptococcaceae;Streptococcus;Lacticaseibacillus paracasei
AF145242.1	BNJU01001146.46780.48313	98.609	1510	0.0	2663	Bacteria;Bacillati;Bacillota;Bacilli;Lactobacillales;Streptococcaceae;Streptococcus;human saliva metagenome
AF145242.1	AFIM01000033.206.1753	98.541	1508	0.0	2660	Bacteria;Bacillati;Bacillota;Bacilli;Lactobacillales;Streptococcaceae;Streptococcus;Streptococcus anginosus SK52 = DSM 20563
AF145242.1	AF104678.1.1573	98.210	1508	0.0	2641	Bacteria;Bacillati;Bacillota;Bacilli;Lactobacillales;Streptococcaceae;Streptococcus;Streptococcus anginosus
LC545465.1	AFIM01000033.206.1753	99.598	1492	0.0	2721	Bacteria;Bacillati;Bacillota;Bacilli;Lactobacillales;Streptococcaceae;Streptococcus;Streptococcus anginosus SK52 = DSM 20563
LC545465.1	AF104678.1.1573	99.263	1492	0.0	2702	Bacteria;Bacillati;Bacillota;Bacilli;Lactobacillales;Streptococcaceae;Streptococcus;Streptococcus anginosus
LC545465.1	DQ232519.1.1477	99.863	1461	0.0	2686	Bacteria;Bacillati;Bacillota;Bacilli;Lactobacillales;Streptococcaceae;Streptococcus;Streptococcus anginosus
LC545465.1	JN578465.1.1478	99.587	1454	0.0	2651	Bacteria;Bacillati;Bacillota;Bacilli;Lactobacillales;Streptococcaceae;Streptococcus;Streptococcus anginosus
LC545465.1	LC258132.1.1449	99.586	1450	0.0	2643	Bacteria;Bacillati;Bacillota;Bacilli;Lactobacillales;Streptococcaceae;Streptococcus;Streptococcus anginosus
MW543926.1	AFIM01000033.206.1753	99.667	1502	0.0	2747	Bacteria;Bacillati;Bacillota;Bacilli;Lactobacillales;Streptococcaceae;Streptococcus;Streptococcus anginosus SK52 = DSM 20563
MW543926.1	AF104678.1.1573	99.268	1502	0.0	2723	Bacteria;Bacillati;Bacillota;Bacilli;Lactobacillales;Streptococcaceae;Streptococcus;Streptococcus anginosus
MW543926.1	DQ232519.1.1477	99.797	1477	0.0	2712	Bacteria;Bacillati;Bacillota;Bacilli;Lactobacillales;Streptococcaceae;Streptococcus;Streptococcus anginosus
MW543926.1	JN578465.1.1478	99.662	1478	0.0	2702	Bacteria;Bacillati;Bacillota;Bacilli;Lactobacillales;Streptococcaceae;Streptococcus;Streptococcus anginosus
MW543926.1	AY691534.1.1510	99.136	1504	0.0	2695	Bacteria;Bacillati;Bacillota;Bacilli;Lactobacillales;Streptococcaceae;Streptococcus;Streptococcus anginosus
AF145243.1	JASOLX010000056.3560.5115	98.668	1502	0.0	2663	Bacteria;Bacillati;Bacillota;Bacilli;Lactobacillales;Streptococcaceae;Streptococcus;Lacticaseibacillus paracasei
AF145243.1	CP034543.1435680.1437239	98.533	1500	0.0	2652	Bacteria;Bacillati;Bacillota;Bacilli;Lactobacillales;Streptococcaceae;Streptococcus;Streptococcus periodonticum
AF145243.1	FM873680.1.1509	98.468	1501	0.0	2647	Bacteria;Bacillati;Bacillota;Bacilli;Lactobacillales;Streptococcaceae;Streptococcus;uncultured bacterium
AF145243.1	PQ845660.1.1511	98.792	1490	0.0	2645	Bacteria;Bacillati;Bacillota;Bacilli;Lactobacillales;Streptococcaceae;Streptococcus;uncultured Streptococcus sp.
AF145243.1	CP118032.1567698.1569256	98.462	1495	0.0	2634	Bacteria;Bacillati;Bacillota;Bacilli;Lactobacillales;Streptococcaceae;Streptococcus;Lactobacillus gasseri
AF145246.1	JASOLX010000056.3560.5115	98.599	1499	0.0	2656	Bacteria;Bacillati;Bacillota;Bacilli;Lactobacillales;Streptococcaceae;Streptococcus;Lacticaseibacillus paracasei
AF145246.1	PQ845660.1.1511	98.856	1486	0.0	2647	Bacteria;Bacillati;Bacillota;Bacilli;Lactobacillales;Streptococcaceae;Streptococcus;uncultured Streptococcus sp.
AF145246.1	CP118032.1567698.1569256	98.524	1491	0.0	2636	Bacteria;Bacillati;Bacillota;Bacilli;Lactobacillales;Streptococcaceae;Streptococcus;Lactobacillus gasseri
AF145246.1	CP034543.1435680.1437239	98.329	1496	0.0	2634	Bacteria;Bacillati;Bacillota;Bacilli;Lactobacillales;Streptococcaceae;Streptococcus;Streptococcus periodonticum
AF145246.1	AFIM01000033.206.1753	98.266	1499	0.0	2628	Bacteria;Bacillati;Bacillota;Bacilli;Lactobacillales;Streptococcaceae;Streptococcus;Streptococcus anginosus SK52 = DSM 20563
OM265428.1	PQ845660.1.1511	99.057	1485	0.0	2652	Bacteria;Bacillati;Bacillota;Bacilli;Lactobacillales;Streptococcaceae;Streptococcus;uncultured Streptococcus sp.
OM265428.1	JASOLX010000056.3560.5115	98.721	1485	0.0	2628	Bacteria;Bacillati;Bacillota;Bacilli;Lactobacillales;Streptococcaceae;Streptococcus;Lacticaseibacillus paracasei
OM265428.1	CP118032.1567698.1569256	98.586	1485	0.0	2621	Bacteria;Bacillati;Bacillota;Bacilli;Lactobacillales;Streptococcaceae;Streptococcus;Lactobacillus gasseri
OM265428.1	CP034543.1435680.1437239	98.448	1482	0.0	2606	Bacteria;Bacillati;Bacillota;Bacilli;Lactobacillales;Streptococcaceae;Streptococcus;Streptococcus periodonticum
OM265428.1	OETB01000024.1.1520	98.381	1482	0.0	2601	Bacteria;Bacillati;Bacillota;Bacilli;Lactobacillales;Streptococcaceae;Streptococcus;human gut metagenome
AF145240.1	AFIM01000033.206.1753	99.398	1495	0.0	2717	Bacteria;Bacillati;Bacillota;Bacilli;Lactobacillales;Streptococcaceae;Streptococcus;Streptococcus anginosus SK52 = DSM 20563
AF145240.1	AF104678.1.1573	99.064	1495	0.0	2699	Bacteria;Bacillati;Bacillota;Bacilli;Lactobacillales;Streptococcaceae;Streptococcus;Streptococcus anginosus
AF145240.1	DQ232519.1.1477	99.525	1474	0.0	2689	Bacteria;Bacillati;Bacillota;Bacilli;Lactobacillales;Streptococcaceae;Streptococcus;Streptococcus anginosus
AF145240.1	JN578465.1.1478	99.387	1467	0.0	2665	Bacteria;Bacillati;Bacillota;Bacilli;Lactobacillales;Streptococcaceae;Streptococcus;Streptococcus anginosus
AF145240.1	AY691534.1.1510	98.923	1485	0.0	2651	Bacteria;Bacillati;Bacillota;Bacilli;Lactobacillales;Streptococcaceae;Streptococcus;Streptococcus anginosus
AF145241.1	AFIM01000033.206.1753	98.463	1496	0.0	2641	Bacteria;Bacillati;Bacillota;Bacilli;Lactobacillales;Streptococcaceae;Streptococcus;Streptococcus anginosus SK52 = DSM 20563
AF145241.1	JASOLX010000056.3560.5115	98.397	1497	0.0	2636	Bacteria;Bacillati;Bacillota;Bacilli;Lactobacillales;Streptococcaceae;Streptococcus;Lacticaseibacillus paracasei
AF145241.1	FM873680.1.1509	98.327	1494	0.0	2630	Bacteria;Bacillati;Bacillota;Bacilli;Lactobacillales;Streptococcaceae;Streptococcus;uncultured bacterium
AF145241.1	BNJU01001146.46780.48313	98.331	1498	0.0	2628	Bacteria;Bacillati;Bacillota;Bacilli;Lactobacillales;Streptococcaceae;Streptococcus;human saliva metagenome
AF145241.1	AF104678.1.1573	98.128	1496	0.0	2623	Bacteria;Bacillati;Bacillota;Bacilli;Lactobacillales;Streptococcaceae;Streptococcus;Streptococcus anginosus
KF733693.1	AFIM01000033.206.1753	99.664	1486	0.0	2717	Bacteria;Bacillati;Bacillota;Bacilli;Lactobacillales;Streptococcaceae;Streptococcus;Streptococcus anginosus SK52 = DSM 20563
KF733693.1	JN578465.1.1478	99.662	1478	0.0	2702	Bacteria;Bacillati;Bacillota;Bacilli;Lactobacillales;Streptococcaceae;Streptococcus;Streptococcus anginosus
KF733693.1	DQ232519.1.1477	99.796	1470	0.0	2699	Bacteria;Bacillati;Bacillota;Bacilli;Lactobacillales;Streptococcaceae;Streptococcus;Streptococcus anginosus
KF733693.1	AF104678.1.1573	99.260	1486	0.0	2693	Bacteria;Bacillati;Bacillota;Bacilli;Lactobacillales;Streptococcaceae;Streptococcus;Streptococcus anginosus
KF733693.1	AY691534.1.1510	99.126	1488	0.0	2665	Bacteria;Bacillati;Bacillota;Bacilli;Lactobacillales;Streptococcaceae;Streptococcus;Streptococcus anginosus
KF733694.1	AFIM01000033.206.1753	99.462	1486	0.0	2700	Bacteria;Bacillati;Bacillota;Bacilli;Lactobacillales;Streptococcaceae;Streptococcus;Streptococcus anginosus SK52 = DSM 20563
KF733694.1	JN578465.1.1478	99.459	1478	0.0	2686	Bacteria;Bacillati;Bacillota;Bacilli;Lactobacillales;Streptococcaceae;Streptococcus;Streptococcus anginosus
KF733694.1	DQ232519.1.1477	99.592	1470	0.0	2682	Bacteria;Bacillati;Bacillota;Bacilli;Lactobacillales;Streptococcaceae;Streptococcus;Streptococcus anginosus
KF733694.1	AF104678.1.1573	99.058	1486	0.0	2676	Bacteria;Bacillati;Bacillota;Bacilli;Lactobacillales;Streptococcaceae;Streptococcus;Streptococcus anginosus
KF733694.1	AY691534.1.1510	98.925	1488	0.0	2649	Bacteria;Bacillati;Bacillota;Bacilli;Lactobacillales;Streptococcaceae;Streptococcus;Streptococcus anginosus
KF733689.1	AFIM01000033.206.1753	99.328	1487	0.0	2691	Bacteria;Bacillati;Bacillota;Bacilli;Lactobacillales;Streptococcaceae;Streptococcus;Streptococcus anginosus SK52 = DSM 20563
KF733689.1	JN578465.1.1478	99.323	1478	0.0	2675	Bacteria;Bacillati;Bacillota;Bacilli;Lactobacillales;Streptococcaceae;Streptococcus;Streptococcus anginosus
KF733689.1	DQ232519.1.1477	99.456	1470	0.0	2671	Bacteria;Bacillati;Bacillota;Bacilli;Lactobacillales;Streptococcaceae;Streptococcus;Streptococcus anginosus
KF733689.1	AF104678.1.1573	98.924	1487	0.0	2667	Bacteria;Bacillati;Bacillota;Bacilli;Lactobacillales;Streptococcaceae;Streptococcus;Streptococcus anginosus
KF733689.1	AY691534.1.1510	98.791	1489	0.0	2639	Bacteria;Bacillati;Bacillota;Bacilli;Lactobacillales;Streptococcaceae;Streptococcus;Streptococcus anginosus
KF733717.1	BNJU01001146.46780.48313	98.793	1491	0.0	2643	Bacteria;Bacillati;Bacillota;Bacilli;Lactobacillales;Streptococcaceae;Streptococcus;human saliva metagenome
KF733717.1	JASOLX010000056.3560.5115	98.658	1490	0.0	2634	Bacteria;Bacillati;Bacillota;Bacilli;Lactobacillales;Streptococcaceae;Streptococcus;Lacticaseibacillus paracasei
KF733717.1	AFIM01000033.206.1753	98.589	1488	0.0	2628	Bacteria;Bacillati;Bacillota;Bacilli;Lactobacillales;Streptococcaceae;Streptococcus;Streptococcus anginosus SK52 = DSM 20563
KF733717.1	FM873680.1.1509	98.715	1479	0.0	2625	Bacteria;Bacillati;Bacillota;Bacilli;Lactobacillales;Streptococcaceae;Streptococcus;uncultured bacterium
KF733717.1	KC569584.1.1426	99.860	1426	0.0	2623	Bacteria;Bacillati;Bacillota;Bacilli;Lactobacillales;Streptococcaceae;Streptococcus;Streptococcus anginosus
KF733702.1	AFIM01000033.206.1753	99.731	1487	0.0	2724	Bacteria;Bacillati;Bacillota;Bacilli;Lactobacillales;Streptococcaceae;Streptococcus;Streptococcus anginosus SK52 = DSM 20563
KF733702.1	JN578465.1.1478	99.729	1478	0.0	2708	Bacteria;Bacillati;Bacillota;Bacilli;Lactobacillales;Streptococcaceae;Streptococcus;Streptococcus anginosus
KF733702.1	DQ232519.1.1477	99.864	1470	0.0	2704	Bacteria;Bacillati;Bacillota;Bacilli;Lactobacillales;Streptococcaceae;Streptococcus;Streptococcus anginosus
KF733702.1	AF104678.1.1573	99.328	1487	0.0	2700	Bacteria;Bacillati;Bacillota;Bacilli;Lactobacillales;Streptococcaceae;Streptococcus;Streptococcus anginosus
KF733702.1	AY691534.1.1510	99.194	1489	0.0	2673	Bacteria;Bacillati;Bacillota;Bacilli;Lactobacillales;Streptococcaceae;Streptococcus;Streptococcus anginosus
KF733691.1	AFIM01000033.206.1753	99.462	1487	0.0	2702	Bacteria;Bacillati;Bacillota;Bacilli;Lactobacillales;Streptococcaceae;Streptococcus;Streptococcus anginosus SK52 = DSM 20563
KF733691.1	DQ232519.1.1477	99.728	1470	0.0	2693	Bacteria;Bacillati;Bacillota;Bacilli;Lactobacillales;Streptococcaceae;Streptococcus;Streptococcus anginosus
KF733691.1	JN578465.1.1478	99.459	1478	0.0	2686	Bacteria;Bacillati;Bacillota;Bacilli;Lactobacillales;Streptococcaceae;Streptococcus;Streptococcus anginosus
KF733691.1	AF104678.1.1573	99.059	1487	0.0	2678	Bacteria;Bacillati;Bacillota;Bacilli;Lactobacillales;Streptococcaceae;Streptococcus;Streptococcus anginosus
KF733691.1	AY691534.1.1510	98.925	1489	0.0	2651	Bacteria;Bacillati;Bacillota;Bacilli;Lactobacillales;Streptococcaceae;Streptococcus;Streptococcus anginosus
KF733700.1	AFIM01000033.206.1753	99.596	1486	0.0	2712	Bacteria;Bacillati;Bacillota;Bacilli;Lactobacillales;Streptococcaceae;Streptococcus;Streptococcus anginosus SK52 = DSM 20563
KF733700.1	JN578465.1.1478	99.594	1478	0.0	2697	Bacteria;Bacillati;Bacillota;Bacilli;Lactobacillales;Streptococcaceae;Streptococcus;Streptococcus anginosus
KF733700.1	DQ232519.1.1477	99.728	1470	0.0	2693	Bacteria;Bacillati;Bacillota;Bacilli;Lactobacillales;Streptococcaceae;Streptococcus;Streptococcus anginosus
KF733700.1	AF104678.1.1573	99.192	1486	0.0	2687	Bacteria;Bacillati;Bacillota;Bacilli;Lactobacillales;Streptococcaceae;Streptococcus;Streptococcus anginosus
KF733700.1	AY691534.1.1510	99.059	1488	0.0	2660	Bacteria;Bacillati;Bacillota;Bacilli;Lactobacillales;Streptococcaceae;Streptococcus;Streptococcus anginosus
LC140947.1	LC140947.1.1484	100.000	1473	0.0	2699	Bacteria;Bacillati;Bacillota;Bacilli;Lactobacillales;Streptococcaceae;Streptococcus;Streptococcus anginosus
LC140947.1	AFIM01000033.206.1753	97.874	1458	0.0	2497	Bacteria;Bacillati;Bacillota;Bacilli;Lactobacillales;Streptococcaceae;Streptococcus;Streptococcus anginosus SK52 = DSM 20563
LC140947.1	AFIM01000033.206.1753	100.000	29	6.81e-05	54.7	Bacteria;Bacillati;Bacillota;Bacilli;Lactobacillales;Streptococcaceae;Streptococcus;Streptococcus anginosus SK52 = DSM 20563
LC140947.1	JN578465.1.1478	97.874	1458	0.0	2497	Bacteria;Bacillati;Bacillota;Bacilli;Lactobacillales;Streptococcaceae;Streptococcus;Streptococcus anginosus
LC140947.1	JN578465.1.1478	100.000	29	6.81e-05	54.7	Bacteria;Bacillati;Bacillota;Bacilli;Lactobacillales;Streptococcaceae;Streptococcus;Streptococcus anginosus
LC140947.1	LC258132.1.1449	97.874	1458	0.0	2497	Bacteria;Bacillati;Bacillota;Bacilli;Lactobacillales;Streptococcaceae;Streptococcus;Streptococcus anginosus
LC140947.1	AF104678.1.1573	97.531	1458	0.0	2479	Bacteria;Bacillati;Bacillota;Bacilli;Lactobacillales;Streptococcaceae;Streptococcus;Streptococcus anginosus
LC140947.1	AF104678.1.1573	100.000	29	6.81e-05	54.7	Bacteria;Bacillati;Bacillota;Bacilli;Lactobacillales;Streptococcaceae;Streptococcus;Streptococcus anginosus
MW555226.1	AFIM01000033.206.1753	99.730	1479	0.0	2708	Bacteria;Bacillati;Bacillota;Bacilli;Lactobacillales;Streptococcaceae;Streptococcus;Streptococcus anginosus SK52 = DSM 20563
MW555226.1	JN578465.1.1478	99.730	1479	0.0	2708	Bacteria;Bacillati;Bacillota;Bacilli;Lactobacillales;Streptococcaceae;Streptococcus;Streptococcus anginosus
MW555226.1	DQ232519.1.1477	99.728	1471	0.0	2693	Bacteria;Bacillati;Bacillota;Bacilli;Lactobacillales;Streptococcaceae;Streptococcus;Streptococcus anginosus
MW555226.1	AF104678.1.1573	99.391	1479	0.0	2689	Bacteria;Bacillati;Bacillota;Bacilli;Lactobacillales;Streptococcaceae;Streptococcus;Streptococcus anginosus
MW555226.1	AY691534.1.1510	99.122	1481	0.0	2652	Bacteria;Bacillati;Bacillota;Bacilli;Lactobacillales;Streptococcaceae;Streptococcus;Streptococcus anginosus
MT242497.1	AFIM01000033.206.1753	99.391	1479	0.0	2680	Bacteria;Bacillati;Bacillota;Bacilli;Lactobacillales;Streptococcaceae;Streptococcus;Streptococcus anginosus SK52 = DSM 20563
MT242497.1	JN578465.1.1478	99.391	1479	0.0	2680	Bacteria;Bacillati;Bacillota;Bacilli;Lactobacillales;Streptococcaceae;Streptococcus;Streptococcus anginosus
MT242497.1	DQ232519.1.1477	99.524	1471	0.0	2676	Bacteria;Bacillati;Bacillota;Bacilli;Lactobacillales;Streptococcaceae;Streptococcus;Streptococcus anginosus
MT242497.1	AF104678.1.1573	99.053	1479	0.0	2662	Bacteria;Bacillati;Bacillota;Bacilli;Lactobacillales;Streptococcaceae;Streptococcus;Streptococcus anginosus
MT242497.1	AY691534.1.1510	98.987	1481	0.0	2641	Bacteria;Bacillati;Bacillota;Bacilli;Lactobacillales;Streptococcaceae;Streptococcus;Streptococcus anginosus
MW555231.1	AFIM01000033.206.1753	99.865	1478	0.0	2719	Bacteria;Bacillati;Bacillota;Bacilli;Lactobacillales;Streptococcaceae;Streptococcus;Streptococcus anginosus SK52 = DSM 20563
MW555231.1	JN578465.1.1478	99.865	1478	0.0	2719	Bacteria;Bacillati;Bacillota;Bacilli;Lactobacillales;Streptococcaceae;Streptococcus;Streptococcus anginosus
MW555231.1	DQ232519.1.1477	99.864	1470	0.0	2704	Bacteria;Bacillati;Bacillota;Bacilli;Lactobacillales;Streptococcaceae;Streptococcus;Streptococcus anginosus
MW555231.1	AF104678.1.1573	99.526	1478	0.0	2700	Bacteria;Bacillati;Bacillota;Bacilli;Lactobacillales;Streptococcaceae;Streptococcus;Streptococcus anginosus
MW555231.1	AY691534.1.1510	99.257	1480	0.0	2663	Bacteria;Bacillati;Bacillota;Bacilli;Lactobacillales;Streptococcaceae;Streptococcus;Streptococcus anginosus
MT459251.1	AFIM01000033.206.1753	99.729	1478	0.0	2708	Bacteria;Bacillati;Bacillota;Bacilli;Lactobacillales;Streptococcaceae;Streptococcus;Streptococcus anginosus SK52 = DSM 20563
MT459251.1	JN578465.1.1478	99.729	1478	0.0	2708	Bacteria;Bacillati;Bacillota;Bacilli;Lactobacillales;Streptococcaceae;Streptococcus;Streptococcus anginosus
MT459251.1	DQ232519.1.1477	99.864	1470	0.0	2704	Bacteria;Bacillati;Bacillota;Bacilli;Lactobacillales;Streptococcaceae;Streptococcus;Streptococcus anginosus
MT459251.1	AF104678.1.1573	99.391	1478	0.0	2689	Bacteria;Bacillati;Bacillota;Bacilli;Lactobacillales;Streptococcaceae;Streptococcus;Streptococcus anginosus
MT459251.1	AY691534.1.1510	99.257	1480	0.0	2663	Bacteria;Bacillati;Bacillota;Bacilli;Lactobacillales;Streptococcaceae;Streptococcus;Streptococcus anginosus
MT261804.1	DQ232519.1.1477	99.728	1470	0.0	2693	Bacteria;Bacillati;Bacillota;Bacilli;Lactobacillales;Streptococcaceae;Streptococcus;Streptococcus anginosus
MT261804.1	AFIM01000033.206.1753	99.459	1478	0.0	2686	Bacteria;Bacillati;Bacillota;Bacilli;Lactobacillales;Streptococcaceae;Streptococcus;Streptococcus anginosus SK52 = DSM 20563
MT261804.1	JN578465.1.1478	99.459	1478	0.0	2686	Bacteria;Bacillati;Bacillota;Bacilli;Lactobacillales;Streptococcaceae;Streptococcus;Streptococcus anginosus
MT261804.1	AF104678.1.1573	99.120	1478	0.0	2667	Bacteria;Bacillati;Bacillota;Bacilli;Lactobacillales;Streptococcaceae;Streptococcus;Streptococcus anginosus
MT261804.1	AY691534.1.1510	98.986	1480	0.0	2641	Bacteria;Bacillati;Bacillota;Bacilli;Lactobacillales;Streptococcaceae;Streptococcus;Streptococcus anginosus
MT242501.1	AFIM01000033.206.1753	99.459	1478	0.0	2686	Bacteria;Bacillati;Bacillota;Bacilli;Lactobacillales;Streptococcaceae;Streptococcus;Streptococcus anginosus SK52 = DSM 20563
MT242501.1	JN578465.1.1478	99.459	1478	0.0	2686	Bacteria;Bacillati;Bacillota;Bacilli;Lactobacillales;Streptococcaceae;Streptococcus;Streptococcus anginosus
MT242501.1	DQ232519.1.1477	99.592	1470	0.0	2682	Bacteria;Bacillati;Bacillota;Bacilli;Lactobacillales;Streptococcaceae;Streptococcus;Streptococcus anginosus
MT242501.1	AF104678.1.1573	99.120	1478	0.0	2667	Bacteria;Bacillati;Bacillota;Bacilli;Lactobacillales;Streptococcaceae;Streptococcus;Streptococcus anginosus
MT242501.1	AY691534.1.1510	99.054	1480	0.0	2647	Bacteria;Bacillati;Bacillota;Bacilli;Lactobacillales;Streptococcaceae;Streptococcus;Streptococcus anginosus
NR_118289.1	AFIM01000033.206.1753	100.000	1478	0.0	2730	Bacteria;Bacillati;Bacillota;Bacilli;Lactobacillales;Streptococcaceae;Streptococcus;Streptococcus anginosus SK52 = DSM 20563
NR_118289.1	JN578465.1.1478	100.000	1478	0.0	2730	Bacteria;Bacillati;Bacillota;Bacilli;Lactobacillales;Streptococcaceae;Streptococcus;Streptococcus anginosus
NR_118289.1	AF104678.1.1573	99.662	1478	0.0	2712	Bacteria;Bacillati;Bacillota;Bacilli;Lactobacillales;Streptococcaceae;Streptococcus;Streptococcus anginosus
NR_118289.1	DQ232519.1.1477	99.728	1470	0.0	2693	Bacteria;Bacillati;Bacillota;Bacilli;Lactobacillales;Streptococcaceae;Streptococcus;Streptococcus anginosus
NR_118289.1	LC258132.1.1449	100.000	1442	0.0	2663	Bacteria;Bacillati;Bacillota;Bacilli;Lactobacillales;Streptococcaceae;Streptococcus;Streptococcus anginosus
MT261807.1	AFIM01000033.206.1753	99.729	1478	0.0	2708	Bacteria;Bacillati;Bacillota;Bacilli;Lactobacillales;Streptococcaceae;Streptococcus;Streptococcus anginosus SK52 = DSM 20563
MT261807.1	JN578465.1.1478	99.729	1478	0.0	2708	Bacteria;Bacillati;Bacillota;Bacilli;Lactobacillales;Streptococcaceae;Streptococcus;Streptococcus anginosus
MT261807.1	DQ232519.1.1477	99.864	1470	0.0	2704	Bacteria;Bacillati;Bacillota;Bacilli;Lactobacillales;Streptococcaceae;Streptococcus;Streptococcus anginosus
MT261807.1	AF104678.1.1573	99.391	1478	0.0	2689	Bacteria;Bacillati;Bacillota;Bacilli;Lactobacillales;Streptococcaceae;Streptococcus;Streptococcus anginosus
MT261807.1	AY691534.1.1510	99.257	1480	0.0	2663	Bacteria;Bacillati;Bacillota;Bacilli;Lactobacillales;Streptococcaceae;Streptococcus;Streptococcus anginosus
MT280213.1	DQ232519.1.1477	99.864	1470	0.0	2704	Bacteria;Bacillati;Bacillota;Bacilli;Lactobacillales;Streptococcaceae;Streptococcus;Streptococcus anginosus
MT280213.1	AFIM01000033.206.1753	99.594	1478	0.0	2697	Bacteria;Bacillati;Bacillota;Bacilli;Lactobacillales;Streptococcaceae;Streptococcus;Streptococcus anginosus SK52 = DSM 20563
MT280213.1	JN578465.1.1478	99.594	1478	0.0	2697	Bacteria;Bacillati;Bacillota;Bacilli;Lactobacillales;Streptococcaceae;Streptococcus;Streptococcus anginosus
MT280213.1	AF104678.1.1573	99.256	1478	0.0	2678	Bacteria;Bacillati;Bacillota;Bacilli;Lactobacillales;Streptococcaceae;Streptococcus;Streptococcus anginosus
MT280213.1	AY691534.1.1510	99.122	1480	0.0	2652	Bacteria;Bacillati;Bacillota;Bacilli;Lactobacillales;Streptococcaceae;Streptococcus;Streptococcus anginosus
MT665031.1	AFIM01000033.206.1753	99.797	1478	0.0	2713	Bacteria;Bacillati;Bacillota;Bacilli;Lactobacillales;Streptococcaceae;Streptococcus;Streptococcus anginosus SK52 = DSM 20563
MT665031.1	JN578465.1.1478	99.797	1478	0.0	2713	Bacteria;Bacillati;Bacillota;Bacilli;Lactobacillales;Streptococcaceae;Streptococcus;Streptococcus anginosus
MT665031.1	DQ232519.1.1477	99.932	1470	0.0	2710	Bacteria;Bacillati;Bacillota;Bacilli;Lactobacillales;Streptococcaceae;Streptococcus;Streptococcus anginosus
MT665031.1	AF104678.1.1573	99.459	1478	0.0	2695	Bacteria;Bacillati;Bacillota;Bacilli;Lactobacillales;Streptococcaceae;Streptococcus;Streptococcus anginosus
MT665031.1	AY691534.1.1510	99.324	1480	0.0	2669	Bacteria;Bacillati;Bacillota;Bacilli;Lactobacillales;Streptococcaceae;Streptococcus;Streptococcus anginosus
MT658564.1	AFIM01000033.206.1753	99.662	1478	0.0	2702	Bacteria;Bacillati;Bacillota;Bacilli;Lactobacillales;Streptococcaceae;Streptococcus;Streptococcus anginosus SK52 = DSM 20563
MT658564.1	JN578465.1.1478	99.662	1478	0.0	2702	Bacteria;Bacillati;Bacillota;Bacilli;Lactobacillales;Streptococcaceae;Streptococcus;Streptococcus anginosus
MT658564.1	DQ232519.1.1477	99.796	1470	0.0	2699	Bacteria;Bacillati;Bacillota;Bacilli;Lactobacillales;Streptococcaceae;Streptococcus;Streptococcus anginosus
MT658564.1	AF104678.1.1573	99.323	1478	0.0	2684	Bacteria;Bacillati;Bacillota;Bacilli;Lactobacillales;Streptococcaceae;Streptococcus;Streptococcus anginosus
MT658564.1	AY691534.1.1510	99.189	1480	0.0	2658	Bacteria;Bacillati;Bacillota;Bacilli;Lactobacillales;Streptococcaceae;Streptococcus;Streptococcus anginosus
KJ728813.1	PQ845660.1.1511	98.853	1482	0.0	2632	Bacteria;Bacillati;Bacillota;Bacilli;Lactobacillales;Streptococcaceae;Streptococcus;uncultured Streptococcus sp.
KJ728813.1	JASOLX010000056.3560.5115	98.716	1480	0.0	2625	Bacteria;Bacillati;Bacillota;Bacilli;Lactobacillales;Streptococcaceae;Streptococcus;Lacticaseibacillus paracasei
KJ728813.1	CP034543.1435680.1437239	98.579	1478	0.0	2614	Bacteria;Bacillati;Bacillota;Bacilli;Lactobacillales;Streptococcaceae;Streptococcus;Streptococcus periodonticum
KJ728813.1	CP118032.1567698.1569256	98.515	1481	0.0	2610	Bacteria;Bacillati;Bacillota;Bacilli;Lactobacillales;Streptococcaceae;Streptococcus;Lactobacillus gasseri
KJ728813.1	FM873680.1.1509	98.513	1479	0.0	2608	Bacteria;Bacillati;Bacillota;Bacilli;Lactobacillales;Streptococcaceae;Streptococcus;uncultured bacterium
MT500684.1	AFIM01000033.206.1753	99.797	1478	0.0	2713	Bacteria;Bacillati;Bacillota;Bacilli;Lactobacillales;Streptococcaceae;Streptococcus;Streptococcus anginosus SK52 = DSM 20563
MT500684.1	JN578465.1.1478	99.797	1478	0.0	2713	Bacteria;Bacillati;Bacillota;Bacilli;Lactobacillales;Streptococcaceae;Streptococcus;Streptococcus anginosus
MT500684.1	DQ232519.1.1477	99.932	1470	0.0	2710	Bacteria;Bacillati;Bacillota;Bacilli;Lactobacillales;Streptococcaceae;Streptococcus;Streptococcus anginosus
MT500684.1	AF104678.1.1573	99.459	1478	0.0	2695	Bacteria;Bacillati;Bacillota;Bacilli;Lactobacillales;Streptococcaceae;Streptococcus;Streptococcus anginosus
MT500684.1	AY691534.1.1510	99.324	1480	0.0	2669	Bacteria;Bacillati;Bacillota;Bacilli;Lactobacillales;Streptococcaceae;Streptococcus;Streptococcus anginosus
MT498552.1	AFIM01000033.206.1753	99.662	1478	0.0	2702	Bacteria;Bacillati;Bacillota;Bacilli;Lactobacillales;Streptococcaceae;Streptococcus;Streptococcus anginosus SK52 = DSM 20563
MT498552.1	JN578465.1.1478	99.662	1478	0.0	2702	Bacteria;Bacillati;Bacillota;Bacilli;Lactobacillales;Streptococcaceae;Streptococcus;Streptococcus anginosus
MT498552.1	DQ232519.1.1477	99.796	1470	0.0	2699	Bacteria;Bacillati;Bacillota;Bacilli;Lactobacillales;Streptococcaceae;Streptococcus;Streptococcus anginosus
MT498552.1	AF104678.1.1573	99.323	1478	0.0	2684	Bacteria;Bacillati;Bacillota;Bacilli;Lactobacillales;Streptococcaceae;Streptococcus;Streptococcus anginosus
MT498552.1	AY691534.1.1510	99.189	1480	0.0	2658	Bacteria;Bacillati;Bacillota;Bacilli;Lactobacillales;Streptococcaceae;Streptococcus;Streptococcus anginosus
MT482705.1	DQ232519.1.1477	99.796	1470	0.0	2699	Bacteria;Bacillati;Bacillota;Bacilli;Lactobacillales;Streptococcaceae;Streptococcus;Streptococcus anginosus
MT482705.1	AFIM01000033.206.1753	99.526	1478	0.0	2691	Bacteria;Bacillati;Bacillota;Bacilli;Lactobacillales;Streptococcaceae;Streptococcus;Streptococcus anginosus SK52 = DSM 20563
MT482705.1	JN578465.1.1478	99.526	1478	0.0	2691	Bacteria;Bacillati;Bacillota;Bacilli;Lactobacillales;Streptococcaceae;Streptococcus;Streptococcus anginosus
MT482705.1	AF104678.1.1573	99.188	1478	0.0	2673	Bacteria;Bacillati;Bacillota;Bacilli;Lactobacillales;Streptococcaceae;Streptococcus;Streptococcus anginosus
MT482705.1	AY691534.1.1510	99.054	1480	0.0	2647	Bacteria;Bacillati;Bacillota;Bacilli;Lactobacillales;Streptococcaceae;Streptococcus;Streptococcus anginosus
MT477776.1	AFIM01000033.206.1753	99.662	1478	0.0	2702	Bacteria;Bacillati;Bacillota;Bacilli;Lactobacillales;Streptococcaceae;Streptococcus;Streptococcus anginosus SK52 = DSM 20563
MT477776.1	JN578465.1.1478	99.662	1478	0.0	2702	Bacteria;Bacillati;Bacillota;Bacilli;Lactobacillales;Streptococcaceae;Streptococcus;Streptococcus anginosus
MT477776.1	DQ232519.1.1477	99.796	1470	0.0	2699	Bacteria;Bacillati;Bacillota;Bacilli;Lactobacillales;Streptococcaceae;Streptococcus;Streptococcus anginosus
MT477776.1	AF104678.1.1573	99.323	1478	0.0	2684	Bacteria;Bacillati;Bacillota;Bacilli;Lactobacillales;Streptococcaceae;Streptococcus;Streptococcus anginosus
MT477776.1	AY691534.1.1510	99.189	1480	0.0	2658	Bacteria;Bacillati;Bacillota;Bacilli;Lactobacillales;Streptococcaceae;Streptococcus;Streptococcus anginosus
MT459269.1	AFIM01000033.206.1753	99.662	1478	0.0	2702	Bacteria;Bacillati;Bacillota;Bacilli;Lactobacillales;Streptococcaceae;Streptococcus;Streptococcus anginosus SK52 = DSM 20563
MT459269.1	JN578465.1.1478	99.662	1478	0.0	2702	Bacteria;Bacillati;Bacillota;Bacilli;Lactobacillales;Streptococcaceae;Streptococcus;Streptococcus anginosus
MT459269.1	DQ232519.1.1477	99.796	1470	0.0	2699	Bacteria;Bacillati;Bacillota;Bacilli;Lactobacillales;Streptococcaceae;Streptococcus;Streptococcus anginosus
MT459269.1	AF104678.1.1573	99.323	1478	0.0	2684	Bacteria;Bacillati;Bacillota;Bacilli;Lactobacillales;Streptococcaceae;Streptococcus;Streptococcus anginosus
MT459269.1	AY691534.1.1510	99.189	1480	0.0	2658	Bacteria;Bacillati;Bacillota;Bacilli;Lactobacillales;Streptococcaceae;Streptococcus;Streptococcus anginosus
MT459252.1	AFIM01000033.206.1753	99.526	1478	0.0	2691	Bacteria;Bacillati;Bacillota;Bacilli;Lactobacillales;Streptococcaceae;Streptococcus;Streptococcus anginosus SK52 = DSM 20563
MT459252.1	JN578465.1.1478	99.526	1478	0.0	2691	Bacteria;Bacillati;Bacillota;Bacilli;Lactobacillales;Streptococcaceae;Streptococcus;Streptococcus anginosus
MT459252.1	DQ232519.1.1477	99.660	1470	0.0	2687	Bacteria;Bacillati;Bacillota;Bacilli;Lactobacillales;Streptococcaceae;Streptococcus;Streptococcus anginosus
MT459252.1	AF104678.1.1573	99.188	1478	0.0	2673	Bacteria;Bacillati;Bacillota;Bacilli;Lactobacillales;Streptococcaceae;Streptococcus;Streptococcus anginosus
MT459252.1	AY691534.1.1510	99.054	1480	0.0	2647	Bacteria;Bacillati;Bacillota;Bacilli;Lactobacillales;Streptococcaceae;Streptococcus;Streptococcus anginosus
JN578465.1	AFIM01000033.206.1753	100.000	1478	0.0	2730	Bacteria;Bacillati;Bacillota;Bacilli;Lactobacillales;Streptococcaceae;Streptococcus;Streptococcus anginosus SK52 = DSM 20563
JN578465.1	JN578465.1.1478	100.000	1478	0.0	2730	Bacteria;Bacillati;Bacillota;Bacilli;Lactobacillales;Streptococcaceae;Streptococcus;Streptococcus anginosus
JN578465.1	AF104678.1.1573	99.662	1478	0.0	2712	Bacteria;Bacillati;Bacillota;Bacilli;Lactobacillales;Streptococcaceae;Streptococcus;Streptococcus anginosus
JN578465.1	DQ232519.1.1477	99.728	1470	0.0	2693	Bacteria;Bacillati;Bacillota;Bacilli;Lactobacillales;Streptococcaceae;Streptococcus;Streptococcus anginosus
JN578465.1	LC258132.1.1449	100.000	1442	0.0	2663	Bacteria;Bacillati;Bacillota;Bacilli;Lactobacillales;Streptococcaceae;Streptococcus;Streptococcus anginosus
MW404518.1	AFIM01000033.206.1753	99.729	1478	0.0	2708	Bacteria;Bacillati;Bacillota;Bacilli;Lactobacillales;Streptococcaceae;Streptococcus;Streptococcus anginosus SK52 = DSM 20563
MW404518.1	JN578465.1.1478	99.729	1478	0.0	2708	Bacteria;Bacillati;Bacillota;Bacilli;Lactobacillales;Streptococcaceae;Streptococcus;Streptococcus anginosus
MW404518.1	DQ232519.1.1477	99.864	1470	0.0	2704	Bacteria;Bacillati;Bacillota;Bacilli;Lactobacillales;Streptococcaceae;Streptococcus;Streptococcus anginosus
MW404518.1	AF104678.1.1573	99.391	1478	0.0	2689	Bacteria;Bacillati;Bacillota;Bacilli;Lactobacillales;Streptococcaceae;Streptococcus;Streptococcus anginosus
MW404518.1	AY691534.1.1510	99.257	1480	0.0	2663	Bacteria;Bacillati;Bacillota;Bacilli;Lactobacillales;Streptococcaceae;Streptococcus;Streptococcus anginosus
MT256261.1	AFIM01000033.206.1753	99.797	1478	0.0	2713	Bacteria;Bacillati;Bacillota;Bacilli;Lactobacillales;Streptococcaceae;Streptococcus;Streptococcus anginosus SK52 = DSM 20563
MT256261.1	JN578465.1.1478	99.797	1478	0.0	2713	Bacteria;Bacillati;Bacillota;Bacilli;Lactobacillales;Streptococcaceae;Streptococcus;Streptococcus anginosus
MT256261.1	DQ232519.1.1477	99.932	1470	0.0	2710	Bacteria;Bacillati;Bacillota;Bacilli;Lactobacillales;Streptococcaceae;Streptococcus;Streptococcus anginosus
MT256261.1	AF104678.1.1573	99.459	1478	0.0	2695	Bacteria;Bacillati;Bacillota;Bacilli;Lactobacillales;Streptococcaceae;Streptococcus;Streptococcus anginosus
MT256261.1	AY691534.1.1510	99.324	1480	0.0	2669	Bacteria;Bacillati;Bacillota;Bacilli;Lactobacillales;Streptococcaceae;Streptococcus;Streptococcus anginosus
MW658778.1	AFIM01000033.206.1753	99.662	1478	0.0	2702	Bacteria;Bacillati;Bacillota;Bacilli;Lactobacillales;Streptococcaceae;Streptococcus;Streptococcus anginosus SK52 = DSM 20563
MW658778.1	JN578465.1.1478	99.662	1478	0.0	2702	Bacteria;Bacillati;Bacillota;Bacilli;Lactobacillales;Streptococcaceae;Streptococcus;Streptococcus anginosus
MW658778.1	DQ232519.1.1477	99.796	1470	0.0	2699	Bacteria;Bacillati;Bacillota;Bacilli;Lactobacillales;Streptococcaceae;Streptococcus;Streptococcus anginosus
MW658778.1	AF104678.1.1573	99.323	1478	0.0	2684	Bacteria;Bacillati;Bacillota;Bacilli;Lactobacillales;Streptococcaceae;Streptococcus;Streptococcus anginosus
MW658778.1	AY691534.1.1510	99.189	1480	0.0	2658	Bacteria;Bacillati;Bacillota;Bacilli;Lactobacillales;Streptococcaceae;Streptococcus;Streptococcus anginosus
MT436816.1	AFIM01000033.206.1753	99.594	1478	0.0	2699	Bacteria;Bacillati;Bacillota;Bacilli;Lactobacillales;Streptococcaceae;Streptococcus;Streptococcus anginosus SK52 = DSM 20563
MT436816.1	JN578465.1.1478	99.594	1478	0.0	2699	Bacteria;Bacillati;Bacillota;Bacilli;Lactobacillales;Streptococcaceae;Streptococcus;Streptococcus anginosus
MT436816.1	DQ232519.1.1477	99.728	1470	0.0	2695	Bacteria;Bacillati;Bacillota;Bacilli;Lactobacillales;Streptococcaceae;Streptococcus;Streptococcus anginosus
MT436816.1	AF104678.1.1573	99.256	1478	0.0	2680	Bacteria;Bacillati;Bacillota;Bacilli;Lactobacillales;Streptococcaceae;Streptococcus;Streptococcus anginosus
MT436816.1	AY691534.1.1510	99.122	1480	0.0	2654	Bacteria;Bacillati;Bacillota;Bacilli;Lactobacillales;Streptococcaceae;Streptococcus;Streptococcus anginosus
MT320108.1	AFIM01000033.206.1753	99.797	1478	0.0	2713	Bacteria;Bacillati;Bacillota;Bacilli;Lactobacillales;Streptococcaceae;Streptococcus;Streptococcus anginosus SK52 = DSM 20563
MT320108.1	JN578465.1.1478	99.797	1478	0.0	2713	Bacteria;Bacillati;Bacillota;Bacilli;Lactobacillales;Streptococcaceae;Streptococcus;Streptococcus anginosus
MT320108.1	DQ232519.1.1477	99.932	1470	0.0	2710	Bacteria;Bacillati;Bacillota;Bacilli;Lactobacillales;Streptococcaceae;Streptococcus;Streptococcus anginosus
MT320108.1	AF104678.1.1573	99.459	1478	0.0	2695	Bacteria;Bacillati;Bacillota;Bacilli;Lactobacillales;Streptococcaceae;Streptococcus;Streptococcus anginosus
MT320108.1	AY691534.1.1510	99.324	1480	0.0	2669	Bacteria;Bacillati;Bacillota;Bacilli;Lactobacillales;Streptococcaceae;Streptococcus;Streptococcus anginosus
MT280310.1	AFIM01000033.206.1753	99.594	1478	0.0	2697	Bacteria;Bacillati;Bacillota;Bacilli;Lactobacillales;Streptococcaceae;Streptococcus;Streptococcus anginosus SK52 = DSM 20563
MT280310.1	JN578465.1.1478	99.594	1478	0.0	2697	Bacteria;Bacillati;Bacillota;Bacilli;Lactobacillales;Streptococcaceae;Streptococcus;Streptococcus anginosus
MT280310.1	DQ232519.1.1477	99.728	1470	0.0	2693	Bacteria;Bacillati;Bacillota;Bacilli;Lactobacillales;Streptococcaceae;Streptococcus;Streptococcus anginosus
MT280310.1	AF104678.1.1573	99.256	1478	0.0	2678	Bacteria;Bacillati;Bacillota;Bacilli;Lactobacillales;Streptococcaceae;Streptococcus;Streptococcus anginosus
MT280310.1	AY691534.1.1510	99.122	1480	0.0	2652	Bacteria;Bacillati;Bacillota;Bacilli;Lactobacillales;Streptococcaceae;Streptococcus;Streptococcus anginosus
MW404394.1	AFIM01000033.206.1753	99.729	1478	0.0	2708	Bacteria;Bacillati;Bacillota;Bacilli;Lactobacillales;Streptococcaceae;Streptococcus;Streptococcus anginosus SK52 = DSM 20563
MW404394.1	JN578465.1.1478	99.729	1478	0.0	2708	Bacteria;Bacillati;Bacillota;Bacilli;Lactobacillales;Streptococcaceae;Streptococcus;Streptococcus anginosus
MW404394.1	DQ232519.1.1477	99.864	1470	0.0	2704	Bacteria;Bacillati;Bacillota;Bacilli;Lactobacillales;Streptococcaceae;Streptococcus;Streptococcus anginosus
MW404394.1	AF104678.1.1573	99.391	1478	0.0	2689	Bacteria;Bacillati;Bacillota;Bacilli;Lactobacillales;Streptococcaceae;Streptococcus;Streptococcus anginosus
MW404394.1	AY691534.1.1510	99.257	1480	0.0	2663	Bacteria;Bacillati;Bacillota;Bacilli;Lactobacillales;Streptococcaceae;Streptococcus;Streptococcus anginosus
MT299717.1	AFIM01000033.206.1753	99.729	1478	0.0	2708	Bacteria;Bacillati;Bacillota;Bacilli;Lactobacillales;Streptococcaceae;Streptococcus;Streptococcus anginosus SK52 = DSM 20563
MT299717.1	JN578465.1.1478	99.729	1478	0.0	2708	Bacteria;Bacillati;Bacillota;Bacilli;Lactobacillales;Streptococcaceae;Streptococcus;Streptococcus anginosus
MT299717.1	DQ232519.1.1477	99.864	1470	0.0	2704	Bacteria;Bacillati;Bacillota;Bacilli;Lactobacillales;Streptococcaceae;Streptococcus;Streptococcus anginosus
MT299717.1	AF104678.1.1573	99.391	1478	0.0	2689	Bacteria;Bacillati;Bacillota;Bacilli;Lactobacillales;Streptococcaceae;Streptococcus;Streptococcus anginosus
MT299717.1	AY691534.1.1510	99.257	1480	0.0	2663	Bacteria;Bacillati;Bacillota;Bacilli;Lactobacillales;Streptococcaceae;Streptococcus;Streptococcus anginosus
MT299682.1	AFIM01000033.206.1753	99.729	1478	0.0	2708	Bacteria;Bacillati;Bacillota;Bacilli;Lactobacillales;Streptococcaceae;Streptococcus;Streptococcus anginosus SK52 = DSM 20563
MT299682.1	JN578465.1.1478	99.729	1478	0.0	2708	Bacteria;Bacillati;Bacillota;Bacilli;Lactobacillales;Streptococcaceae;Streptococcus;Streptococcus anginosus
MT299682.1	DQ232519.1.1477	99.864	1470	0.0	2704	Bacteria;Bacillati;Bacillota;Bacilli;Lactobacillales;Streptococcaceae;Streptococcus;Streptococcus anginosus
MT299682.1	AF104678.1.1573	99.391	1478	0.0	2689	Bacteria;Bacillati;Bacillota;Bacilli;Lactobacillales;Streptococcaceae;Streptococcus;Streptococcus anginosus
MT299682.1	AY691534.1.1510	99.257	1480	0.0	2663	Bacteria;Bacillati;Bacillota;Bacilli;Lactobacillales;Streptococcaceae;Streptococcus;Streptococcus anginosus
MT436826.1	AFIM01000033.206.1753	99.662	1478	0.0	2702	Bacteria;Bacillati;Bacillota;Bacilli;Lactobacillales;Streptococcaceae;Streptococcus;Streptococcus anginosus SK52 = DSM 20563
MT436826.1	JN578465.1.1478	99.662	1478	0.0	2702	Bacteria;Bacillati;Bacillota;Bacilli;Lactobacillales;Streptococcaceae;Streptococcus;Streptococcus anginosus
MT436826.1	DQ232519.1.1477	99.796	1470	0.0	2699	Bacteria;Bacillati;Bacillota;Bacilli;Lactobacillales;Streptococcaceae;Streptococcus;Streptococcus anginosus
MT436826.1	AF104678.1.1573	99.323	1478	0.0	2684	Bacteria;Bacillati;Bacillota;Bacilli;Lactobacillales;Streptococcaceae;Streptococcus;Streptococcus anginosus
MT436826.1	AY691534.1.1510	99.189	1480	0.0	2658	Bacteria;Bacillati;Bacillota;Bacilli;Lactobacillales;Streptococcaceae;Streptococcus;Streptococcus anginosus
MT295467.1	AFIM01000033.206.1753	99.797	1478	0.0	2713	Bacteria;Bacillati;Bacillota;Bacilli;Lactobacillales;Streptococcaceae;Streptococcus;Streptococcus anginosus SK52 = DSM 20563
MT295467.1	JN578465.1.1478	99.797	1478	0.0	2713	Bacteria;Bacillati;Bacillota;Bacilli;Lactobacillales;Streptococcaceae;Streptococcus;Streptococcus anginosus
MT295467.1	DQ232519.1.1477	99.932	1470	0.0	2710	Bacteria;Bacillati;Bacillota;Bacilli;Lactobacillales;Streptococcaceae;Streptococcus;Streptococcus anginosus
MT295467.1	AF104678.1.1573	99.459	1478	0.0	2695	Bacteria;Bacillati;Bacillota;Bacilli;Lactobacillales;Streptococcaceae;Streptococcus;Streptococcus anginosus
MT295467.1	AY691534.1.1510	99.324	1480	0.0	2669	Bacteria;Bacillati;Bacillota;Bacilli;Lactobacillales;Streptococcaceae;Streptococcus;Streptococcus anginosus
MW404519.1	AFIM01000033.206.1753	99.729	1478	0.0	2708	Bacteria;Bacillati;Bacillota;Bacilli;Lactobacillales;Streptococcaceae;Streptococcus;Streptococcus anginosus SK52 = DSM 20563
MW404519.1	JN578465.1.1478	99.729	1478	0.0	2708	Bacteria;Bacillati;Bacillota;Bacilli;Lactobacillales;Streptococcaceae;Streptococcus;Streptococcus anginosus
MW404519.1	DQ232519.1.1477	99.864	1470	0.0	2704	Bacteria;Bacillati;Bacillota;Bacilli;Lactobacillales;Streptococcaceae;Streptococcus;Streptococcus anginosus
MW404519.1	AF104678.1.1573	99.391	1478	0.0	2689	Bacteria;Bacillati;Bacillota;Bacilli;Lactobacillales;Streptococcaceae;Streptococcus;Streptococcus anginosus
MW404519.1	AY691534.1.1510	99.257	1480	0.0	2663	Bacteria;Bacillati;Bacillota;Bacilli;Lactobacillales;Streptococcaceae;Streptococcus;Streptococcus anginosus
MW407045.1	AFIM01000033.206.1753	100.000	1478	0.0	2730	Bacteria;Bacillati;Bacillota;Bacilli;Lactobacillales;Streptococcaceae;Streptococcus;Streptococcus anginosus SK52 = DSM 20563
MW407045.1	JN578465.1.1478	100.000	1478	0.0	2730	Bacteria;Bacillati;Bacillota;Bacilli;Lactobacillales;Streptococcaceae;Streptococcus;Streptococcus anginosus
MW407045.1	AF104678.1.1573	99.662	1478	0.0	2712	Bacteria;Bacillati;Bacillota;Bacilli;Lactobacillales;Streptococcaceae;Streptococcus;Streptococcus anginosus
MW407045.1	DQ232519.1.1477	99.728	1470	0.0	2693	Bacteria;Bacillati;Bacillota;Bacilli;Lactobacillales;Streptococcaceae;Streptococcus;Streptococcus anginosus
MW407045.1	LC258132.1.1449	100.000	1442	0.0	2663	Bacteria;Bacillati;Bacillota;Bacilli;Lactobacillales;Streptococcaceae;Streptococcus;Streptococcus anginosus
MW412584.1	AFIM01000033.206.1753	99.594	1478	0.0	2697	Bacteria;Bacillati;Bacillota;Bacilli;Lactobacillales;Streptococcaceae;Streptococcus;Streptococcus anginosus SK52 = DSM 20563
MW412584.1	JN578465.1.1478	99.594	1478	0.0	2697	Bacteria;Bacillati;Bacillota;Bacilli;Lactobacillales;Streptococcaceae;Streptococcus;Streptococcus anginosus
MW412584.1	DQ232519.1.1477	99.728	1470	0.0	2693	Bacteria;Bacillati;Bacillota;Bacilli;Lactobacillales;Streptococcaceae;Streptococcus;Streptococcus anginosus
MW412584.1	AF104678.1.1573	99.256	1478	0.0	2678	Bacteria;Bacillati;Bacillota;Bacilli;Lactobacillales;Streptococcaceae;Streptococcus;Streptococcus anginosus
MW412584.1	AY691534.1.1510	99.122	1480	0.0	2652	Bacteria;Bacillati;Bacillota;Bacilli;Lactobacillales;Streptococcaceae;Streptococcus;Streptococcus anginosus
MW541857.1	AFIM01000033.206.1753	99.729	1478	0.0	2708	Bacteria;Bacillati;Bacillota;Bacilli;Lactobacillales;Streptococcaceae;Streptococcus;Streptococcus anginosus SK52 = DSM 20563
MW541857.1	JN578465.1.1478	99.729	1478	0.0	2708	Bacteria;Bacillati;Bacillota;Bacilli;Lactobacillales;Streptococcaceae;Streptococcus;Streptococcus anginosus
MW541857.1	DQ232519.1.1477	99.864	1470	0.0	2704	Bacteria;Bacillati;Bacillota;Bacilli;Lactobacillales;Streptococcaceae;Streptococcus;Streptococcus anginosus
MW541857.1	AF104678.1.1573	99.391	1478	0.0	2689	Bacteria;Bacillati;Bacillota;Bacilli;Lactobacillales;Streptococcaceae;Streptococcus;Streptococcus anginosus
MW541857.1	AY691534.1.1510	99.257	1480	0.0	2663	Bacteria;Bacillati;Bacillota;Bacilli;Lactobacillales;Streptococcaceae;Streptococcus;Streptococcus anginosus
MT261781.1	PQ845660.1.1511	98.853	1482	0.0	2630	Bacteria;Bacillati;Bacillota;Bacilli;Lactobacillales;Streptococcaceae;Streptococcus;uncultured Streptococcus sp.
MT261781.1	JASOLX010000056.3560.5115	98.716	1480	0.0	2623	Bacteria;Bacillati;Bacillota;Bacilli;Lactobacillales;Streptococcaceae;Streptococcus;Lacticaseibacillus paracasei
MT261781.1	CP034543.1435680.1437239	98.647	1478	0.0	2617	Bacteria;Bacillati;Bacillota;Bacilli;Lactobacillales;Streptococcaceae;Streptococcus;Streptococcus periodonticum
MT261781.1	FM873680.1.1509	98.580	1479	0.0	2614	Bacteria;Bacillati;Bacillota;Bacilli;Lactobacillales;Streptococcaceae;Streptococcus;uncultured bacterium
MT261781.1	OETB01000024.1.1520	98.579	1478	0.0	2612	Bacteria;Bacillati;Bacillota;Bacilli;Lactobacillales;Streptococcaceae;Streptococcus;human gut metagenome
MT436823.1	AFIM01000033.206.1753	99.662	1478	0.0	2700	Bacteria;Bacillati;Bacillota;Bacilli;Lactobacillales;Streptococcaceae;Streptococcus;Streptococcus anginosus SK52 = DSM 20563
MT436823.1	JN578465.1.1478	99.662	1478	0.0	2700	Bacteria;Bacillati;Bacillota;Bacilli;Lactobacillales;Streptococcaceae;Streptococcus;Streptococcus anginosus
MT436823.1	DQ232519.1.1477	99.796	1470	0.0	2697	Bacteria;Bacillati;Bacillota;Bacilli;Lactobacillales;Streptococcaceae;Streptococcus;Streptococcus anginosus
MT436823.1	AF104678.1.1573	99.323	1478	0.0	2682	Bacteria;Bacillati;Bacillota;Bacilli;Lactobacillales;Streptococcaceae;Streptococcus;Streptococcus anginosus
MT436823.1	AY691534.1.1510	99.189	1480	0.0	2656	Bacteria;Bacillati;Bacillota;Bacilli;Lactobacillales;Streptococcaceae;Streptococcus;Streptococcus anginosus
MT280220.1	DQ232519.1.1477	99.796	1470	0.0	2697	Bacteria;Bacillati;Bacillota;Bacilli;Lactobacillales;Streptococcaceae;Streptococcus;Streptococcus anginosus
MT280220.1	AFIM01000033.206.1753	99.526	1478	0.0	2689	Bacteria;Bacillati;Bacillota;Bacilli;Lactobacillales;Streptococcaceae;Streptococcus;Streptococcus anginosus SK52 = DSM 20563
MT280220.1	JN578465.1.1478	99.526	1478	0.0	2689	Bacteria;Bacillati;Bacillota;Bacilli;Lactobacillales;Streptococcaceae;Streptococcus;Streptococcus anginosus
MT280220.1	AF104678.1.1573	99.188	1478	0.0	2671	Bacteria;Bacillati;Bacillota;Bacilli;Lactobacillales;Streptococcaceae;Streptococcus;Streptococcus anginosus
MT280220.1	AY691534.1.1510	99.122	1480	0.0	2651	Bacteria;Bacillati;Bacillota;Bacilli;Lactobacillales;Streptococcaceae;Streptococcus;Streptococcus anginosus
NR_117426.1	GU045404.1.1477	100.000	1477	0.0	2728	Bacteria;Bacillati;Bacillota;Bacilli;Lactobacillales;Streptococcaceae;Streptococcus;Streptococcus anginosus
NR_117426.1	DQ232518.1.1477	100.000	1477	0.0	2728	Bacteria;Bacillati;Bacillota;Bacilli;Lactobacillales;Streptococcaceae;Streptococcus;Streptococcus anginosus
NR_117426.1	GU045403.1.1526	99.932	1477	0.0	2723	Bacteria;Bacillati;Bacillota;Bacilli;Lactobacillales;Streptococcaceae;Streptococcus;Streptococcus intermedius
NR_117426.1	LC383837.1.1494	99.932	1477	0.0	2723	Bacteria;Bacillati;Bacillota;Bacilli;Lactobacillales;Streptococcaceae;Streptococcus;Streptococcus constellatus subsp. constellatus
NR_117426.1	AFUP01000004.280335.281855	99.865	1477	0.0	2717	Bacteria;Bacillati;Bacillota;Bacilli;Lactobacillales;Streptococcaceae;Streptococcus;Streptococcus constellatus subsp. pharyngis SK1060 = CCUG 46377
DQ232517.1	DQ232517.1.1477	100.000	1477	0.0	2728	Bacteria;Bacillati;Bacillota;Bacilli;Lactobacillales;Streptococcaceae;Streptococcus;Streptococcus anginosus
DQ232517.1	DQ232531.1.1477	100.000	1477	0.0	2728	Bacteria;Bacillati;Bacillota;Bacilli;Lactobacillales;Streptococcaceae;Streptococcus;Streptococcus intermedius
DQ232517.1	AB236926.4846.6393	100.000	1477	0.0	2728	Bacteria;Bacillati;Bacillota;Bacilli;Lactobacillales;Streptococcaceae;Streptococcus;Streptococcus intermedius
DQ232517.1	AF104671.1.1558	100.000	1477	0.0	2728	Bacteria;Bacillati;Bacillota;Bacilli;Lactobacillales;Streptococcaceae;Streptococcus;Streptococcus intermedius
DQ232517.1	MK424026.1.1508	99.053	1478	0.0	2649	Bacteria;Bacillati;Bacillota;Bacilli;Lactobacillales;Streptococcaceae;Streptococcus;Streptococcus intermedius
MW404398.1	AFIM01000033.206.1753	99.662	1478	0.0	2700	Bacteria;Bacillati;Bacillota;Bacilli;Lactobacillales;Streptococcaceae;Streptococcus;Streptococcus anginosus SK52 = DSM 20563
MW404398.1	JN578465.1.1478	99.662	1478	0.0	2700	Bacteria;Bacillati;Bacillota;Bacilli;Lactobacillales;Streptococcaceae;Streptococcus;Streptococcus anginosus
MW404398.1	DQ232519.1.1477	99.796	1470	0.0	2697	Bacteria;Bacillati;Bacillota;Bacilli;Lactobacillales;Streptococcaceae;Streptococcus;Streptococcus anginosus
MW404398.1	AF104678.1.1573	99.323	1478	0.0	2682	Bacteria;Bacillati;Bacillota;Bacilli;Lactobacillales;Streptococcaceae;Streptococcus;Streptococcus anginosus
MW404398.1	AY691534.1.1510	99.189	1480	0.0	2656	Bacteria;Bacillati;Bacillota;Bacilli;Lactobacillales;Streptococcaceae;Streptococcus;Streptococcus anginosus
MW404400.1	AFIM01000033.206.1753	99.662	1478	0.0	2702	Bacteria;Bacillati;Bacillota;Bacilli;Lactobacillales;Streptococcaceae;Streptococcus;Streptococcus anginosus SK52 = DSM 20563
MW404400.1	JN578465.1.1478	99.662	1478	0.0	2702	Bacteria;Bacillati;Bacillota;Bacilli;Lactobacillales;Streptococcaceae;Streptococcus;Streptococcus anginosus
MW404400.1	DQ232519.1.1477	99.796	1470	0.0	2699	Bacteria;Bacillati;Bacillota;Bacilli;Lactobacillales;Streptococcaceae;Streptococcus;Streptococcus anginosus
MW404400.1	AF104678.1.1573	99.323	1478	0.0	2684	Bacteria;Bacillati;Bacillota;Bacilli;Lactobacillales;Streptococcaceae;Streptococcus;Streptococcus anginosus
MW404400.1	AY691534.1.1510	99.189	1480	0.0	2658	Bacteria;Bacillati;Bacillota;Bacilli;Lactobacillales;Streptococcaceae;Streptococcus;Streptococcus anginosus
GU045404.1	GU045404.1.1477	100.000	1477	0.0	2728	Bacteria;Bacillati;Bacillota;Bacilli;Lactobacillales;Streptococcaceae;Streptococcus;Streptococcus anginosus
GU045404.1	DQ232518.1.1477	100.000	1477	0.0	2728	Bacteria;Bacillati;Bacillota;Bacilli;Lactobacillales;Streptococcaceae;Streptococcus;Streptococcus anginosus
GU045404.1	GU045403.1.1526	99.932	1477	0.0	2723	Bacteria;Bacillati;Bacillota;Bacilli;Lactobacillales;Streptococcaceae;Streptococcus;Streptococcus intermedius
GU045404.1	LC383837.1.1494	99.932	1477	0.0	2723	Bacteria;Bacillati;Bacillota;Bacilli;Lactobacillales;Streptococcaceae;Streptococcus;Streptococcus constellatus subsp. constellatus
GU045404.1	AFUP01000004.280335.281855	99.865	1477	0.0	2717	Bacteria;Bacillati;Bacillota;Bacilli;Lactobacillales;Streptococcaceae;Streptococcus;Streptococcus constellatus subsp. pharyngis SK1060 = CCUG 46377
DQ232519.1	DQ232519.1.1477	100.000	1477	0.0	2728	Bacteria;Bacillati;Bacillota;Bacilli;Lactobacillales;Streptococcaceae;Streptococcus;Streptococcus anginosus
DQ232519.1	AFIM01000033.206.1753	99.729	1477	0.0	2706	Bacteria;Bacillati;Bacillota;Bacilli;Lactobacillales;Streptococcaceae;Streptococcus;Streptococcus anginosus SK52 = DSM 20563
DQ232519.1	JN578465.1.1478	99.728	1470	0.0	2693	Bacteria;Bacillati;Bacillota;Bacilli;Lactobacillales;Streptococcaceae;Streptococcus;Streptococcus anginosus
DQ232519.1	AF104678.1.1573	99.391	1477	0.0	2687	Bacteria;Bacillati;Bacillota;Bacilli;Lactobacillales;Streptococcaceae;Streptococcus;Streptococcus anginosus
DQ232519.1	AY691534.1.1510	99.256	1479	0.0	2662	Bacteria;Bacillati;Bacillota;Bacilli;Lactobacillales;Streptococcaceae;Streptococcus;Streptococcus anginosus
DQ232518.1	GU045404.1.1477	100.000	1477	0.0	2728	Bacteria;Bacillati;Bacillota;Bacilli;Lactobacillales;Streptococcaceae;Streptococcus;Streptococcus anginosus
DQ232518.1	DQ232518.1.1477	100.000	1477	0.0	2728	Bacteria;Bacillati;Bacillota;Bacilli;Lactobacillales;Streptococcaceae;Streptococcus;Streptococcus anginosus
DQ232518.1	GU045403.1.1526	99.932	1477	0.0	2723	Bacteria;Bacillati;Bacillota;Bacilli;Lactobacillales;Streptococcaceae;Streptococcus;Streptococcus intermedius
DQ232518.1	LC383837.1.1494	99.932	1477	0.0	2723	Bacteria;Bacillati;Bacillota;Bacilli;Lactobacillales;Streptococcaceae;Streptococcus;Streptococcus constellatus subsp. constellatus
DQ232518.1	AFUP01000004.280335.281855	99.865	1477	0.0	2717	Bacteria;Bacillati;Bacillota;Bacilli;Lactobacillales;Streptococcaceae;Streptococcus;Streptococcus constellatus subsp. pharyngis SK1060 = CCUG 46377
AY309096.1	DQ232519.1.1477	99.591	1468	0.0	2678	Bacteria;Bacillati;Bacillota;Bacilli;Lactobacillales;Streptococcaceae;Streptococcus;Streptococcus anginosus
AY309096.1	AFIM01000033.206.1753	99.456	1470	0.0	2671	Bacteria;Bacillati;Bacillota;Bacilli;Lactobacillales;Streptococcaceae;Streptococcus;Streptococcus anginosus SK52 = DSM 20563
AY309096.1	JN578465.1.1478	99.456	1470	0.0	2671	Bacteria;Bacillati;Bacillota;Bacilli;Lactobacillales;Streptococcaceae;Streptococcus;Streptococcus anginosus
AY309096.1	AF104678.1.1573	99.116	1470	0.0	2652	Bacteria;Bacillati;Bacillota;Bacilli;Lactobacillales;Streptococcaceae;Streptococcus;Streptococcus anginosus
AY309096.1	MT597583.1.1465	99.586	1448	0.0	2641	Bacteria;Bacillati;Bacillota;Bacilli;Lactobacillales;Streptococcaceae;Streptococcus;Streptococcus anginosus
MT597726.1	MT597725.1.1468	100.000	1468	0.0	2712	Bacteria;Bacillati;Bacillota;Bacilli;Lactobacillales;Streptococcaceae;Streptococcus;Streptococcus anginosus
MT597726.1	MT597583.1.1465	99.723	1442	0.0	2639	Bacteria;Bacillati;Bacillota;Bacilli;Lactobacillales;Streptococcaceae;Streptococcus;Streptococcus anginosus
MT597726.1	MT459365.1.1464	99.450	1455	0.0	2639	Bacteria;Bacillati;Bacillota;Bacilli;Lactobacillales;Streptococcaceae;Streptococcus;Streptococcus anginosus
MT597726.1	DQ232519.1.1477	99.380	1452	0.0	2630	Bacteria;Bacillati;Bacillota;Bacilli;Lactobacillales;Streptococcaceae;Streptococcus;Streptococcus anginosus
MT597726.1	PQ779972.1.1458	99.516	1445	0.0	2628	Bacteria;Bacillati;Bacillota;Bacilli;Lactobacillales;Streptococcaceae;Streptococcus;Bacillota bacterium
MT597725.1	MT597725.1.1468	100.000	1468	0.0	2712	Bacteria;Bacillati;Bacillota;Bacilli;Lactobacillales;Streptococcaceae;Streptococcus;Streptococcus anginosus
MT597725.1	MT597583.1.1465	99.723	1442	0.0	2639	Bacteria;Bacillati;Bacillota;Bacilli;Lactobacillales;Streptococcaceae;Streptococcus;Streptococcus anginosus
MT597725.1	MT459365.1.1464	99.450	1455	0.0	2639	Bacteria;Bacillati;Bacillota;Bacilli;Lactobacillales;Streptococcaceae;Streptococcus;Streptococcus anginosus
MT597725.1	DQ232519.1.1477	99.380	1452	0.0	2630	Bacteria;Bacillati;Bacillota;Bacilli;Lactobacillales;Streptococcaceae;Streptococcus;Streptococcus anginosus
MT597725.1	PQ779972.1.1458	99.516	1445	0.0	2628	Bacteria;Bacillati;Bacillota;Bacilli;Lactobacillales;Streptococcaceae;Streptococcus;Bacillota bacterium
MT597583.1	MT597583.1.1465	100.000	1465	0.0	2706	Bacteria;Bacillati;Bacillota;Bacilli;Lactobacillales;Streptococcaceae;Streptococcus;Streptococcus anginosus
MT597583.1	DQ232519.1.1477	99.586	1448	0.0	2641	Bacteria;Bacillati;Bacillota;Bacilli;Lactobacillales;Streptococcaceae;Streptococcus;Streptococcus anginosus
MT597583.1	MT597725.1.1468	99.723	1442	0.0	2639	Bacteria;Bacillati;Bacillota;Bacilli;Lactobacillales;Streptococcaceae;Streptococcus;Streptococcus anginosus
MT597583.1	AFIM01000033.206.1753	99.448	1448	0.0	2630	Bacteria;Bacillati;Bacillota;Bacilli;Lactobacillales;Streptococcaceae;Streptococcus;Streptococcus anginosus SK52 = DSM 20563
MT597583.1	JN578465.1.1478	99.448	1448	0.0	2630	Bacteria;Bacillati;Bacillota;Bacilli;Lactobacillales;Streptococcaceae;Streptococcus;Streptococcus anginosus
MT459365.1	MT459365.1.1464	100.000	1464	0.0	2704	Bacteria;Bacillati;Bacillota;Bacilli;Lactobacillales;Streptococcaceae;Streptococcus;Streptococcus anginosus
MT459365.1	PQ779972.1.1458	99.861	1439	0.0	2645	Bacteria;Bacillati;Bacillota;Bacilli;Lactobacillales;Streptococcaceae;Streptococcus;Bacillota bacterium
MT459365.1	DQ232519.1.1477	99.383	1458	0.0	2639	Bacteria;Bacillati;Bacillota;Bacilli;Lactobacillales;Streptococcaceae;Streptococcus;Streptococcus anginosus
MT459365.1	MT597725.1.1468	99.450	1455	0.0	2639	Bacteria;Bacillati;Bacillota;Bacilli;Lactobacillales;Streptococcaceae;Streptococcus;Streptococcus anginosus
MT459365.1	MT597613.1.1449	99.585	1446	0.0	2632	Bacteria;Bacillati;Bacillota;Bacilli;Lactobacillales;Streptococcaceae;Streptococcus;Streptococcus anginosus
MT545124.1	PQ845660.1.1511	98.700	1461	0.0	2579	Bacteria;Bacillati;Bacillota;Bacilli;Lactobacillales;Streptococcaceae;Streptococcus;uncultured Streptococcus sp.
MT545124.1	HM021341.1.1449	98.825	1447	0.0	2569	Bacteria;Bacillati;Bacillota;Bacilli;Lactobacillales;Streptococcaceae;Streptococcus;uncultured bacterium
MT545124.1	JN787181.1.1404	99.644	1404	0.0	2566	Bacteria;Bacillati;Bacillota;Bacilli;Lactobacillales;Streptococcaceae;Streptococcus;Streptococcus anginosus
MT545124.1	MT459365.1.1464	98.426	1461	0.0	2562	Bacteria;Bacillati;Bacillota;Bacilli;Lactobacillales;Streptococcaceae;Streptococcus;Streptococcus anginosus
MT545124.1	CP118032.1567698.1569256	98.685	1445	0.0	2558	Bacteria;Bacillati;Bacillota;Bacilli;Lactobacillales;Streptococcaceae;Streptococcus;Lactobacillus gasseri
MT597584.1	MT597583.1.1465	100.000	1440	0.0	2660	Bacteria;Bacillati;Bacillota;Bacilli;Lactobacillales;Streptococcaceae;Streptococcus;Streptococcus anginosus
MT597584.1	MT597725.1.1468	99.724	1450	0.0	2656	Bacteria;Bacillati;Bacillota;Bacilli;Lactobacillales;Streptococcaceae;Streptococcus;Streptococcus anginosus
MT597584.1	DQ232519.1.1477	99.451	1458	0.0	2645	Bacteria;Bacillati;Bacillota;Bacilli;Lactobacillales;Streptococcaceae;Streptococcus;Streptococcus anginosus
MT597584.1	PQ779972.1.1458	99.585	1446	0.0	2636	Bacteria;Bacillati;Bacillota;Bacilli;Lactobacillales;Streptococcaceae;Streptococcus;Bacillota bacterium
MT597584.1	AFIM01000033.206.1753	99.314	1458	0.0	2634	Bacteria;Bacillati;Bacillota;Bacilli;Lactobacillales;Streptococcaceae;Streptococcus;Streptococcus anginosus SK52 = DSM 20563
MT597634.1	MT597725.1.1468	99.519	1456	0.0	2649	Bacteria;Bacillati;Bacillota;Bacilli;Lactobacillales;Streptococcaceae;Streptococcus;Streptococcus anginosus
MT597634.1	MT597583.1.1465	99.450	1454	0.0	2638	Bacteria;Bacillati;Bacillota;Bacilli;Lactobacillales;Streptococcaceae;Streptococcus;Streptococcus anginosus
MT597634.1	DQ232519.1.1477	99.585	1445	0.0	2634	Bacteria;Bacillati;Bacillota;Bacilli;Lactobacillales;Streptococcaceae;Streptococcus;Streptococcus anginosus
MT597634.1	MT573752.1.1444	99.721	1434	0.0	2625	Bacteria;Bacillati;Bacillota;Bacilli;Lactobacillales;Streptococcaceae;Streptococcus;Streptococcus anginosus
MT597634.1	AFIM01000033.206.1753	99.446	1445	0.0	2623	Bacteria;Bacillati;Bacillota;Bacilli;Lactobacillales;Streptococcaceae;Streptococcus;Streptococcus anginosus SK52 = DSM 20563
MT573751.1	MT597725.1.1468	99.589	1460	0.0	2660	Bacteria;Bacillati;Bacillota;Bacilli;Lactobacillales;Streptococcaceae;Streptococcus;Streptococcus anginosus
MT573751.1	MT459365.1.1464	99.518	1451	0.0	2639	Bacteria;Bacillati;Bacillota;Bacilli;Lactobacillales;Streptococcaceae;Streptococcus;Streptococcus anginosus
MT573751.1	MT597583.1.1465	99.449	1452	0.0	2634	Bacteria;Bacillati;Bacillota;Bacilli;Lactobacillales;Streptococcaceae;Streptococcus;Streptococcus anginosus
MT573751.1	MT573752.1.1444	99.930	1427	0.0	2628	Bacteria;Bacillati;Bacillota;Bacilli;Lactobacillales;Streptococcaceae;Streptococcus;Streptococcus anginosus
MT573751.1	PQ779972.1.1458	99.652	1438	0.0	2628	Bacteria;Bacillati;Bacillota;Bacilli;Lactobacillales;Streptococcaceae;Streptococcus;Bacillota bacterium
MT512079.1	PQ779990.1.1458	99.656	1452	0.0	2652	Bacteria;Bacillati;Bacillota;Bacilli;Lactobacillales;Streptococcaceae;Streptococcus;Bacillota bacterium
MT512079.1	MT597725.1.1468	99.451	1458	0.0	2645	Bacteria;Bacillati;Bacillota;Bacilli;Lactobacillales;Streptococcaceae;Streptococcus;Streptococcus anginosus
MT512079.1	MT459365.1.1464	99.517	1448	0.0	2636	Bacteria;Bacillati;Bacillota;Bacilli;Lactobacillales;Streptococcaceae;Streptococcus;Streptococcus anginosus
MT512079.1	DQ232519.1.1477	99.516	1447	0.0	2630	Bacteria;Bacillati;Bacillota;Bacilli;Lactobacillales;Streptococcaceae;Streptococcus;Streptococcus anginosus
MT512079.1	PQ779972.1.1458	99.447	1447	0.0	2625	Bacteria;Bacillati;Bacillota;Bacilli;Lactobacillales;Streptococcaceae;Streptococcus;Bacillota bacterium
MT512098.1	JN787181.1.1404	99.786	1404	0.0	2577	Bacteria;Bacillati;Bacillota;Bacilli;Lactobacillales;Streptococcaceae;Streptococcus;Streptococcus anginosus
MT512098.1	HM021341.1.1449	98.690	1450	0.0	2566	Bacteria;Bacillati;Bacillota;Bacilli;Lactobacillales;Streptococcaceae;Streptococcus;uncultured bacterium
MT512098.1	PQ845660.1.1511	98.494	1461	0.0	2562	Bacteria;Bacillati;Bacillota;Bacilli;Lactobacillales;Streptococcaceae;Streptococcus;uncultured Streptococcus sp.
MT512098.1	CP034543.1435680.1437239	98.285	1458	0.0	2549	Bacteria;Bacillati;Bacillota;Bacilli;Lactobacillales;Streptococcaceae;Streptococcus;Streptococcus periodonticum
MT512098.1	JASOLX010000056.3560.5115	98.219	1460	0.0	2543	Bacteria;Bacillati;Bacillota;Bacilli;Lactobacillales;Streptococcaceae;Streptococcus;Lacticaseibacillus paracasei
MT573862.1	MT597725.1.1468	99.655	1450	0.0	2649	Bacteria;Bacillati;Bacillota;Bacilli;Lactobacillales;Streptococcaceae;Streptococcus;Streptococcus anginosus
MT573862.1	MT597583.1.1465	99.653	1440	0.0	2630	Bacteria;Bacillati;Bacillota;Bacilli;Lactobacillales;Streptococcaceae;Streptococcus;Streptococcus anginosus
MT573862.1	PQ779972.1.1458	99.516	1446	0.0	2630	Bacteria;Bacillati;Bacillota;Bacilli;Lactobacillales;Streptococcaceae;Streptococcus;Bacillota bacterium
MT573862.1	DQ232519.1.1477	99.311	1452	0.0	2623	Bacteria;Bacillati;Bacillota;Bacilli;Lactobacillales;Streptococcaceae;Streptococcus;Streptococcus anginosus
MT573862.1	PQ779990.1.1458	99.244	1455	0.0	2623	Bacteria;Bacillati;Bacillota;Bacilli;Lactobacillales;Streptococcaceae;Streptococcus;Bacillota bacterium
MT459364.1	JN787181.1.1404	99.786	1404	0.0	2577	Bacteria;Bacillati;Bacillota;Bacilli;Lactobacillales;Streptococcaceae;Streptococcus;Streptococcus anginosus
MT459364.1	PQ845660.1.1511	98.828	1451	0.0	2573	Bacteria;Bacillati;Bacillota;Bacilli;Lactobacillales;Streptococcaceae;Streptococcus;uncultured Streptococcus sp.
MT459364.1	HM021341.1.1449	98.890	1441	0.0	2566	Bacteria;Bacillati;Bacillota;Bacilli;Lactobacillales;Streptococcaceae;Streptococcus;uncultured bacterium
MT459364.1	CP118032.1567698.1569256	98.553	1451	0.0	2556	Bacteria;Bacillati;Bacillota;Bacilli;Lactobacillales;Streptococcaceae;Streptococcus;Lactobacillus gasseri
MT459364.1	JASOLX010000056.3560.5115	98.552	1450	0.0	2555	Bacteria;Bacillati;Bacillota;Bacilli;Lactobacillales;Streptococcaceae;Streptococcus;Lacticaseibacillus paracasei
MT597616.1	MT459365.1.1464	99.520	1458	0.0	2651	Bacteria;Bacillati;Bacillota;Bacilli;Lactobacillales;Streptococcaceae;Streptococcus;Streptococcus anginosus
MT597616.1	MT597725.1.1468	99.723	1442	0.0	2639	Bacteria;Bacillati;Bacillota;Bacilli;Lactobacillales;Streptococcaceae;Streptococcus;Streptococcus anginosus
MT597616.1	MT597583.1.1465	99.791	1437	0.0	2636	Bacteria;Bacillati;Bacillota;Bacilli;Lactobacillales;Streptococcaceae;Streptococcus;Streptococcus anginosus
MT597616.1	DQ232519.1.1477	99.653	1439	0.0	2628	Bacteria;Bacillati;Bacillota;Bacilli;Lactobacillales;Streptococcaceae;Streptococcus;Streptococcus anginosus
MT597616.1	PQ779990.1.1458	99.584	1443	0.0	2628	Bacteria;Bacillati;Bacillota;Bacilli;Lactobacillales;Streptococcaceae;Streptococcus;Bacillota bacterium
KM052286.1	BNJU01001146.46780.48313	99.030	1444	0.0	2579	Bacteria;Bacillati;Bacillota;Bacilli;Lactobacillales;Streptococcaceae;Streptococcus;human saliva metagenome
KM052286.1	FM873680.1.1509	99.022	1432	0.0	2566	Bacteria;Bacillati;Bacillota;Bacilli;Lactobacillales;Streptococcaceae;Streptococcus;uncultured bacterium
KM052286.1	AFIM01000033.206.1753	98.612	1441	0.0	2547	Bacteria;Bacillati;Bacillota;Bacilli;Lactobacillales;Streptococcaceae;Streptococcus;Streptococcus anginosus SK52 = DSM 20563
KM052286.1	JASOLX010000056.3560.5115	98.545	1443	0.0	2542	Bacteria;Bacillati;Bacillota;Bacilli;Lactobacillales;Streptococcaceae;Streptococcus;Lacticaseibacillus paracasei
KM052286.1	CP034543.1435680.1437239	98.402	1439	0.0	2531	Bacteria;Bacillati;Bacillota;Bacilli;Lactobacillales;Streptococcaceae;Streptococcus;Streptococcus periodonticum
MT597613.1	MT597613.1.1449	100.000	1449	0.0	2676	Bacteria;Bacillati;Bacillota;Bacilli;Lactobacillales;Streptococcaceae;Streptococcus;Streptococcus anginosus
MT597613.1	MT459365.1.1464	99.585	1446	0.0	2632	Bacteria;Bacillati;Bacillota;Bacilli;Lactobacillales;Streptococcaceae;Streptococcus;Streptococcus anginosus
MT597613.1	PQ779972.1.1458	99.721	1435	0.0	2625	Bacteria;Bacillati;Bacillota;Bacilli;Lactobacillales;Streptococcaceae;Streptococcus;Bacillota bacterium
MT597613.1	DQ232519.1.1477	99.379	1449	0.0	2621	Bacteria;Bacillati;Bacillota;Bacilli;Lactobacillales;Streptococcaceae;Streptococcus;Streptococcus anginosus
MT597613.1	MT597583.1.1465	99.444	1438	0.0	2608	Bacteria;Bacillati;Bacillota;Bacilli;Lactobacillales;Streptococcaceae;Streptococcus;Streptococcus anginosus
LC258132.1	AFIM01000033.206.1753	100.000	1449	0.0	2676	Bacteria;Bacillati;Bacillota;Bacilli;Lactobacillales;Streptococcaceae;Streptococcus;Streptococcus anginosus SK52 = DSM 20563
LC258132.1	LC258132.1.1449	100.000	1449	0.0	2676	Bacteria;Bacillati;Bacillota;Bacilli;Lactobacillales;Streptococcaceae;Streptococcus;Streptococcus anginosus
LC258132.1	JN578465.1.1478	100.000	1442	0.0	2663	Bacteria;Bacillati;Bacillota;Bacilli;Lactobacillales;Streptococcaceae;Streptococcus;Streptococcus anginosus
LC258132.1	AF104678.1.1573	99.655	1449	0.0	2658	Bacteria;Bacillati;Bacillota;Bacilli;Lactobacillales;Streptococcaceae;Streptococcus;Streptococcus anginosus
LC258132.1	DQ232519.1.1477	99.724	1449	0.0	2654	Bacteria;Bacillati;Bacillota;Bacilli;Lactobacillales;Streptococcaceae;Streptococcus;Streptococcus anginosus
MT573752.1	MT573752.1.1444	100.000	1444	0.0	2667	Bacteria;Bacillati;Bacillota;Bacilli;Lactobacillales;Streptococcaceae;Streptococcus;Streptococcus anginosus
MT573752.1	MT597725.1.1468	99.721	1432	0.0	2621	Bacteria;Bacillati;Bacillota;Bacilli;Lactobacillales;Streptococcaceae;Streptococcus;Streptococcus anginosus
MT573752.1	MT597583.1.1465	99.650	1430	0.0	2612	Bacteria;Bacillati;Bacillota;Bacilli;Lactobacillales;Streptococcaceae;Streptococcus;Streptococcus anginosus
MT573752.1	AFIM01000033.206.1753	99.442	1434	0.0	2603	Bacteria;Bacillati;Bacillota;Bacilli;Lactobacillales;Streptococcaceae;Streptococcus;Streptococcus anginosus SK52 = DSM 20563
MT573752.1	JN578465.1.1478	99.442	1434	0.0	2603	Bacteria;Bacillati;Bacillota;Bacilli;Lactobacillales;Streptococcaceae;Streptococcus;Streptococcus anginosus
MT597617.1	MT597617.1.1444	100.000	1426	0.0	2634	Bacteria;Bacillati;Bacillota;Bacilli;Lactobacillales;Streptococcaceae;Streptococcus;Streptococcus anginosus subsp. whileyi
MT597617.1	MT597725.1.1468	99.646	1411	0.0	2573	Bacteria;Bacillati;Bacillota;Bacilli;Lactobacillales;Streptococcaceae;Streptococcus;Streptococcus anginosus
MT597617.1	MT597583.1.1465	99.575	1411	0.0	2567	Bacteria;Bacillati;Bacillota;Bacilli;Lactobacillales;Streptococcaceae;Streptococcus;Streptococcus anginosus
MT597617.1	MT573752.1.1444	99.644	1406	0.0	2566	Bacteria;Bacillati;Bacillota;Bacilli;Lactobacillales;Streptococcaceae;Streptococcus;Streptococcus anginosus
MT597617.1	JN787193.1.1404	99.644	1404	0.0	2562	Bacteria;Bacillati;Bacillota;Bacilli;Lactobacillales;Streptococcaceae;Streptococcus;Streptococcus anginosus subsp. whileyi CCUG 39159
MT597524.1	MT597725.1.1468	99.653	1439	0.0	2627	Bacteria;Bacillati;Bacillota;Bacilli;Lactobacillales;Streptococcaceae;Streptococcus;Streptococcus anginosus
MT597524.1	MT597583.1.1465	99.790	1429	0.0	2623	Bacteria;Bacillati;Bacillota;Bacilli;Lactobacillales;Streptococcaceae;Streptococcus;Streptococcus anginosus
MT597524.1	MT573752.1.1444	99.790	1426	0.0	2615	Bacteria;Bacillati;Bacillota;Bacilli;Lactobacillales;Streptococcaceae;Streptococcus;Streptococcus anginosus
MT597524.1	MT459365.1.1464	99.513	1438	0.0	2615	Bacteria;Bacillati;Bacillota;Bacilli;Lactobacillales;Streptococcaceae;Streptococcus;Streptococcus anginosus
MT597524.1	AFIM01000033.206.1753	99.650	1429	0.0	2612	Bacteria;Bacillati;Bacillota;Bacilli;Lactobacillales;Streptococcaceae;Streptococcus;Streptococcus anginosus SK52 = DSM 20563
KJ803946.1	DQ232519.1.1477	99.930	1434	0.0	2643	Bacteria;Bacillati;Bacillota;Bacilli;Lactobacillales;Streptococcaceae;Streptococcus;Streptococcus anginosus
KJ803946.1	PQ779990.1.1458	99.861	1437	0.0	2641	Bacteria;Bacillati;Bacillota;Bacilli;Lactobacillales;Streptococcaceae;Streptococcus;Bacillota bacterium
KJ803946.1	PQ779972.1.1458	99.792	1439	0.0	2641	Bacteria;Bacillati;Bacillota;Bacilli;Lactobacillales;Streptococcaceae;Streptococcus;Bacillota bacterium
KJ803946.1	MT597583.1.1465	99.722	1439	0.0	2634	Bacteria;Bacillati;Bacillota;Bacilli;Lactobacillales;Streptococcaceae;Streptococcus;Streptococcus anginosus
KJ803946.1	AFIM01000033.206.1753	99.791	1434	0.0	2632	Bacteria;Bacillati;Bacillota;Bacilli;Lactobacillales;Streptococcaceae;Streptococcus;Streptococcus anginosus SK52 = DSM 20563
GU561378.1	DQ232519.1.1477	99.930	1438	0.0	2651	Bacteria;Bacillati;Bacillota;Bacilli;Lactobacillales;Streptococcaceae;Streptococcus;Streptococcus anginosus
GU561378.1	PQ779972.1.1458	99.861	1441	0.0	2649	Bacteria;Bacillati;Bacillota;Bacilli;Lactobacillales;Streptococcaceae;Streptococcus;Bacillota bacterium
GU561378.1	MT459365.1.1464	99.861	1435	0.0	2638	Bacteria;Bacillati;Bacillota;Bacilli;Lactobacillales;Streptococcaceae;Streptococcus;Streptococcus anginosus
GU561378.1	PQ779990.1.1458	99.653	1440	0.0	2630	Bacteria;Bacillati;Bacillota;Bacilli;Lactobacillales;Streptococcaceae;Streptococcus;Bacillota bacterium
GU561378.1	AFIM01000033.206.1753	99.652	1438	0.0	2628	Bacteria;Bacillati;Bacillota;Bacilli;Lactobacillales;Streptococcaceae;Streptococcus;Streptococcus anginosus SK52 = DSM 20563
GU561377.1	PQ779990.1.1458	99.861	1435	0.0	2638	Bacteria;Bacillati;Bacillota;Bacilli;Lactobacillales;Streptococcaceae;Streptococcus;Bacillota bacterium
GU561377.1	DQ232519.1.1477	99.791	1437	0.0	2636	Bacteria;Bacillati;Bacillota;Bacilli;Lactobacillales;Streptococcaceae;Streptococcus;Streptococcus anginosus
GU561377.1	AFIM01000033.206.1753	99.652	1437	0.0	2625	Bacteria;Bacillati;Bacillota;Bacilli;Lactobacillales;Streptococcaceae;Streptococcus;Streptococcus anginosus SK52 = DSM 20563
GU561377.1	JN578465.1.1478	99.652	1437	0.0	2625	Bacteria;Bacillati;Bacillota;Bacilli;Lactobacillales;Streptococcaceae;Streptococcus;Streptococcus anginosus
GU561377.1	MT459365.1.1464	99.721	1434	0.0	2625	Bacteria;Bacillati;Bacillota;Bacilli;Lactobacillales;Streptococcaceae;Streptococcus;Streptococcus anginosus
AY691537.1	AFIM01000033.206.1753	99.374	1438	0.0	2608	Bacteria;Bacillati;Bacillota;Bacilli;Lactobacillales;Streptococcaceae;Streptococcus;Streptococcus anginosus SK52 = DSM 20563
AY691537.1	AF104678.1.1573	99.026	1438	0.0	2590	Bacteria;Bacillati;Bacillota;Bacilli;Lactobacillales;Streptococcaceae;Streptococcus;Streptococcus anginosus
AY691537.1	JN578465.1.1478	99.365	1418	0.0	2571	Bacteria;Bacillati;Bacillota;Bacilli;Lactobacillales;Streptococcaceae;Streptococcus;Streptococcus anginosus
AY691537.1	DQ232519.1.1477	99.504	1410	0.0	2567	Bacteria;Bacillati;Bacillota;Bacilli;Lactobacillales;Streptococcaceae;Streptococcus;Streptococcus anginosus
AY691537.1	KC569590.1.1419	99.089	1427	0.0	2556	Bacteria;Bacillati;Bacillota;Bacilli;Lactobacillales;Streptococcaceae;Streptococcus;Streptococcus anginosus
GU907516.1	AFIM01000033.206.1753	98.820	1441	0.0	2562	Bacteria;Bacillati;Bacillota;Bacilli;Lactobacillales;Streptococcaceae;Streptococcus;Streptococcus anginosus SK52 = DSM 20563
GU907516.1	JN578465.1.1478	98.820	1441	0.0	2562	Bacteria;Bacillati;Bacillota;Bacilli;Lactobacillales;Streptococcaceae;Streptococcus;Streptococcus anginosus
GU907516.1	JASOLX010000056.3560.5115	98.752	1442	0.0	2556	Bacteria;Bacillati;Bacillota;Bacilli;Lactobacillales;Streptococcaceae;Streptococcus;Lacticaseibacillus paracasei
GU907516.1	DQ232519.1.1477	98.681	1441	0.0	2551	Bacteria;Bacillati;Bacillota;Bacilli;Lactobacillales;Streptococcaceae;Streptococcus;Streptococcus anginosus
GU907516.1	FM873680.1.1509	98.680	1439	0.0	2551	Bacteria;Bacillati;Bacillota;Bacilli;Lactobacillales;Streptococcaceae;Streptococcus;uncultured bacterium
PQ222928.1	MT905169.1.1408	99.716	1409	0.0	2579	Bacteria;Bacillati;Bacillota;Bacilli;Lactobacillales;Streptococcaceae;Streptococcus;Streptococcus hominis
PQ222928.1	JN787181.1.1404	99.501	1404	0.0	2555	Bacteria;Bacillati;Bacillota;Bacilli;Lactobacillales;Streptococcaceae;Streptococcus;Streptococcus anginosus
PQ222928.1	BNJU01001146.46780.48313	98.607	1436	0.0	2531	Bacteria;Bacillati;Bacillota;Bacilli;Lactobacillales;Streptococcaceae;Streptococcus;human saliva metagenome
PQ222928.1	MT459365.1.1464	98.670	1429	0.0	2529	Bacteria;Bacillati;Bacillota;Bacilli;Lactobacillales;Streptococcaceae;Streptococcus;Streptococcus anginosus
PQ222928.1	PQ779972.1.1458	98.603	1432	0.0	2527	Bacteria;Bacillati;Bacillota;Bacilli;Lactobacillales;Streptococcaceae;Streptococcus;Bacillota bacterium
MT807632.1	JN787181.1.1404	99.786	1404	0.0	2577	Bacteria;Bacillati;Bacillota;Bacilli;Lactobacillales;Streptococcaceae;Streptococcus;Streptococcus anginosus
MT807632.1	PQ845660.1.1511	99.024	1435	0.0	2562	Bacteria;Bacillati;Bacillota;Bacilli;Lactobacillales;Streptococcaceae;Streptococcus;uncultured Streptococcus sp.
MT807632.1	JASOLX010000056.3560.5115	98.814	1433	0.0	2549	Bacteria;Bacillati;Bacillota;Bacilli;Lactobacillales;Streptococcaceae;Streptococcus;Lacticaseibacillus paracasei
MT807632.1	HM021341.1.1449	98.950	1429	0.0	2549	Bacteria;Bacillati;Bacillota;Bacilli;Lactobacillales;Streptococcaceae;Streptococcus;uncultured bacterium
MT807632.1	CP118032.1567698.1569256	98.745	1434	0.0	2545	Bacteria;Bacillati;Bacillota;Bacilli;Lactobacillales;Streptococcaceae;Streptococcus;Lactobacillus gasseri
JX678670.1	MT597583.1.1465	99.790	1431	0.0	2627	Bacteria;Bacillati;Bacillota;Bacilli;Lactobacillales;Streptococcaceae;Streptococcus;Streptococcus anginosus
JX678670.1	MT597725.1.1468	99.790	1431	0.0	2625	Bacteria;Bacillati;Bacillota;Bacilli;Lactobacillales;Streptococcaceae;Streptococcus;Streptococcus anginosus
JX678670.1	DQ232519.1.1477	99.651	1431	0.0	2615	Bacteria;Bacillati;Bacillota;Bacilli;Lactobacillales;Streptococcaceae;Streptococcus;Streptococcus anginosus
JX678670.1	MT573752.1.1444	99.790	1426	0.0	2615	Bacteria;Bacillati;Bacillota;Bacilli;Lactobacillales;Streptococcaceae;Streptococcus;Streptococcus anginosus
JX678670.1	PQ779972.1.1458	99.651	1431	0.0	2615	Bacteria;Bacillati;Bacillota;Bacilli;Lactobacillales;Streptococcaceae;Streptococcus;Bacillota bacterium
MH127521.1	MT459365.1.1464	99.789	1422	0.0	2610	Bacteria;Bacillati;Bacillota;Bacilli;Lactobacillales;Streptococcaceae;Streptococcus;Streptococcus anginosus
MH127521.1	PQ779972.1.1458	99.719	1423	0.0	2604	Bacteria;Bacillati;Bacillota;Bacilli;Lactobacillales;Streptococcaceae;Streptococcus;Bacillota bacterium
MH127521.1	MT597613.1.1449	99.718	1419	0.0	2597	Bacteria;Bacillati;Bacillota;Bacilli;Lactobacillales;Streptococcaceae;Streptococcus;Streptococcus anginosus
MH127521.1	MH127522.1.1430	99.578	1423	0.0	2595	Bacteria;Bacillati;Bacillota;Bacilli;Lactobacillales;Streptococcaceae;Streptococcus;Streptococcus anginosus
MH127521.1	DQ232519.1.1477	99.578	1423	0.0	2593	Bacteria;Bacillati;Bacillota;Bacilli;Lactobacillales;Streptococcaceae;Streptococcus;Streptococcus anginosus
OR501223.1	MT597725.1.1468	99.790	1429	0.0	2623	Bacteria;Bacillati;Bacillota;Bacilli;Lactobacillales;Streptococcaceae;Streptococcus;Streptococcus anginosus
OR501223.1	AFIM01000033.206.1753	99.720	1430	0.0	2619	Bacteria;Bacillati;Bacillota;Bacilli;Lactobacillales;Streptococcaceae;Streptococcus;Streptococcus anginosus SK52 = DSM 20563
OR501223.1	JN578465.1.1478	99.720	1430	0.0	2619	Bacteria;Bacillati;Bacillota;Bacilli;Lactobacillales;Streptococcaceae;Streptococcus;Streptococcus anginosus
OR501223.1	MT597583.1.1465	99.720	1430	0.0	2619	Bacteria;Bacillati;Bacillota;Bacilli;Lactobacillales;Streptococcaceae;Streptococcus;Streptococcus anginosus
OR501223.1	DQ232519.1.1477	99.580	1430	0.0	2608	Bacteria;Bacillati;Bacillota;Bacilli;Lactobacillales;Streptococcaceae;Streptococcus;Streptococcus anginosus
MH127522.1	MH127522.1.1430	100.000	1430	0.0	2641	Bacteria;Bacillati;Bacillota;Bacilli;Lactobacillales;Streptococcaceae;Streptococcus;Streptococcus anginosus
MH127522.1	MT459365.1.1464	99.367	1421	0.0	2575	Bacteria;Bacillati;Bacillota;Bacilli;Lactobacillales;Streptococcaceae;Streptococcus;Streptococcus anginosus
MH127522.1	PQ779972.1.1458	99.297	1422	0.0	2569	Bacteria;Bacillati;Bacillota;Bacilli;Lactobacillales;Streptococcaceae;Streptococcus;Bacillota bacterium
MH127522.1	MT597613.1.1449	99.295	1418	0.0	2562	Bacteria;Bacillati;Bacillota;Bacilli;Lactobacillales;Streptococcaceae;Streptococcus;Streptococcus anginosus
MH127522.1	DQ232519.1.1477	99.156	1422	0.0	2558	Bacteria;Bacillati;Bacillota;Bacilli;Lactobacillales;Streptococcaceae;Streptococcus;Streptococcus anginosus
PQ222916.1	MT597583.1.1465	99.860	1426	0.0	2623	Bacteria;Bacillati;Bacillota;Bacilli;Lactobacillales;Streptococcaceae;Streptococcus;Streptococcus anginosus
PQ222916.1	MT597725.1.1468	99.790	1428	0.0	2621	Bacteria;Bacillati;Bacillota;Bacilli;Lactobacillales;Streptococcaceae;Streptococcus;Streptococcus anginosus
PQ222916.1	DQ232519.1.1477	99.720	1428	0.0	2615	Bacteria;Bacillati;Bacillota;Bacilli;Lactobacillales;Streptococcaceae;Streptococcus;Streptococcus anginosus
PQ222916.1	PQ779990.1.1458	99.719	1426	0.0	2612	Bacteria;Bacillati;Bacillota;Bacilli;Lactobacillales;Streptococcaceae;Streptococcus;Bacillota bacterium
PQ222916.1	MT459365.1.1464	99.719	1425	0.0	2610	Bacteria;Bacillati;Bacillota;Bacilli;Lactobacillales;Streptococcaceae;Streptococcus;Streptococcus anginosus
PQ222941.1	MT597583.1.1465	99.860	1426	0.0	2623	Bacteria;Bacillati;Bacillota;Bacilli;Lactobacillales;Streptococcaceae;Streptococcus;Streptococcus anginosus
PQ222941.1	MT597725.1.1468	99.790	1427	0.0	2619	Bacteria;Bacillati;Bacillota;Bacilli;Lactobacillales;Streptococcaceae;Streptococcus;Streptococcus anginosus
PQ222941.1	DQ232519.1.1477	99.720	1427	0.0	2614	Bacteria;Bacillati;Bacillota;Bacilli;Lactobacillales;Streptococcaceae;Streptococcus;Streptococcus anginosus
PQ222941.1	PQ779990.1.1458	99.720	1427	0.0	2614	Bacteria;Bacillati;Bacillota;Bacilli;Lactobacillales;Streptococcaceae;Streptococcus;Bacillota bacterium
PQ222941.1	MT459365.1.1464	99.719	1426	0.0	2612	Bacteria;Bacillati;Bacillota;Bacilli;Lactobacillales;Streptococcaceae;Streptococcus;Streptococcus anginosus
PQ222932.1	MT597583.1.1465	99.860	1425	0.0	2621	Bacteria;Bacillati;Bacillota;Bacilli;Lactobacillales;Streptococcaceae;Streptococcus;Streptococcus anginosus
PQ222932.1	MT597725.1.1468	99.860	1424	0.0	2617	Bacteria;Bacillati;Bacillota;Bacilli;Lactobacillales;Streptococcaceae;Streptococcus;Streptococcus anginosus
PQ222932.1	PQ779990.1.1458	99.720	1428	0.0	2615	Bacteria;Bacillati;Bacillota;Bacilli;Lactobacillales;Streptococcaceae;Streptococcus;Bacillota bacterium
PQ222932.1	MT459365.1.1464	99.719	1426	0.0	2612	Bacteria;Bacillati;Bacillota;Bacilli;Lactobacillales;Streptococcaceae;Streptococcus;Streptococcus anginosus
PQ222932.1	PQ779972.1.1458	99.719	1426	0.0	2612	Bacteria;Bacillati;Bacillota;Bacilli;Lactobacillales;Streptococcaceae;Streptococcus;Bacillota bacterium
PQ222938.1	MT597583.1.1465	99.860	1424	0.0	2619	Bacteria;Bacillati;Bacillota;Bacilli;Lactobacillales;Streptococcaceae;Streptococcus;Streptococcus anginosus
PQ222938.1	MT597725.1.1468	99.860	1424	0.0	2617	Bacteria;Bacillati;Bacillota;Bacilli;Lactobacillales;Streptococcaceae;Streptococcus;Streptococcus anginosus
PQ222938.1	PQ779990.1.1458	99.719	1426	0.0	2612	Bacteria;Bacillati;Bacillota;Bacilli;Lactobacillales;Streptococcaceae;Streptococcus;Bacillota bacterium
PQ222938.1	MT459365.1.1464	99.719	1426	0.0	2612	Bacteria;Bacillati;Bacillota;Bacilli;Lactobacillales;Streptococcaceae;Streptococcus;Streptococcus anginosus
PQ222938.1	DQ232519.1.1477	99.719	1424	0.0	2608	Bacteria;Bacillati;Bacillota;Bacilli;Lactobacillales;Streptococcaceae;Streptococcus;Streptococcus anginosus
KC569574.1	AFIM01000033.206.1753	99.229	1426	0.0	2582	Bacteria;Bacillati;Bacillota;Bacilli;Lactobacillales;Streptococcaceae;Streptococcus;Streptococcus anginosus SK52 = DSM 20563
KC569574.1	JN578465.1.1478	99.224	1418	0.0	2567	Bacteria;Bacillati;Bacillota;Bacilli;Lactobacillales;Streptococcaceae;Streptococcus;Streptococcus anginosus
KC569574.1	DQ232519.1.1477	99.362	1410	0.0	2564	Bacteria;Bacillati;Bacillota;Bacilli;Lactobacillales;Streptococcaceae;Streptococcus;Streptococcus anginosus
KC569574.1	AF104678.1.1573	98.878	1426	0.0	2564	Bacteria;Bacillati;Bacillota;Bacilli;Lactobacillales;Streptococcaceae;Streptococcus;Streptococcus anginosus
KC569574.1	KC569590.1.1419	98.949	1427	0.0	2553	Bacteria;Bacillati;Bacillota;Bacilli;Lactobacillales;Streptococcaceae;Streptococcus;Streptococcus anginosus
KC569575.1	AFIM01000033.206.1753	99.719	1426	0.0	2612	Bacteria;Bacillati;Bacillota;Bacilli;Lactobacillales;Streptococcaceae;Streptococcus;Streptococcus anginosus SK52 = DSM 20563
KC569575.1	JN578465.1.1478	99.718	1418	0.0	2597	Bacteria;Bacillati;Bacillota;Bacilli;Lactobacillales;Streptococcaceae;Streptococcus;Streptococcus anginosus
KC569575.1	DQ232519.1.1477	99.858	1410	0.0	2593	Bacteria;Bacillati;Bacillota;Bacilli;Lactobacillales;Streptococcaceae;Streptococcus;Streptococcus anginosus
KC569575.1	AF104678.1.1573	99.299	1426	0.0	2588	Bacteria;Bacillati;Bacillota;Bacilli;Lactobacillales;Streptococcaceae;Streptococcus;Streptococcus anginosus
KC569575.1	KC569590.1.1419	99.299	1427	0.0	2571	Bacteria;Bacillati;Bacillota;Bacilli;Lactobacillales;Streptococcaceae;Streptococcus;Streptococcus anginosus
KC569586.1	AFIM01000033.206.1753	99.719	1426	0.0	2612	Bacteria;Bacillati;Bacillota;Bacilli;Lactobacillales;Streptococcaceae;Streptococcus;Streptococcus anginosus SK52 = DSM 20563
KC569586.1	JN578465.1.1478	99.718	1418	0.0	2597	Bacteria;Bacillati;Bacillota;Bacilli;Lactobacillales;Streptococcaceae;Streptococcus;Streptococcus anginosus
KC569586.1	DQ232519.1.1477	99.858	1410	0.0	2593	Bacteria;Bacillati;Bacillota;Bacilli;Lactobacillales;Streptococcaceae;Streptococcus;Streptococcus anginosus
KC569586.1	AF104678.1.1573	99.299	1426	0.0	2588	Bacteria;Bacillati;Bacillota;Bacilli;Lactobacillales;Streptococcaceae;Streptococcus;Streptococcus anginosus
KC569586.1	KC569590.1.1419	99.299	1427	0.0	2571	Bacteria;Bacillati;Bacillota;Bacilli;Lactobacillales;Streptococcaceae;Streptococcus;Streptococcus anginosus
KC569576.1	CP118032.1567698.1569256	99.369	1427	0.0	2584	Bacteria;Bacillati;Bacillota;Bacilli;Lactobacillales;Streptococcaceae;Streptococcus;Lactobacillus gasseri
KC569576.1	KC569584.1.1426	99.018	1426	0.0	2556	Bacteria;Bacillati;Bacillota;Bacilli;Lactobacillales;Streptococcaceae;Streptococcus;Streptococcus anginosus
KC569576.1	PQ845660.1.1511	98.950	1429	0.0	2545	Bacteria;Bacillati;Bacillota;Bacilli;Lactobacillales;Streptococcaceae;Streptococcus;uncultured Streptococcus sp.
KC569576.1	JASOLX010000056.3560.5115	98.739	1428	0.0	2534	Bacteria;Bacillati;Bacillota;Bacilli;Lactobacillales;Streptococcaceae;Streptococcus;Lacticaseibacillus paracasei
KC569576.1	FM873680.1.1509	98.801	1418	0.0	2525	Bacteria;Bacillati;Bacillota;Bacilli;Lactobacillales;Streptococcaceae;Streptococcus;uncultured bacterium
KC569577.1	AFIM01000033.206.1753	99.930	1426	0.0	2628	Bacteria;Bacillati;Bacillota;Bacilli;Lactobacillales;Streptococcaceae;Streptococcus;Streptococcus anginosus SK52 = DSM 20563
KC569577.1	JN578465.1.1478	99.929	1418	0.0	2614	Bacteria;Bacillati;Bacillota;Bacilli;Lactobacillales;Streptococcaceae;Streptococcus;Streptococcus anginosus
KC569577.1	AF104678.1.1573	99.509	1426	0.0	2604	Bacteria;Bacillati;Bacillota;Bacilli;Lactobacillales;Streptococcaceae;Streptococcus;Streptococcus anginosus
KC569577.1	DQ232519.1.1477	99.645	1410	0.0	2577	Bacteria;Bacillati;Bacillota;Bacilli;Lactobacillales;Streptococcaceae;Streptococcus;Streptococcus anginosus
KC569577.1	KC569590.1.1419	99.089	1427	0.0	2555	Bacteria;Bacillati;Bacillota;Bacilli;Lactobacillales;Streptococcaceae;Streptococcus;Streptococcus anginosus
KC569591.1	KC569584.1.1426	99.018	1426	0.0	2556	Bacteria;Bacillati;Bacillota;Bacilli;Lactobacillales;Streptococcaceae;Streptococcus;Streptococcus anginosus
KC569591.1	CP118032.1567698.1569256	98.739	1427	0.0	2534	Bacteria;Bacillati;Bacillota;Bacilli;Lactobacillales;Streptococcaceae;Streptococcus;Lactobacillus gasseri
KC569591.1	AFIM01000033.206.1753	98.392	1430	0.0	2507	Bacteria;Bacillati;Bacillota;Bacilli;Lactobacillales;Streptococcaceae;Streptococcus;Streptococcus anginosus SK52 = DSM 20563
KC569591.1	MT905169.1.1408	99.492	1377	0.0	2503	Bacteria;Bacillati;Bacillota;Bacilli;Lactobacillales;Streptococcaceae;Streptococcus;Streptococcus hominis
KC569591.1	CP034543.1435680.1437239	98.317	1426	0.0	2501	Bacteria;Bacillati;Bacillota;Bacilli;Lactobacillales;Streptococcaceae;Streptococcus;Streptococcus periodonticum
KC569592.1	AFIM01000033.206.1753	99.439	1426	0.0	2590	Bacteria;Bacillati;Bacillota;Bacilli;Lactobacillales;Streptococcaceae;Streptococcus;Streptococcus anginosus SK52 = DSM 20563
KC569592.1	JN578465.1.1478	99.436	1418	0.0	2575	Bacteria;Bacillati;Bacillota;Bacilli;Lactobacillales;Streptococcaceae;Streptococcus;Streptococcus anginosus
KC569592.1	DQ232519.1.1477	99.574	1410	0.0	2571	Bacteria;Bacillati;Bacillota;Bacilli;Lactobacillales;Streptococcaceae;Streptococcus;Streptococcus anginosus
KC569592.1	MT597583.1.1465	99.574	1408	0.0	2567	Bacteria;Bacillati;Bacillota;Bacilli;Lactobacillales;Streptococcaceae;Streptococcus;Streptococcus anginosus
KC569592.1	AF104678.1.1573	99.018	1426	0.0	2566	Bacteria;Bacillati;Bacillota;Bacilli;Lactobacillales;Streptococcaceae;Streptococcus;Streptococcus anginosus
KC569593.1	AFIM01000033.206.1753	99.649	1424	0.0	2603	Bacteria;Bacillati;Bacillota;Bacilli;Lactobacillales;Streptococcaceae;Streptococcus;Streptococcus anginosus SK52 = DSM 20563
KC569593.1	JN578465.1.1478	99.647	1418	0.0	2591	Bacteria;Bacillati;Bacillota;Bacilli;Lactobacillales;Streptococcaceae;Streptococcus;Streptococcus anginosus
KC569593.1	DQ232519.1.1477	99.787	1410	0.0	2588	Bacteria;Bacillati;Bacillota;Bacilli;Lactobacillales;Streptococcaceae;Streptococcus;Streptococcus anginosus
KC569593.1	AF104678.1.1573	99.297	1422	0.0	2580	Bacteria;Bacillati;Bacillota;Bacilli;Lactobacillales;Streptococcaceae;Streptococcus;Streptococcus anginosus
KC569593.1	HQ747663.1.1465	99.295	1418	0.0	2564	Bacteria;Bacillati;Bacillota;Bacilli;Lactobacillales;Streptococcaceae;Streptococcus;uncultured organism
KC569594.1	KC569584.1.1426	99.018	1426	0.0	2556	Bacteria;Bacillati;Bacillota;Bacilli;Lactobacillales;Streptococcaceae;Streptococcus;Streptococcus anginosus
KC569594.1	CP118032.1567698.1569256	98.669	1427	0.0	2529	Bacteria;Bacillati;Bacillota;Bacilli;Lactobacillales;Streptococcaceae;Streptococcus;Lactobacillus gasseri
KC569594.1	BNJU01001146.46780.48313	98.463	1431	0.0	2510	Bacteria;Bacillati;Bacillota;Bacilli;Lactobacillales;Streptococcaceae;Streptococcus;human saliva metagenome
KC569594.1	MT905169.1.1408	99.492	1377	0.0	2503	Bacteria;Bacillati;Bacillota;Bacilli;Lactobacillales;Streptococcaceae;Streptococcus;Streptococcus hominis
KC569594.1	AFIM01000033.206.1753	98.321	1429	0.0	2501	Bacteria;Bacillati;Bacillota;Bacilli;Lactobacillales;Streptococcaceae;Streptococcus;Streptococcus anginosus SK52 = DSM 20563
KC569589.1	AFIM01000033.206.1753	99.369	1426	0.0	2584	Bacteria;Bacillati;Bacillota;Bacilli;Lactobacillales;Streptococcaceae;Streptococcus;Streptococcus anginosus SK52 = DSM 20563
KC569589.1	JN578465.1.1478	99.365	1418	0.0	2569	Bacteria;Bacillati;Bacillota;Bacilli;Lactobacillales;Streptococcaceae;Streptococcus;Streptococcus anginosus
KC569589.1	DQ232519.1.1477	99.504	1410	0.0	2566	Bacteria;Bacillati;Bacillota;Bacilli;Lactobacillales;Streptococcaceae;Streptococcus;Streptococcus anginosus
KC569589.1	AF104678.1.1573	98.948	1426	0.0	2560	Bacteria;Bacillati;Bacillota;Bacilli;Lactobacillales;Streptococcaceae;Streptococcus;Streptococcus anginosus
KC569589.1	KC569590.1.1419	98.949	1427	0.0	2543	Bacteria;Bacillati;Bacillota;Bacilli;Lactobacillales;Streptococcaceae;Streptococcus;Streptococcus anginosus
KC569588.1	AFIM01000033.206.1753	99.719	1426	0.0	2612	Bacteria;Bacillati;Bacillota;Bacilli;Lactobacillales;Streptococcaceae;Streptococcus;Streptococcus anginosus SK52 = DSM 20563
KC569588.1	JN578465.1.1478	99.718	1418	0.0	2597	Bacteria;Bacillati;Bacillota;Bacilli;Lactobacillales;Streptococcaceae;Streptococcus;Streptococcus anginosus
KC569588.1	DQ232519.1.1477	99.858	1410	0.0	2593	Bacteria;Bacillati;Bacillota;Bacilli;Lactobacillales;Streptococcaceae;Streptococcus;Streptococcus anginosus
KC569588.1	AF104678.1.1573	99.299	1426	0.0	2588	Bacteria;Bacillati;Bacillota;Bacilli;Lactobacillales;Streptococcaceae;Streptococcus;Streptococcus anginosus
KC569588.1	KC569590.1.1419	99.299	1427	0.0	2571	Bacteria;Bacillati;Bacillota;Bacilli;Lactobacillales;Streptococcaceae;Streptococcus;Streptococcus anginosus
KC569587.1	KC569584.1.1426	99.790	1426	0.0	2617	Bacteria;Bacillati;Bacillota;Bacilli;Lactobacillales;Streptococcaceae;Streptococcus;Streptococcus anginosus
KC569587.1	FM873680.1.1509	98.872	1418	0.0	2531	Bacteria;Bacillati;Bacillota;Bacilli;Lactobacillales;Streptococcaceae;Streptococcus;uncultured bacterium
KC569587.1	BNJU01001146.46780.48313	98.672	1431	0.0	2527	Bacteria;Bacillati;Bacillota;Bacilli;Lactobacillales;Streptococcaceae;Streptococcus;human saliva metagenome
KC569587.1	CP118032.1567698.1569256	98.598	1427	0.0	2523	Bacteria;Bacillati;Bacillota;Bacilli;Lactobacillales;Streptococcaceae;Streptococcus;Lactobacillus gasseri
KC569587.1	JASOLX010000056.3560.5115	98.531	1430	0.0	2518	Bacteria;Bacillati;Bacillota;Bacilli;Lactobacillales;Streptococcaceae;Streptococcus;Lacticaseibacillus paracasei
KC569585.1	AFIM01000033.206.1753	99.579	1426	0.0	2601	Bacteria;Bacillati;Bacillota;Bacilli;Lactobacillales;Streptococcaceae;Streptococcus;Streptococcus anginosus SK52 = DSM 20563
KC569585.1	JN578465.1.1478	99.577	1418	0.0	2586	Bacteria;Bacillati;Bacillota;Bacilli;Lactobacillales;Streptococcaceae;Streptococcus;Streptococcus anginosus
KC569585.1	DQ232519.1.1477	99.716	1410	0.0	2582	Bacteria;Bacillati;Bacillota;Bacilli;Lactobacillales;Streptococcaceae;Streptococcus;Streptococcus anginosus
KC569585.1	AF104678.1.1573	99.158	1426	0.0	2577	Bacteria;Bacillati;Bacillota;Bacilli;Lactobacillales;Streptococcaceae;Streptococcus;Streptococcus anginosus
KC569585.1	KC569590.1.1419	99.159	1427	0.0	2560	Bacteria;Bacillati;Bacillota;Bacilli;Lactobacillales;Streptococcaceae;Streptococcus;Streptococcus anginosus
KC569584.1	KC569584.1.1426	100.000	1426	0.0	2634	Bacteria;Bacillati;Bacillota;Bacilli;Lactobacillales;Streptococcaceae;Streptococcus;Streptococcus anginosus
KC569584.1	FM873680.1.1509	98.942	1418	0.0	2536	Bacteria;Bacillati;Bacillota;Bacilli;Lactobacillales;Streptococcaceae;Streptococcus;uncultured bacterium
KC569584.1	BNJU01001146.46780.48313	98.742	1431	0.0	2532	Bacteria;Bacillati;Bacillota;Bacilli;Lactobacillales;Streptococcaceae;Streptococcus;human saliva metagenome
KC569584.1	CP118032.1567698.1569256	98.669	1427	0.0	2529	Bacteria;Bacillati;Bacillota;Bacilli;Lactobacillales;Streptococcaceae;Streptococcus;Lactobacillus gasseri
KC569584.1	JASOLX010000056.3560.5115	98.601	1430	0.0	2523	Bacteria;Bacillati;Bacillota;Bacilli;Lactobacillales;Streptococcaceae;Streptococcus;Lacticaseibacillus paracasei
KC569583.1	AFIM01000033.206.1753	99.930	1426	0.0	2628	Bacteria;Bacillati;Bacillota;Bacilli;Lactobacillales;Streptococcaceae;Streptococcus;Streptococcus anginosus SK52 = DSM 20563
KC569583.1	JN578465.1.1478	99.929	1418	0.0	2614	Bacteria;Bacillati;Bacillota;Bacilli;Lactobacillales;Streptococcaceae;Streptococcus;Streptococcus anginosus
KC569583.1	AF104678.1.1573	99.509	1426	0.0	2604	Bacteria;Bacillati;Bacillota;Bacilli;Lactobacillales;Streptococcaceae;Streptococcus;Streptococcus anginosus
KC569583.1	DQ232519.1.1477	99.645	1410	0.0	2577	Bacteria;Bacillati;Bacillota;Bacilli;Lactobacillales;Streptococcaceae;Streptococcus;Streptococcus anginosus
KC569583.1	HQ747663.1.1465	99.295	1418	0.0	2564	Bacteria;Bacillati;Bacillota;Bacilli;Lactobacillales;Streptococcaceae;Streptococcus;uncultured organism
KC569582.1	CP118032.1567698.1569256	99.369	1427	0.0	2584	Bacteria;Bacillati;Bacillota;Bacilli;Lactobacillales;Streptococcaceae;Streptococcus;Lactobacillus gasseri
KC569582.1	KC569584.1.1426	99.018	1426	0.0	2556	Bacteria;Bacillati;Bacillota;Bacilli;Lactobacillales;Streptococcaceae;Streptococcus;Streptococcus anginosus
KC569582.1	PQ845660.1.1511	98.950	1429	0.0	2545	Bacteria;Bacillati;Bacillota;Bacilli;Lactobacillales;Streptococcaceae;Streptococcus;uncultured Streptococcus sp.
KC569582.1	JASOLX010000056.3560.5115	98.739	1428	0.0	2534	Bacteria;Bacillati;Bacillota;Bacilli;Lactobacillales;Streptococcaceae;Streptococcus;Lacticaseibacillus paracasei
KC569582.1	FM873680.1.1509	98.801	1418	0.0	2525	Bacteria;Bacillati;Bacillota;Bacilli;Lactobacillales;Streptococcaceae;Streptococcus;uncultured bacterium
KC569581.1	CP118032.1567698.1569256	99.299	1427	0.0	2579	Bacteria;Bacillati;Bacillota;Bacilli;Lactobacillales;Streptococcaceae;Streptococcus;Lactobacillus gasseri
KC569581.1	KC569584.1.1426	98.948	1426	0.0	2551	Bacteria;Bacillati;Bacillota;Bacilli;Lactobacillales;Streptococcaceae;Streptococcus;Streptococcus anginosus
KC569581.1	PQ845660.1.1511	98.880	1429	0.0	2540	Bacteria;Bacillati;Bacillota;Bacilli;Lactobacillales;Streptococcaceae;Streptococcus;uncultured Streptococcus sp.
KC569581.1	JASOLX010000056.3560.5115	98.669	1428	0.0	2529	Bacteria;Bacillati;Bacillota;Bacilli;Lactobacillales;Streptococcaceae;Streptococcus;Lacticaseibacillus paracasei
KC569581.1	JN787181.1.1404	99.709	1376	0.0	2519	Bacteria;Bacillati;Bacillota;Bacilli;Lactobacillales;Streptococcaceae;Streptococcus;Streptococcus anginosus
KC569580.1	AFIM01000033.206.1753	99.790	1426	0.0	2617	Bacteria;Bacillati;Bacillota;Bacilli;Lactobacillales;Streptococcaceae;Streptococcus;Streptococcus anginosus SK52 = DSM 20563
KC569580.1	JN578465.1.1478	99.788	1418	0.0	2603	Bacteria;Bacillati;Bacillota;Bacilli;Lactobacillales;Streptococcaceae;Streptococcus;Streptococcus anginosus
KC569580.1	AF104678.1.1573	99.439	1426	0.0	2599	Bacteria;Bacillati;Bacillota;Bacilli;Lactobacillales;Streptococcaceae;Streptococcus;Streptococcus anginosus
KC569580.1	DQ232519.1.1477	99.504	1410	0.0	2566	Bacteria;Bacillati;Bacillota;Bacilli;Lactobacillales;Streptococcaceae;Streptococcus;Streptococcus anginosus
KC569580.1	KC569590.1.1419	98.949	1427	0.0	2543	Bacteria;Bacillati;Bacillota;Bacilli;Lactobacillales;Streptococcaceae;Streptococcus;Streptococcus anginosus
KC569579.1	CP118032.1567698.1569256	99.299	1427	0.0	2579	Bacteria;Bacillati;Bacillota;Bacilli;Lactobacillales;Streptococcaceae;Streptococcus;Lactobacillus gasseri
KC569579.1	KC569584.1.1426	98.948	1426	0.0	2551	Bacteria;Bacillati;Bacillota;Bacilli;Lactobacillales;Streptococcaceae;Streptococcus;Streptococcus anginosus
KC569579.1	PQ845660.1.1511	98.880	1429	0.0	2540	Bacteria;Bacillati;Bacillota;Bacilli;Lactobacillales;Streptococcaceae;Streptococcus;uncultured Streptococcus sp.
KC569579.1	JASOLX010000056.3560.5115	98.669	1428	0.0	2529	Bacteria;Bacillati;Bacillota;Bacilli;Lactobacillales;Streptococcaceae;Streptococcus;Lacticaseibacillus paracasei
KC569579.1	FM873680.1.1509	98.731	1418	0.0	2519	Bacteria;Bacillati;Bacillota;Bacilli;Lactobacillales;Streptococcaceae;Streptococcus;uncultured bacterium
KC569578.1	AFIM01000033.206.1753	99.930	1426	0.0	2628	Bacteria;Bacillati;Bacillota;Bacilli;Lactobacillales;Streptococcaceae;Streptococcus;Streptococcus anginosus SK52 = DSM 20563
KC569578.1	JN578465.1.1478	99.929	1418	0.0	2614	Bacteria;Bacillati;Bacillota;Bacilli;Lactobacillales;Streptococcaceae;Streptococcus;Streptococcus anginosus
KC569578.1	AF104678.1.1573	99.509	1426	0.0	2604	Bacteria;Bacillati;Bacillota;Bacilli;Lactobacillales;Streptococcaceae;Streptococcus;Streptococcus anginosus
KC569578.1	DQ232519.1.1477	99.645	1410	0.0	2577	Bacteria;Bacillati;Bacillota;Bacilli;Lactobacillales;Streptococcaceae;Streptococcus;Streptococcus anginosus
KC569578.1	KC569590.1.1419	99.089	1427	0.0	2555	Bacteria;Bacillati;Bacillota;Bacilli;Lactobacillales;Streptococcaceae;Streptococcus;Streptococcus anginosus
MH817386.1	MH817386.1.1425	100.000	1412	0.0	2608	Bacteria;Bacillati;Bacillota;Bacilli;Lactobacillales;Streptococcaceae;Streptococcus;Streptococcus anginosus
MH817386.1	JN787173.1.1404	98.929	1401	0.0	2501	Bacteria;Bacillati;Bacillota;Bacilli;Lactobacillales;Streptococcaceae;Streptococcus;Streptococcus anginosus
MH817386.1	JN787172.1.1404	98.929	1401	0.0	2501	Bacteria;Bacillati;Bacillota;Bacilli;Lactobacillales;Streptococcaceae;Streptococcus;Streptococcus anginosus
MH817386.1	JN787171.1.1404	98.929	1401	0.0	2501	Bacteria;Bacillati;Bacillota;Bacilli;Lactobacillales;Streptococcaceae;Streptococcus;Streptococcus anginosus
MH817386.1	DQ232519.1.1477	98.653	1411	0.0	2495	Bacteria;Bacillati;Bacillota;Bacilli;Lactobacillales;Streptococcaceae;Streptococcus;Streptococcus anginosus
PQ222501.1	PQ779990.1.1458	99.930	1424	0.0	2625	Bacteria;Bacillati;Bacillota;Bacilli;Lactobacillales;Streptococcaceae;Streptococcus;Bacillota bacterium
PQ222501.1	DQ232519.1.1477	99.860	1425	0.0	2619	Bacteria;Bacillati;Bacillota;Bacilli;Lactobacillales;Streptococcaceae;Streptococcus;Streptococcus anginosus
PQ222501.1	MT459365.1.1464	99.789	1424	0.0	2614	Bacteria;Bacillati;Bacillota;Bacilli;Lactobacillales;Streptococcaceae;Streptococcus;Streptococcus anginosus
PQ222501.1	MT597725.1.1468	99.789	1424	0.0	2612	Bacteria;Bacillati;Bacillota;Bacilli;Lactobacillales;Streptococcaceae;Streptococcus;Streptococcus anginosus
PQ222501.1	AFIM01000033.206.1753	99.719	1425	0.0	2608	Bacteria;Bacillati;Bacillota;Bacilli;Lactobacillales;Streptococcaceae;Streptococcus;Streptococcus anginosus SK52 = DSM 20563
MW090399.1	MT597725.1.1468	99.930	1424	0.0	2623	Bacteria;Bacillati;Bacillota;Bacilli;Lactobacillales;Streptococcaceae;Streptococcus;Streptococcus anginosus
MW090399.1	MT597583.1.1465	99.860	1424	0.0	2617	Bacteria;Bacillati;Bacillota;Bacilli;Lactobacillales;Streptococcaceae;Streptococcus;Streptococcus anginosus
MW090399.1	PQ779990.1.1458	99.789	1423	0.0	2612	Bacteria;Bacillati;Bacillota;Bacilli;Lactobacillales;Streptococcaceae;Streptococcus;Bacillota bacterium
MW090399.1	MT459365.1.1464	99.789	1423	0.0	2612	Bacteria;Bacillati;Bacillota;Bacilli;Lactobacillales;Streptococcaceae;Streptococcus;Streptococcus anginosus
MW090399.1	MT573752.1.1444	99.789	1422	0.0	2608	Bacteria;Bacillati;Bacillota;Bacilli;Lactobacillales;Streptococcaceae;Streptococcus;Streptococcus anginosus
JX678675.1	DQ232519.1.1477	99.930	1422	0.0	2621	Bacteria;Bacillati;Bacillota;Bacilli;Lactobacillales;Streptococcaceae;Streptococcus;Streptococcus anginosus
JX678675.1	PQ779990.1.1458	99.930	1421	0.0	2619	Bacteria;Bacillati;Bacillota;Bacilli;Lactobacillales;Streptococcaceae;Streptococcus;Bacillota bacterium
JX678675.1	MT597725.1.1468	99.859	1421	0.0	2614	Bacteria;Bacillati;Bacillota;Bacilli;Lactobacillales;Streptococcaceae;Streptococcus;Streptococcus anginosus
JX678675.1	AFIM01000033.206.1753	99.789	1422	0.0	2610	Bacteria;Bacillati;Bacillota;Bacilli;Lactobacillales;Streptococcaceae;Streptococcus;Streptococcus anginosus SK52 = DSM 20563
JX678675.1	JN578465.1.1478	99.789	1422	0.0	2610	Bacteria;Bacillati;Bacillota;Bacilli;Lactobacillales;Streptococcaceae;Streptococcus;Streptococcus anginosus
MT903068.1	MT459365.1.1464	99.859	1422	0.0	2614	Bacteria;Bacillati;Bacillota;Bacilli;Lactobacillales;Streptococcaceae;Streptococcus;Streptococcus anginosus
MT903068.1	DQ232519.1.1477	99.789	1423	0.0	2610	Bacteria;Bacillati;Bacillota;Bacilli;Lactobacillales;Streptococcaceae;Streptococcus;Streptococcus anginosus
MT903068.1	PQ779972.1.1458	99.789	1423	0.0	2610	Bacteria;Bacillati;Bacillota;Bacilli;Lactobacillales;Streptococcaceae;Streptococcus;Bacillota bacterium
MT903068.1	MT597613.1.1449	99.789	1420	0.0	2604	Bacteria;Bacillati;Bacillota;Bacilli;Lactobacillales;Streptococcaceae;Streptococcus;Streptococcus anginosus
MT903068.1	PQ779990.1.1458	99.719	1422	0.0	2603	Bacteria;Bacillati;Bacillota;Bacilli;Lactobacillales;Streptococcaceae;Streptococcus;Bacillota bacterium
OQ947771.1	DQ232519.1.1477	99.578	1421	0.0	2590	Bacteria;Bacillati;Bacillota;Bacilli;Lactobacillales;Streptococcaceae;Streptococcus;Streptococcus anginosus
OQ947771.1	AFIM01000033.206.1753	99.296	1421	0.0	2567	Bacteria;Bacillati;Bacillota;Bacilli;Lactobacillales;Streptococcaceae;Streptococcus;Streptococcus anginosus SK52 = DSM 20563
OQ947771.1	JN578465.1.1478	99.296	1421	0.0	2567	Bacteria;Bacillati;Bacillota;Bacilli;Lactobacillales;Streptococcaceae;Streptococcus;Streptococcus anginosus
OQ947771.1	LC258132.1.1449	99.296	1421	0.0	2567	Bacteria;Bacillati;Bacillota;Bacilli;Lactobacillales;Streptococcaceae;Streptococcus;Streptococcus anginosus
OQ947771.1	MT459365.1.1464	99.294	1416	0.0	2558	Bacteria;Bacillati;Bacillota;Bacilli;Lactobacillales;Streptococcaceae;Streptococcus;Streptococcus anginosus
MT807855.1	MT905169.1.1408	99.929	1403	0.0	2584	Bacteria;Bacillati;Bacillota;Bacilli;Lactobacillales;Streptococcaceae;Streptococcus;Streptococcus hominis
MT807855.1	JN787181.1.1404	99.428	1398	0.0	2538	Bacteria;Bacillati;Bacillota;Bacilli;Lactobacillales;Streptococcaceae;Streptococcus;Streptococcus anginosus
MT807855.1	AFIM01000033.206.1753	98.595	1423	0.0	2512	Bacteria;Bacillati;Bacillota;Bacilli;Lactobacillales;Streptococcaceae;Streptococcus;Streptococcus anginosus SK52 = DSM 20563
MT807855.1	JN578465.1.1478	98.595	1423	0.0	2512	Bacteria;Bacillati;Bacillota;Bacilli;Lactobacillales;Streptococcaceae;Streptococcus;Streptococcus anginosus
MT807855.1	DQ232519.1.1477	98.595	1423	0.0	2512	Bacteria;Bacillati;Bacillota;Bacilli;Lactobacillales;Streptococcaceae;Streptococcus;Streptococcus anginosus
MT585451.1	MT585451.1.1420	100.000	1415	0.0	2614	Bacteria;Bacillati;Bacillota;Bacilli;Lactobacillales;Streptococcaceae;Streptococcus;Streptococcus anginosus subsp. whileyi
MT585451.1	JN787193.1.1404	99.020	1327	0.0	2379	Bacteria;Bacillati;Bacillota;Bacilli;Lactobacillales;Streptococcaceae;Streptococcus;Streptococcus anginosus subsp. whileyi CCUG 39159
MT585451.1	MT597617.1.1444	98.945	1327	0.0	2374	Bacteria;Bacillati;Bacillota;Bacilli;Lactobacillales;Streptococcaceae;Streptococcus;Streptococcus anginosus subsp. whileyi
MT585451.1	MT597725.1.1468	98.945	1327	0.0	2374	Bacteria;Bacillati;Bacillota;Bacilli;Lactobacillales;Streptococcaceae;Streptococcus;Streptococcus anginosus
MT585451.1	HQ813415.1.1423	98.945	1327	0.0	2374	Bacteria;Bacillati;Bacillota;Bacilli;Lactobacillales;Streptococcaceae;Streptococcus;uncultured organism
MT807631.1	JN787181.1.1404	99.786	1399	0.0	2567	Bacteria;Bacillati;Bacillota;Bacilli;Lactobacillales;Streptococcaceae;Streptococcus;Streptococcus anginosus
MT807631.1	PQ845660.1.1511	99.017	1424	0.0	2542	Bacteria;Bacillati;Bacillota;Bacilli;Lactobacillales;Streptococcaceae;Streptococcus;uncultured Streptococcus sp.
MT807631.1	MT905169.1.1408	99.287	1402	0.0	2532	Bacteria;Bacillati;Bacillota;Bacilli;Lactobacillales;Streptococcaceae;Streptococcus;Streptococcus hominis
MT807631.1	CP118032.1567698.1569256	98.805	1422	0.0	2531	Bacteria;Bacillati;Bacillota;Bacilli;Lactobacillales;Streptococcaceae;Streptococcus;Lactobacillus gasseri
MT807631.1	JASOLX010000056.3560.5115	98.805	1422	0.0	2529	Bacteria;Bacillati;Bacillota;Bacilli;Lactobacillales;Streptococcaceae;Streptococcus;Lacticaseibacillus paracasei
MT807630.1	MT905169.1.1408	99.929	1409	0.0	2595	Bacteria;Bacillati;Bacillota;Bacilli;Lactobacillales;Streptococcaceae;Streptococcus;Streptococcus hominis
MT807630.1	JN787181.1.1404	99.288	1404	0.0	2538	Bacteria;Bacillati;Bacillota;Bacilli;Lactobacillales;Streptococcaceae;Streptococcus;Streptococcus anginosus
MT807630.1	PQ779972.1.1458	98.592	1420	0.0	2507	Bacteria;Bacillati;Bacillota;Bacilli;Lactobacillales;Streptococcaceae;Streptococcus;Bacillota bacterium
MT807630.1	MT459365.1.1464	98.591	1419	0.0	2505	Bacteria;Bacillati;Bacillota;Bacilli;Lactobacillales;Streptococcaceae;Streptococcus;Streptococcus anginosus
MT807630.1	AFIM01000033.206.1753	98.453	1422	0.0	2499	Bacteria;Bacillati;Bacillota;Bacilli;Lactobacillales;Streptococcaceae;Streptococcus;Streptococcus anginosus SK52 = DSM 20563
KC569590.1	KC569590.1.1419	100.000	1419	0.0	2621	Bacteria;Bacillati;Bacillota;Bacilli;Lactobacillales;Streptococcaceae;Streptococcus;Streptococcus anginosus
KC569590.1	AFIM01000033.206.1753	99.159	1427	0.0	2560	Bacteria;Bacillati;Bacillota;Bacilli;Lactobacillales;Streptococcaceae;Streptococcus;Streptococcus anginosus SK52 = DSM 20563
KC569590.1	JN578465.1.1478	99.154	1419	0.0	2545	Bacteria;Bacillati;Bacillota;Bacilli;Lactobacillales;Streptococcaceae;Streptococcus;Streptococcus anginosus
KC569590.1	DQ232519.1.1477	99.291	1411	0.0	2542	Bacteria;Bacillati;Bacillota;Bacilli;Lactobacillales;Streptococcaceae;Streptococcus;Streptococcus anginosus
KC569590.1	AF104678.1.1573	98.739	1427	0.0	2536	Bacteria;Bacillati;Bacillota;Bacilli;Lactobacillales;Streptococcaceae;Streptococcus;Streptococcus anginosus
MH817392.1	MH817392.1.1418	100.000	1418	0.0	2619	Bacteria;Bacillati;Bacillota;Bacilli;Lactobacillales;Streptococcaceae;Streptococcus;Streptococcus anginosus
MH817392.1	JN787173.1.1404	97.914	1390	0.0	2399	Bacteria;Bacillati;Bacillota;Bacilli;Lactobacillales;Streptococcaceae;Streptococcus;Streptococcus anginosus
MH817392.1	JN787172.1.1404	97.914	1390	0.0	2399	Bacteria;Bacillati;Bacillota;Bacilli;Lactobacillales;Streptococcaceae;Streptococcus;Streptococcus anginosus
MH817392.1	JN787171.1.1404	97.914	1390	0.0	2399	Bacteria;Bacillati;Bacillota;Bacilli;Lactobacillales;Streptococcaceae;Streptococcus;Streptococcus anginosus
MH817392.1	DQ232519.1.1477	98.184	1377	0.0	2398	Bacteria;Bacillati;Bacillota;Bacilli;Lactobacillales;Streptococcaceae;Streptococcus;Streptococcus anginosus
MF578814.1	DQ232519.1.1477	99.788	1417	0.0	2603	Bacteria;Bacillati;Bacillota;Bacilli;Lactobacillales;Streptococcaceae;Streptococcus;Streptococcus anginosus
MF578814.1	PQ779990.1.1458	99.788	1414	0.0	2597	Bacteria;Bacillati;Bacillota;Bacilli;Lactobacillales;Streptococcaceae;Streptococcus;Bacillota bacterium
MF578814.1	MT597725.1.1468	99.718	1417	0.0	2597	Bacteria;Bacillati;Bacillota;Bacilli;Lactobacillales;Streptococcaceae;Streptococcus;Streptococcus anginosus
MF578814.1	AFIM01000033.206.1753	99.647	1417	0.0	2591	Bacteria;Bacillati;Bacillota;Bacilli;Lactobacillales;Streptococcaceae;Streptococcus;Streptococcus anginosus SK52 = DSM 20563
MF578814.1	JN578465.1.1478	99.647	1417	0.0	2591	Bacteria;Bacillati;Bacillota;Bacilli;Lactobacillales;Streptococcaceae;Streptococcus;Streptococcus anginosus
JX678671.1	DQ232519.1.1477	99.929	1417	0.0	2612	Bacteria;Bacillati;Bacillota;Bacilli;Lactobacillales;Streptococcaceae;Streptococcus;Streptococcus anginosus
JX678671.1	PQ779990.1.1458	99.929	1417	0.0	2612	Bacteria;Bacillati;Bacillota;Bacilli;Lactobacillales;Streptococcaceae;Streptococcus;Bacillota bacterium
JX678671.1	MT597725.1.1468	99.859	1417	0.0	2606	Bacteria;Bacillati;Bacillota;Bacilli;Lactobacillales;Streptococcaceae;Streptococcus;Streptococcus anginosus
JX678671.1	AFIM01000033.206.1753	99.788	1417	0.0	2601	Bacteria;Bacillati;Bacillota;Bacilli;Lactobacillales;Streptococcaceae;Streptococcus;Streptococcus anginosus SK52 = DSM 20563
JX678671.1	JN578465.1.1478	99.788	1417	0.0	2601	Bacteria;Bacillati;Bacillota;Bacilli;Lactobacillales;Streptococcaceae;Streptococcus;Streptococcus anginosus
OR501332.1	DQ232519.1.1477	99.929	1413	0.0	2604	Bacteria;Bacillati;Bacillota;Bacilli;Lactobacillales;Streptococcaceae;Streptococcus;Streptococcus anginosus
OR501332.1	PQ779990.1.1458	99.929	1413	0.0	2604	Bacteria;Bacillati;Bacillota;Bacilli;Lactobacillales;Streptococcaceae;Streptococcus;Bacillota bacterium
OR501332.1	MT597725.1.1468	99.858	1413	0.0	2599	Bacteria;Bacillati;Bacillota;Bacilli;Lactobacillales;Streptococcaceae;Streptococcus;Streptococcus anginosus
OR501332.1	AFIM01000033.206.1753	99.788	1413	0.0	2593	Bacteria;Bacillati;Bacillota;Bacilli;Lactobacillales;Streptococcaceae;Streptococcus;Streptococcus anginosus SK52 = DSM 20563
OR501332.1	JN578465.1.1478	99.788	1413	0.0	2593	Bacteria;Bacillati;Bacillota;Bacilli;Lactobacillales;Streptococcaceae;Streptococcus;Streptococcus anginosus
MK270132.2	PQ779990.1.1458	99.929	1409	0.0	2595	Bacteria;Bacillati;Bacillota;Bacilli;Lactobacillales;Streptococcaceae;Streptococcus;Bacillota bacterium
MK270132.2	DQ232519.1.1477	99.929	1407	0.0	2593	Bacteria;Bacillati;Bacillota;Bacilli;Lactobacillales;Streptococcaceae;Streptococcus;Streptococcus anginosus
MK270132.2	MT597725.1.1468	99.858	1408	0.0	2590	Bacteria;Bacillati;Bacillota;Bacilli;Lactobacillales;Streptococcaceae;Streptococcus;Streptococcus anginosus
MK270132.2	PQ779972.1.1458	99.787	1409	0.0	2586	Bacteria;Bacillati;Bacillota;Bacilli;Lactobacillales;Streptococcaceae;Streptococcus;Bacillota bacterium
MK270132.2	AFIM01000033.206.1753	99.787	1407	0.0	2582	Bacteria;Bacillati;Bacillota;Bacilli;Lactobacillales;Streptococcaceae;Streptococcus;Streptococcus anginosus SK52 = DSM 20563
MT807742.1	MT597583.1.1465	99.858	1411	0.0	2595	Bacteria;Bacillati;Bacillota;Bacilli;Lactobacillales;Streptococcaceae;Streptococcus;Streptococcus anginosus
MT807742.1	MT597725.1.1468	99.788	1412	0.0	2591	Bacteria;Bacillati;Bacillota;Bacilli;Lactobacillales;Streptococcaceae;Streptococcus;Streptococcus anginosus
MT807742.1	DQ232519.1.1477	99.717	1412	0.0	2586	Bacteria;Bacillati;Bacillota;Bacilli;Lactobacillales;Streptococcaceae;Streptococcus;Streptococcus anginosus
MT807742.1	PQ779972.1.1458	99.787	1409	0.0	2586	Bacteria;Bacillati;Bacillota;Bacilli;Lactobacillales;Streptococcaceae;Streptococcus;Bacillota bacterium
MT807742.1	MT459365.1.1464	99.787	1408	0.0	2584	Bacteria;Bacillati;Bacillota;Bacilli;Lactobacillales;Streptococcaceae;Streptococcus;Streptococcus anginosus
MF578782.1	PQ779990.1.1458	99.929	1409	0.0	2595	Bacteria;Bacillati;Bacillota;Bacilli;Lactobacillales;Streptococcaceae;Streptococcus;Bacillota bacterium
MF578782.1	DQ232519.1.1477	99.929	1407	0.0	2593	Bacteria;Bacillati;Bacillota;Bacilli;Lactobacillales;Streptococcaceae;Streptococcus;Streptococcus anginosus
MF578782.1	MT597725.1.1468	99.858	1408	0.0	2590	Bacteria;Bacillati;Bacillota;Bacilli;Lactobacillales;Streptococcaceae;Streptococcus;Streptococcus anginosus
MF578782.1	PQ779972.1.1458	99.787	1409	0.0	2586	Bacteria;Bacillati;Bacillota;Bacilli;Lactobacillales;Streptococcaceae;Streptococcus;Bacillota bacterium
MF578782.1	AFIM01000033.206.1753	99.787	1407	0.0	2582	Bacteria;Bacillati;Bacillota;Bacilli;Lactobacillales;Streptococcaceae;Streptococcus;Streptococcus anginosus SK52 = DSM 20563
OR501306.1	JN787181.1.1404	99.428	1398	0.0	2538	Bacteria;Bacillati;Bacillota;Bacilli;Lactobacillales;Streptococcaceae;Streptococcus;Streptococcus anginosus
OR501306.1	MT905169.1.1408	99.357	1399	0.0	2532	Bacteria;Bacillati;Bacillota;Bacilli;Lactobacillales;Streptococcaceae;Streptococcus;Streptococcus hominis
OR501306.1	PQ779972.1.1458	98.727	1414	0.0	2507	Bacteria;Bacillati;Bacillota;Bacilli;Lactobacillales;Streptococcaceae;Streptococcus;Bacillota bacterium
OR501306.1	MT597613.1.1449	98.657	1415	0.0	2501	Bacteria;Bacillati;Bacillota;Bacilli;Lactobacillales;Streptococcaceae;Streptococcus;Streptococcus anginosus
OR501306.1	MT459365.1.1464	98.724	1411	0.0	2501	Bacteria;Bacillati;Bacillota;Bacilli;Lactobacillales;Streptococcaceae;Streptococcus;Streptococcus anginosus
OR501317.1	KC569584.1.1426	99.928	1389	0.0	2560	Bacteria;Bacillati;Bacillota;Bacilli;Lactobacillales;Streptococcaceae;Streptococcus;Streptococcus anginosus
OR501317.1	MT905169.1.1408	99.142	1399	0.0	2516	Bacteria;Bacillati;Bacillota;Bacilli;Lactobacillales;Streptococcaceae;Streptococcus;Streptococcus hominis
OR501317.1	FM873680.1.1509	99.003	1404	0.0	2516	Bacteria;Bacillati;Bacillota;Bacilli;Lactobacillales;Streptococcaceae;Streptococcus;uncultured bacterium
OR501317.1	BNJU01001146.46780.48313	98.868	1413	0.0	2510	Bacteria;Bacillati;Bacillota;Bacilli;Lactobacillales;Streptococcaceae;Streptococcus;human saliva metagenome
OR501317.1	JN787181.1.1404	99.070	1398	0.0	2510	Bacteria;Bacillati;Bacillota;Bacilli;Lactobacillales;Streptococcaceae;Streptococcus;Streptococcus anginosus
OR501304.1	JN787181.1.1404	99.857	1398	0.0	2571	Bacteria;Bacillati;Bacillota;Bacilli;Lactobacillales;Streptococcaceae;Streptococcus;Streptococcus anginosus
OR501304.1	MT905169.1.1408	99.357	1399	0.0	2532	Bacteria;Bacillati;Bacillota;Bacilli;Lactobacillales;Streptococcaceae;Streptococcus;Streptococcus hominis
OR501304.1	CP118032.1567698.1569256	99.077	1408	0.0	2527	Bacteria;Bacillati;Bacillota;Bacilli;Lactobacillales;Streptococcaceae;Streptococcus;Lactobacillus gasseri
OR501304.1	PQ845660.1.1511	98.940	1415	0.0	2519	Bacteria;Bacillati;Bacillota;Bacilli;Lactobacillales;Streptococcaceae;Streptococcus;uncultured Streptococcus sp.
OR501304.1	FM873680.1.1509	98.932	1404	0.0	2510	Bacteria;Bacillati;Bacillota;Bacilli;Lactobacillales;Streptococcaceae;Streptococcus;uncultured bacterium
OR501281.1	PQ779972.1.1458	100.000	1411	0.0	2606	Bacteria;Bacillati;Bacillota;Bacilli;Lactobacillales;Streptococcaceae;Streptococcus;Bacillota bacterium
OR501281.1	MT597613.1.1449	99.929	1412	0.0	2601	Bacteria;Bacillati;Bacillota;Bacilli;Lactobacillales;Streptococcaceae;Streptococcus;Streptococcus anginosus
OR501281.1	MT459365.1.1464	100.000	1408	0.0	2601	Bacteria;Bacillati;Bacillota;Bacilli;Lactobacillales;Streptococcaceae;Streptococcus;Streptococcus anginosus
OR501281.1	DQ232519.1.1477	99.858	1411	0.0	2595	Bacteria;Bacillati;Bacillota;Bacilli;Lactobacillales;Streptococcaceae;Streptococcus;Streptococcus anginosus
OR501281.1	MT597725.1.1468	99.787	1411	0.0	2590	Bacteria;Bacillati;Bacillota;Bacilli;Lactobacillales;Streptococcaceae;Streptococcus;Streptococcus anginosus
OR501251.1	JN787181.1.1404	99.642	1398	0.0	2555	Bacteria;Bacillati;Bacillota;Bacilli;Lactobacillales;Streptococcaceae;Streptococcus;Streptococcus anginosus
OR501251.1	CP118032.1567698.1569256	99.290	1408	0.0	2543	Bacteria;Bacillati;Bacillota;Bacilli;Lactobacillales;Streptococcaceae;Streptococcus;Lactobacillus gasseri
OR501251.1	PQ845660.1.1511	99.152	1415	0.0	2536	Bacteria;Bacillati;Bacillota;Bacilli;Lactobacillales;Streptococcaceae;Streptococcus;uncultured Streptococcus sp.
OR501251.1	HM021341.1.1449	99.077	1409	0.0	2523	Bacteria;Bacillati;Bacillota;Bacilli;Lactobacillales;Streptococcaceae;Streptococcus;uncultured bacterium
OR501251.1	JASOLX010000056.3560.5115	98.868	1414	0.0	2518	Bacteria;Bacillati;Bacillota;Bacilli;Lactobacillales;Streptococcaceae;Streptococcus;Lacticaseibacillus paracasei
OR501282.1	DQ232519.1.1477	99.858	1411	0.0	2595	Bacteria;Bacillati;Bacillota;Bacilli;Lactobacillales;Streptococcaceae;Streptococcus;Streptococcus anginosus
OR501282.1	PQ779990.1.1458	99.929	1405	0.0	2590	Bacteria;Bacillati;Bacillota;Bacilli;Lactobacillales;Streptococcaceae;Streptococcus;Bacillota bacterium
OR501282.1	MT597725.1.1468	99.787	1411	0.0	2590	Bacteria;Bacillati;Bacillota;Bacilli;Lactobacillales;Streptococcaceae;Streptococcus;Streptococcus anginosus
OR501282.1	AFIM01000033.206.1753	99.717	1411	0.0	2584	Bacteria;Bacillati;Bacillota;Bacilli;Lactobacillales;Streptococcaceae;Streptococcus;Streptococcus anginosus SK52 = DSM 20563
OR501282.1	JN578465.1.1478	99.717	1411	0.0	2584	Bacteria;Bacillati;Bacillota;Bacilli;Lactobacillales;Streptococcaceae;Streptococcus;Streptococcus anginosus
OR501239.1	JN787181.1.1404	99.785	1398	0.0	2566	Bacteria;Bacillati;Bacillota;Bacilli;Lactobacillales;Streptococcaceae;Streptococcus;Streptococcus anginosus
OR501239.1	CP118032.1567698.1569256	99.148	1408	0.0	2532	Bacteria;Bacillati;Bacillota;Bacilli;Lactobacillales;Streptococcaceae;Streptococcus;Lactobacillus gasseri
OR501239.1	PQ845660.1.1511	99.011	1415	0.0	2525	Bacteria;Bacillati;Bacillota;Bacilli;Lactobacillales;Streptococcaceae;Streptococcus;uncultured Streptococcus sp.
OR501239.1	MT905169.1.1408	99.142	1399	0.0	2516	Bacteria;Bacillati;Bacillota;Bacilli;Lactobacillales;Streptococcaceae;Streptococcus;Streptococcus hominis
OR501239.1	JASOLX010000056.3560.5115	98.797	1413	0.0	2512	Bacteria;Bacillati;Bacillota;Bacilli;Lactobacillales;Streptococcaceae;Streptococcus;Lacticaseibacillus paracasei
OR501238.1	DQ232519.1.1477	99.929	1411	0.0	2601	Bacteria;Bacillati;Bacillota;Bacilli;Lactobacillales;Streptococcaceae;Streptococcus;Streptococcus anginosus
OR501238.1	PQ779990.1.1458	100.000	1405	0.0	2595	Bacteria;Bacillati;Bacillota;Bacilli;Lactobacillales;Streptococcaceae;Streptococcus;Bacillota bacterium
OR501238.1	MT597725.1.1468	99.858	1411	0.0	2595	Bacteria;Bacillati;Bacillota;Bacilli;Lactobacillales;Streptococcaceae;Streptococcus;Streptococcus anginosus
OR501238.1	AFIM01000033.206.1753	99.787	1411	0.0	2590	Bacteria;Bacillati;Bacillota;Bacilli;Lactobacillales;Streptococcaceae;Streptococcus;Streptococcus anginosus SK52 = DSM 20563
OR501238.1	JN578465.1.1478	99.787	1411	0.0	2590	Bacteria;Bacillati;Bacillota;Bacilli;Lactobacillales;Streptococcaceae;Streptococcus;Streptococcus anginosus
OR501229.1	JN787181.1.1404	99.642	1398	0.0	2555	Bacteria;Bacillati;Bacillota;Bacilli;Lactobacillales;Streptococcaceae;Streptococcus;Streptococcus anginosus
OR501229.1	CP118032.1567698.1569256	99.290	1408	0.0	2543	Bacteria;Bacillati;Bacillota;Bacilli;Lactobacillales;Streptococcaceae;Streptococcus;Lactobacillus gasseri
OR501229.1	PQ845660.1.1511	99.152	1415	0.0	2536	Bacteria;Bacillati;Bacillota;Bacilli;Lactobacillales;Streptococcaceae;Streptococcus;uncultured Streptococcus sp.
OR501229.1	HM021341.1.1449	99.077	1409	0.0	2523	Bacteria;Bacillati;Bacillota;Bacilli;Lactobacillales;Streptococcaceae;Streptococcus;uncultured bacterium
OR501229.1	JASOLX010000056.3560.5115	98.868	1414	0.0	2518	Bacteria;Bacillati;Bacillota;Bacilli;Lactobacillales;Streptococcaceae;Streptococcus;Lacticaseibacillus paracasei
OR501225.1	MT597725.1.1468	99.929	1411	0.0	2601	Bacteria;Bacillati;Bacillota;Bacilli;Lactobacillales;Streptococcaceae;Streptococcus;Streptococcus anginosus
OR501225.1	MT597583.1.1465	99.858	1411	0.0	2595	Bacteria;Bacillati;Bacillota;Bacilli;Lactobacillales;Streptococcaceae;Streptococcus;Streptococcus anginosus
OR501225.1	MT573752.1.1444	99.787	1411	0.0	2590	Bacteria;Bacillati;Bacillota;Bacilli;Lactobacillales;Streptococcaceae;Streptococcus;Streptococcus anginosus
OR501225.1	DQ232519.1.1477	99.717	1411	0.0	2584	Bacteria;Bacillati;Bacillota;Bacilli;Lactobacillales;Streptococcaceae;Streptococcus;Streptococcus anginosus
OR501225.1	PQ779972.1.1458	99.717	1411	0.0	2584	Bacteria;Bacillati;Bacillota;Bacilli;Lactobacillales;Streptococcaceae;Streptococcus;Bacillota bacterium
OR501259.1	DQ232519.1.1477	99.929	1411	0.0	2601	Bacteria;Bacillati;Bacillota;Bacilli;Lactobacillales;Streptococcaceae;Streptococcus;Streptococcus anginosus
OR501259.1	PQ779990.1.1458	100.000	1405	0.0	2595	Bacteria;Bacillati;Bacillota;Bacilli;Lactobacillales;Streptococcaceae;Streptococcus;Bacillota bacterium
OR501259.1	MT597725.1.1468	99.858	1411	0.0	2595	Bacteria;Bacillati;Bacillota;Bacilli;Lactobacillales;Streptococcaceae;Streptococcus;Streptococcus anginosus
OR501259.1	AFIM01000033.206.1753	99.787	1411	0.0	2590	Bacteria;Bacillati;Bacillota;Bacilli;Lactobacillales;Streptococcaceae;Streptococcus;Streptococcus anginosus SK52 = DSM 20563
OR501259.1	JN578465.1.1478	99.787	1411	0.0	2590	Bacteria;Bacillati;Bacillota;Bacilli;Lactobacillales;Streptococcaceae;Streptococcus;Streptococcus anginosus
MT807854.1	MT905169.1.1408	99.929	1402	0.0	2582	Bacteria;Bacillati;Bacillota;Bacilli;Lactobacillales;Streptococcaceae;Streptococcus;Streptococcus hominis
MT807854.1	JN787181.1.1404	99.428	1398	0.0	2538	Bacteria;Bacillati;Bacillota;Bacilli;Lactobacillales;Streptococcaceae;Streptococcus;Streptococcus anginosus
MT807854.1	PQ779972.1.1458	98.654	1412	0.0	2497	Bacteria;Bacillati;Bacillota;Bacilli;Lactobacillales;Streptococcaceae;Streptococcus;Bacillota bacterium
MT807854.1	AFIM01000033.206.1753	98.586	1414	0.0	2495	Bacteria;Bacillati;Bacillota;Bacilli;Lactobacillales;Streptococcaceae;Streptococcus;Streptococcus anginosus SK52 = DSM 20563
MT807854.1	JN578465.1.1478	98.586	1414	0.0	2495	Bacteria;Bacillati;Bacillota;Bacilli;Lactobacillales;Streptococcaceae;Streptococcus;Streptococcus anginosus
OR501283.1	DQ232519.1.1477	99.929	1411	0.0	2601	Bacteria;Bacillati;Bacillota;Bacilli;Lactobacillales;Streptococcaceae;Streptococcus;Streptococcus anginosus
OR501283.1	PQ779990.1.1458	100.000	1405	0.0	2595	Bacteria;Bacillati;Bacillota;Bacilli;Lactobacillales;Streptococcaceae;Streptococcus;Bacillota bacterium
OR501283.1	MT597725.1.1468	99.858	1411	0.0	2595	Bacteria;Bacillati;Bacillota;Bacilli;Lactobacillales;Streptococcaceae;Streptococcus;Streptococcus anginosus
OR501283.1	AFIM01000033.206.1753	99.787	1411	0.0	2590	Bacteria;Bacillati;Bacillota;Bacilli;Lactobacillales;Streptococcaceae;Streptococcus;Streptococcus anginosus SK52 = DSM 20563
OR501283.1	JN578465.1.1478	99.787	1411	0.0	2590	Bacteria;Bacillati;Bacillota;Bacilli;Lactobacillales;Streptococcaceae;Streptococcus;Streptococcus anginosus
OR501255.1	JN787181.1.1404	99.714	1398	0.0	2560	Bacteria;Bacillati;Bacillota;Bacilli;Lactobacillales;Streptococcaceae;Streptococcus;Streptococcus anginosus
OR501255.1	CP118032.1567698.1569256	99.219	1408	0.0	2538	Bacteria;Bacillati;Bacillota;Bacilli;Lactobacillales;Streptococcaceae;Streptococcus;Lactobacillus gasseri
OR501255.1	PQ845660.1.1511	99.081	1415	0.0	2531	Bacteria;Bacillati;Bacillota;Bacilli;Lactobacillales;Streptococcaceae;Streptococcus;uncultured Streptococcus sp.
OR501255.1	MT905169.1.1408	99.214	1399	0.0	2521	Bacteria;Bacillati;Bacillota;Bacilli;Lactobacillales;Streptococcaceae;Streptococcus;Streptococcus hominis
OR501255.1	JASOLX010000056.3560.5115	98.868	1413	0.0	2518	Bacteria;Bacillati;Bacillota;Bacilli;Lactobacillales;Streptococcaceae;Streptococcus;Lacticaseibacillus paracasei
OR501249.1	AFIM01000033.206.1753	99.787	1411	0.0	2590	Bacteria;Bacillati;Bacillota;Bacilli;Lactobacillales;Streptococcaceae;Streptococcus;Streptococcus anginosus SK52 = DSM 20563
OR501249.1	JN578465.1.1478	99.787	1411	0.0	2590	Bacteria;Bacillati;Bacillota;Bacilli;Lactobacillales;Streptococcaceae;Streptococcus;Streptococcus anginosus
OR501249.1	DQ232519.1.1477	99.787	1411	0.0	2590	Bacteria;Bacillati;Bacillota;Bacilli;Lactobacillales;Streptococcaceae;Streptococcus;Streptococcus anginosus
OR501249.1	PQ779990.1.1458	99.858	1405	0.0	2584	Bacteria;Bacillati;Bacillota;Bacilli;Lactobacillales;Streptococcaceae;Streptococcus;Bacillota bacterium
OR501249.1	MT597725.1.1468	99.717	1411	0.0	2584	Bacteria;Bacillati;Bacillota;Bacilli;Lactobacillales;Streptococcaceae;Streptococcus;Streptococcus anginosus
OR501257.1	DQ232519.1.1477	99.929	1411	0.0	2601	Bacteria;Bacillati;Bacillota;Bacilli;Lactobacillales;Streptococcaceae;Streptococcus;Streptococcus anginosus
OR501257.1	PQ779990.1.1458	100.000	1405	0.0	2595	Bacteria;Bacillati;Bacillota;Bacilli;Lactobacillales;Streptococcaceae;Streptococcus;Bacillota bacterium
OR501257.1	MT597725.1.1468	99.858	1411	0.0	2595	Bacteria;Bacillati;Bacillota;Bacilli;Lactobacillales;Streptococcaceae;Streptococcus;Streptococcus anginosus
OR501257.1	AFIM01000033.206.1753	99.787	1411	0.0	2590	Bacteria;Bacillati;Bacillota;Bacilli;Lactobacillales;Streptococcaceae;Streptococcus;Streptococcus anginosus SK52 = DSM 20563
OR501257.1	JN578465.1.1478	99.787	1411	0.0	2590	Bacteria;Bacillati;Bacillota;Bacilli;Lactobacillales;Streptococcaceae;Streptococcus;Streptococcus anginosus
MF578815.1	DQ232519.1.1477	99.787	1410	0.0	2590	Bacteria;Bacillati;Bacillota;Bacilli;Lactobacillales;Streptococcaceae;Streptococcus;Streptococcus anginosus
MF578815.1	PQ779990.1.1458	99.787	1410	0.0	2590	Bacteria;Bacillati;Bacillota;Bacilli;Lactobacillales;Streptococcaceae;Streptococcus;Bacillota bacterium
MF578815.1	MT597725.1.1468	99.716	1410	0.0	2584	Bacteria;Bacillati;Bacillota;Bacilli;Lactobacillales;Streptococcaceae;Streptococcus;Streptococcus anginosus
MF578815.1	JN787173.1.1404	99.929	1401	0.0	2582	Bacteria;Bacillati;Bacillota;Bacilli;Lactobacillales;Streptococcaceae;Streptococcus;Streptococcus anginosus
MF578815.1	JN787172.1.1404	99.929	1401	0.0	2582	Bacteria;Bacillati;Bacillota;Bacilli;Lactobacillales;Streptococcaceae;Streptococcus;Streptococcus anginosus
MT807694.1	MT597725.1.1468	99.929	1409	0.0	2597	Bacteria;Bacillati;Bacillota;Bacilli;Lactobacillales;Streptococcaceae;Streptococcus;Streptococcus anginosus
MT807694.1	MT597583.1.1465	99.858	1410	0.0	2593	Bacteria;Bacillati;Bacillota;Bacilli;Lactobacillales;Streptococcaceae;Streptococcus;Streptococcus anginosus
MT807694.1	MT573752.1.1444	99.858	1407	0.0	2588	Bacteria;Bacillati;Bacillota;Bacilli;Lactobacillales;Streptococcaceae;Streptococcus;Streptococcus anginosus
MT807694.1	DQ232519.1.1477	99.716	1410	0.0	2582	Bacteria;Bacillati;Bacillota;Bacilli;Lactobacillales;Streptococcaceae;Streptococcus;Streptococcus anginosus
MT807694.1	PQ779990.1.1458	99.716	1410	0.0	2582	Bacteria;Bacillati;Bacillota;Bacilli;Lactobacillales;Streptococcaceae;Streptococcus;Bacillota bacterium
MH930443.1	DQ232519.1.1477	99.362	1411	0.0	2551	Bacteria;Bacillati;Bacillota;Bacilli;Lactobacillales;Streptococcaceae;Streptococcus;Streptococcus anginosus
MH930443.1	PQ779990.1.1458	99.571	1399	0.0	2545	Bacteria;Bacillati;Bacillota;Bacilli;Lactobacillales;Streptococcaceae;Streptococcus;Bacillota bacterium
MH930443.1	MT459365.1.1464	99.501	1402	0.0	2545	Bacteria;Bacillati;Bacillota;Bacilli;Lactobacillales;Streptococcaceae;Streptococcus;Streptococcus anginosus
MH930443.1	MT597725.1.1468	99.360	1407	0.0	2543	Bacteria;Bacillati;Bacillota;Bacilli;Lactobacillales;Streptococcaceae;Streptococcus;Streptococcus anginosus
MH930443.1	AFIM01000033.206.1753	99.220	1411	0.0	2540	Bacteria;Bacillati;Bacillota;Bacilli;Lactobacillales;Streptococcaceae;Streptococcus;Streptococcus anginosus SK52 = DSM 20563
MF538609.1	JN787181.1.1404	99.571	1398	0.0	2551	Bacteria;Bacillati;Bacillota;Bacilli;Lactobacillales;Streptococcaceae;Streptococcus;Streptococcus anginosus
MF538609.1	MT905169.1.1408	99.500	1399	0.0	2545	Bacteria;Bacillati;Bacillota;Bacilli;Lactobacillales;Streptococcaceae;Streptococcus;Streptococcus hominis
MF538609.1	MT459365.1.1464	98.795	1411	0.0	2510	Bacteria;Bacillati;Bacillota;Bacilli;Lactobacillales;Streptococcaceae;Streptococcus;Streptococcus anginosus
MF538609.1	PQ779972.1.1458	98.795	1411	0.0	2510	Bacteria;Bacillati;Bacillota;Bacilli;Lactobacillales;Streptococcaceae;Streptococcus;Bacillota bacterium
MF538609.1	MT597613.1.1449	98.725	1412	0.0	2505	Bacteria;Bacillati;Bacillota;Bacilli;Lactobacillales;Streptococcaceae;Streptococcus;Streptococcus anginosus
MT807874.1	MT597583.1.1465	99.858	1408	0.0	2590	Bacteria;Bacillati;Bacillota;Bacilli;Lactobacillales;Streptococcaceae;Streptococcus;Streptococcus anginosus
MT807874.1	MT597725.1.1468	99.858	1407	0.0	2586	Bacteria;Bacillati;Bacillota;Bacilli;Lactobacillales;Streptococcaceae;Streptococcus;Streptococcus anginosus
MT807874.1	PQ779972.1.1458	99.787	1408	0.0	2584	Bacteria;Bacillati;Bacillota;Bacilli;Lactobacillales;Streptococcaceae;Streptococcus;Bacillota bacterium
MT807874.1	MT459365.1.1464	99.787	1407	0.0	2582	Bacteria;Bacillati;Bacillota;Bacilli;Lactobacillales;Streptococcaceae;Streptococcus;Streptococcus anginosus
MT807874.1	DQ232519.1.1477	99.716	1408	0.0	2579	Bacteria;Bacillati;Bacillota;Bacilli;Lactobacillales;Streptococcaceae;Streptococcus;Streptococcus anginosus
MT807695.1	MT597725.1.1468	99.929	1405	0.0	2590	Bacteria;Bacillati;Bacillota;Bacilli;Lactobacillales;Streptococcaceae;Streptococcus;Streptococcus anginosus
MT807695.1	MT597583.1.1465	99.858	1407	0.0	2588	Bacteria;Bacillati;Bacillota;Bacilli;Lactobacillales;Streptococcaceae;Streptococcus;Streptococcus anginosus
MT807695.1	MT573752.1.1444	99.857	1403	0.0	2580	Bacteria;Bacillati;Bacillota;Bacilli;Lactobacillales;Streptococcaceae;Streptococcus;Streptococcus anginosus
MT807695.1	MT459365.1.1464	99.787	1406	0.0	2580	Bacteria;Bacillati;Bacillota;Bacilli;Lactobacillales;Streptococcaceae;Streptococcus;Streptococcus anginosus
MT807695.1	PQ779972.1.1458	99.787	1406	0.0	2580	Bacteria;Bacillati;Bacillota;Bacilli;Lactobacillales;Streptococcaceae;Streptococcus;Bacillota bacterium
MF538610.1	JN787181.1.1404	99.499	1397	0.0	2545	Bacteria;Bacillati;Bacillota;Bacilli;Lactobacillales;Streptococcaceae;Streptococcus;Streptococcus anginosus
MF538610.1	MT905169.1.1408	99.428	1398	0.0	2540	Bacteria;Bacillati;Bacillota;Bacilli;Lactobacillales;Streptococcaceae;Streptococcus;Streptococcus hominis
MF538610.1	MT459365.1.1464	98.794	1410	0.0	2508	Bacteria;Bacillati;Bacillota;Bacilli;Lactobacillales;Streptococcaceae;Streptococcus;Streptococcus anginosus
MF538610.1	PQ779972.1.1458	98.794	1410	0.0	2508	Bacteria;Bacillati;Bacillota;Bacilli;Lactobacillales;Streptococcaceae;Streptococcus;Bacillota bacterium
MF538610.1	MT597613.1.1449	98.724	1411	0.0	2503	Bacteria;Bacillati;Bacillota;Bacilli;Lactobacillales;Streptococcaceae;Streptococcus;Streptococcus anginosus
MT807875.1	MT597583.1.1465	99.858	1405	0.0	2584	Bacteria;Bacillati;Bacillota;Bacilli;Lactobacillales;Streptococcaceae;Streptococcus;Streptococcus anginosus
MT807875.1	MT597725.1.1468	99.787	1406	0.0	2580	Bacteria;Bacillati;Bacillota;Bacilli;Lactobacillales;Streptococcaceae;Streptococcus;Streptococcus anginosus
MT807875.1	PQ779972.1.1458	99.786	1404	0.0	2577	Bacteria;Bacillati;Bacillota;Bacilli;Lactobacillales;Streptococcaceae;Streptococcus;Bacillota bacterium
MT807875.1	DQ232519.1.1477	99.716	1406	0.0	2575	Bacteria;Bacillati;Bacillota;Bacilli;Lactobacillales;Streptococcaceae;Streptococcus;Streptococcus anginosus
MT807875.1	MT459365.1.1464	99.786	1403	0.0	2575	Bacteria;Bacillati;Bacillota;Bacilli;Lactobacillales;Streptococcaceae;Streptococcus;Streptococcus anginosus
PV270569.1	MT597725.1.1468	99.929	1405	0.0	2590	Bacteria;Bacillati;Bacillota;Bacilli;Lactobacillales;Streptococcaceae;Streptococcus;Streptococcus anginosus
PV270569.1	MT573752.1.1444	99.858	1405	0.0	2584	Bacteria;Bacillati;Bacillota;Bacilli;Lactobacillales;Streptococcaceae;Streptococcus;Streptococcus anginosus
PV270569.1	MT597583.1.1465	99.858	1405	0.0	2584	Bacteria;Bacillati;Bacillota;Bacilli;Lactobacillales;Streptococcaceae;Streptococcus;Streptococcus anginosus
PV270569.1	JN787193.1.1404	99.857	1403	0.0	2580	Bacteria;Bacillati;Bacillota;Bacilli;Lactobacillales;Streptococcaceae;Streptococcus;Streptococcus anginosus subsp. whileyi CCUG 39159
PV270569.1	JN787173.1.1404	99.786	1403	0.0	2575	Bacteria;Bacillati;Bacillota;Bacilli;Lactobacillales;Streptococcaceae;Streptococcus;Streptococcus anginosus
JN787196.1	JN787193.1.1404	99.929	1404	0.0	2588	Bacteria;Bacillati;Bacillota;Bacilli;Lactobacillales;Streptococcaceae;Streptococcus;Streptococcus anginosus subsp. whileyi CCUG 39159
JN787196.1	MT597725.1.1468	99.858	1404	0.0	2582	Bacteria;Bacillati;Bacillota;Bacilli;Lactobacillales;Streptococcaceae;Streptococcus;Streptococcus anginosus
JN787196.1	MT573752.1.1444	99.786	1404	0.0	2577	Bacteria;Bacillati;Bacillota;Bacilli;Lactobacillales;Streptococcaceae;Streptococcus;Streptococcus anginosus
JN787196.1	MT597583.1.1465	99.786	1404	0.0	2577	Bacteria;Bacillati;Bacillota;Bacilli;Lactobacillales;Streptococcaceae;Streptococcus;Streptococcus anginosus
JN787196.1	JN787173.1.1404	99.715	1404	0.0	2571	Bacteria;Bacillati;Bacillota;Bacilli;Lactobacillales;Streptococcaceae;Streptococcus;Streptococcus anginosus
JN787200.1	JN787193.1.1404	99.929	1404	0.0	2588	Bacteria;Bacillati;Bacillota;Bacilli;Lactobacillales;Streptococcaceae;Streptococcus;Streptococcus anginosus subsp. whileyi CCUG 39159
JN787200.1	MT597725.1.1468	99.858	1404	0.0	2582	Bacteria;Bacillati;Bacillota;Bacilli;Lactobacillales;Streptococcaceae;Streptococcus;Streptococcus anginosus
JN787200.1	MT573752.1.1444	99.786	1404	0.0	2577	Bacteria;Bacillati;Bacillota;Bacilli;Lactobacillales;Streptococcaceae;Streptococcus;Streptococcus anginosus
JN787200.1	MT597583.1.1465	99.786	1404	0.0	2577	Bacteria;Bacillati;Bacillota;Bacilli;Lactobacillales;Streptococcaceae;Streptococcus;Streptococcus anginosus
JN787200.1	JN787173.1.1404	99.715	1404	0.0	2571	Bacteria;Bacillati;Bacillota;Bacilli;Lactobacillales;Streptococcaceae;Streptococcus;Streptococcus anginosus
JN787199.1	JN787193.1.1404	100.000	1404	0.0	2593	Bacteria;Bacillati;Bacillota;Bacilli;Lactobacillales;Streptococcaceae;Streptococcus;Streptococcus anginosus subsp. whileyi CCUG 39159
JN787199.1	MT597725.1.1468	99.929	1404	0.0	2588	Bacteria;Bacillati;Bacillota;Bacilli;Lactobacillales;Streptococcaceae;Streptococcus;Streptococcus anginosus
JN787199.1	MT573752.1.1444	99.858	1404	0.0	2582	Bacteria;Bacillati;Bacillota;Bacilli;Lactobacillales;Streptococcaceae;Streptococcus;Streptococcus anginosus
JN787199.1	MT597583.1.1465	99.858	1404	0.0	2582	Bacteria;Bacillati;Bacillota;Bacilli;Lactobacillales;Streptococcaceae;Streptococcus;Streptococcus anginosus
JN787199.1	JN787173.1.1404	99.786	1404	0.0	2577	Bacteria;Bacillati;Bacillota;Bacilli;Lactobacillales;Streptococcaceae;Streptococcus;Streptococcus anginosus
JN787198.1	JN787193.1.1404	100.000	1404	0.0	2593	Bacteria;Bacillati;Bacillota;Bacilli;Lactobacillales;Streptococcaceae;Streptococcus;Streptococcus anginosus subsp. whileyi CCUG 39159
JN787198.1	MT597725.1.1468	99.929	1404	0.0	2588	Bacteria;Bacillati;Bacillota;Bacilli;Lactobacillales;Streptococcaceae;Streptococcus;Streptococcus anginosus
JN787198.1	MT573752.1.1444	99.858	1404	0.0	2582	Bacteria;Bacillati;Bacillota;Bacilli;Lactobacillales;Streptococcaceae;Streptococcus;Streptococcus anginosus
JN787198.1	MT597583.1.1465	99.858	1404	0.0	2582	Bacteria;Bacillati;Bacillota;Bacilli;Lactobacillales;Streptococcaceae;Streptococcus;Streptococcus anginosus
JN787198.1	JN787173.1.1404	99.786	1404	0.0	2577	Bacteria;Bacillati;Bacillota;Bacilli;Lactobacillales;Streptococcaceae;Streptococcus;Streptococcus anginosus
JN787197.1	JN787193.1.1404	100.000	1404	0.0	2593	Bacteria;Bacillati;Bacillota;Bacilli;Lactobacillales;Streptococcaceae;Streptococcus;Streptococcus anginosus subsp. whileyi CCUG 39159
JN787197.1	MT597725.1.1468	99.929	1404	0.0	2588	Bacteria;Bacillati;Bacillota;Bacilli;Lactobacillales;Streptococcaceae;Streptococcus;Streptococcus anginosus
JN787197.1	MT573752.1.1444	99.858	1404	0.0	2582	Bacteria;Bacillati;Bacillota;Bacilli;Lactobacillales;Streptococcaceae;Streptococcus;Streptococcus anginosus
JN787197.1	MT597583.1.1465	99.858	1404	0.0	2582	Bacteria;Bacillati;Bacillota;Bacilli;Lactobacillales;Streptococcaceae;Streptococcus;Streptococcus anginosus
JN787197.1	JN787173.1.1404	99.786	1404	0.0	2577	Bacteria;Bacillati;Bacillota;Bacilli;Lactobacillales;Streptococcaceae;Streptococcus;Streptococcus anginosus
JN787194.1	JN787193.1.1404	100.000	1404	0.0	2593	Bacteria;Bacillati;Bacillota;Bacilli;Lactobacillales;Streptococcaceae;Streptococcus;Streptococcus anginosus subsp. whileyi CCUG 39159
JN787194.1	MT597725.1.1468	99.929	1404	0.0	2588	Bacteria;Bacillati;Bacillota;Bacilli;Lactobacillales;Streptococcaceae;Streptococcus;Streptococcus anginosus
JN787194.1	MT573752.1.1444	99.858	1404	0.0	2582	Bacteria;Bacillati;Bacillota;Bacilli;Lactobacillales;Streptococcaceae;Streptococcus;Streptococcus anginosus
JN787194.1	MT597583.1.1465	99.858	1404	0.0	2582	Bacteria;Bacillati;Bacillota;Bacilli;Lactobacillales;Streptococcaceae;Streptococcus;Streptococcus anginosus
JN787194.1	JN787173.1.1404	99.786	1404	0.0	2577	Bacteria;Bacillati;Bacillota;Bacilli;Lactobacillales;Streptococcaceae;Streptococcus;Streptococcus anginosus
JN787195.1	JN787193.1.1404	99.929	1404	0.0	2588	Bacteria;Bacillati;Bacillota;Bacilli;Lactobacillales;Streptococcaceae;Streptococcus;Streptococcus anginosus subsp. whileyi CCUG 39159
JN787195.1	MT597725.1.1468	99.858	1404	0.0	2582	Bacteria;Bacillati;Bacillota;Bacilli;Lactobacillales;Streptococcaceae;Streptococcus;Streptococcus anginosus
JN787195.1	MT573752.1.1444	99.786	1404	0.0	2577	Bacteria;Bacillati;Bacillota;Bacilli;Lactobacillales;Streptococcaceae;Streptococcus;Streptococcus anginosus
JN787195.1	MT597583.1.1465	99.786	1404	0.0	2577	Bacteria;Bacillati;Bacillota;Bacilli;Lactobacillales;Streptococcaceae;Streptococcus;Streptococcus anginosus
JN787195.1	JN787173.1.1404	99.715	1404	0.0	2571	Bacteria;Bacillati;Bacillota;Bacilli;Lactobacillales;Streptococcaceae;Streptococcus;Streptococcus anginosus
JN787188.1	JN787193.1.1404	100.000	1404	0.0	2593	Bacteria;Bacillati;Bacillota;Bacilli;Lactobacillales;Streptococcaceae;Streptococcus;Streptococcus anginosus subsp. whileyi CCUG 39159
JN787188.1	MT597725.1.1468	99.929	1404	0.0	2588	Bacteria;Bacillati;Bacillota;Bacilli;Lactobacillales;Streptococcaceae;Streptococcus;Streptococcus anginosus
JN787188.1	MT573752.1.1444	99.858	1404	0.0	2582	Bacteria;Bacillati;Bacillota;Bacilli;Lactobacillales;Streptococcaceae;Streptococcus;Streptococcus anginosus
JN787188.1	MT597583.1.1465	99.858	1404	0.0	2582	Bacteria;Bacillati;Bacillota;Bacilli;Lactobacillales;Streptococcaceae;Streptococcus;Streptococcus anginosus
JN787188.1	JN787173.1.1404	99.786	1404	0.0	2577	Bacteria;Bacillati;Bacillota;Bacilli;Lactobacillales;Streptococcaceae;Streptococcus;Streptococcus anginosus
JN787193.1	JN787193.1.1404	100.000	1404	0.0	2593	Bacteria;Bacillati;Bacillota;Bacilli;Lactobacillales;Streptococcaceae;Streptococcus;Streptococcus anginosus subsp. whileyi CCUG 39159
JN787193.1	MT597725.1.1468	99.929	1404	0.0	2588	Bacteria;Bacillati;Bacillota;Bacilli;Lactobacillales;Streptococcaceae;Streptococcus;Streptococcus anginosus
JN787193.1	MT573752.1.1444	99.858	1404	0.0	2582	Bacteria;Bacillati;Bacillota;Bacilli;Lactobacillales;Streptococcaceae;Streptococcus;Streptococcus anginosus
JN787193.1	MT597583.1.1465	99.858	1404	0.0	2582	Bacteria;Bacillati;Bacillota;Bacilli;Lactobacillales;Streptococcaceae;Streptococcus;Streptococcus anginosus
JN787193.1	JN787173.1.1404	99.786	1404	0.0	2577	Bacteria;Bacillati;Bacillota;Bacilli;Lactobacillales;Streptococcaceae;Streptococcus;Streptococcus anginosus
JN787192.1	JN787193.1.1404	100.000	1404	0.0	2593	Bacteria;Bacillati;Bacillota;Bacilli;Lactobacillales;Streptococcaceae;Streptococcus;Streptococcus anginosus subsp. whileyi CCUG 39159
JN787192.1	MT597725.1.1468	99.929	1404	0.0	2588	Bacteria;Bacillati;Bacillota;Bacilli;Lactobacillales;Streptococcaceae;Streptococcus;Streptococcus anginosus
JN787192.1	MT573752.1.1444	99.858	1404	0.0	2582	Bacteria;Bacillati;Bacillota;Bacilli;Lactobacillales;Streptococcaceae;Streptococcus;Streptococcus anginosus
JN787192.1	MT597583.1.1465	99.858	1404	0.0	2582	Bacteria;Bacillati;Bacillota;Bacilli;Lactobacillales;Streptococcaceae;Streptococcus;Streptococcus anginosus
JN787192.1	JN787173.1.1404	99.786	1404	0.0	2577	Bacteria;Bacillati;Bacillota;Bacilli;Lactobacillales;Streptococcaceae;Streptococcus;Streptococcus anginosus
JN787191.1	JN787193.1.1404	100.000	1404	0.0	2593	Bacteria;Bacillati;Bacillota;Bacilli;Lactobacillales;Streptococcaceae;Streptococcus;Streptococcus anginosus subsp. whileyi CCUG 39159
JN787191.1	MT597725.1.1468	99.929	1404	0.0	2588	Bacteria;Bacillati;Bacillota;Bacilli;Lactobacillales;Streptococcaceae;Streptococcus;Streptococcus anginosus
JN787191.1	MT573752.1.1444	99.858	1404	0.0	2582	Bacteria;Bacillati;Bacillota;Bacilli;Lactobacillales;Streptococcaceae;Streptococcus;Streptococcus anginosus
JN787191.1	MT597583.1.1465	99.858	1404	0.0	2582	Bacteria;Bacillati;Bacillota;Bacilli;Lactobacillales;Streptococcaceae;Streptococcus;Streptococcus anginosus
JN787191.1	JN787173.1.1404	99.786	1404	0.0	2577	Bacteria;Bacillati;Bacillota;Bacilli;Lactobacillales;Streptococcaceae;Streptococcus;Streptococcus anginosus
JN787190.1	JN787193.1.1404	100.000	1404	0.0	2593	Bacteria;Bacillati;Bacillota;Bacilli;Lactobacillales;Streptococcaceae;Streptococcus;Streptococcus anginosus subsp. whileyi CCUG 39159
JN787190.1	MT597725.1.1468	99.929	1404	0.0	2588	Bacteria;Bacillati;Bacillota;Bacilli;Lactobacillales;Streptococcaceae;Streptococcus;Streptococcus anginosus
JN787190.1	MT573752.1.1444	99.858	1404	0.0	2582	Bacteria;Bacillati;Bacillota;Bacilli;Lactobacillales;Streptococcaceae;Streptococcus;Streptococcus anginosus
JN787190.1	MT597583.1.1465	99.858	1404	0.0	2582	Bacteria;Bacillati;Bacillota;Bacilli;Lactobacillales;Streptococcaceae;Streptococcus;Streptococcus anginosus
JN787190.1	JN787173.1.1404	99.786	1404	0.0	2577	Bacteria;Bacillati;Bacillota;Bacilli;Lactobacillales;Streptococcaceae;Streptococcus;Streptococcus anginosus
JN787189.1	JN787193.1.1404	100.000	1404	0.0	2593	Bacteria;Bacillati;Bacillota;Bacilli;Lactobacillales;Streptococcaceae;Streptococcus;Streptococcus anginosus subsp. whileyi CCUG 39159
JN787189.1	MT597725.1.1468	99.929	1404	0.0	2588	Bacteria;Bacillati;Bacillota;Bacilli;Lactobacillales;Streptococcaceae;Streptococcus;Streptococcus anginosus
JN787189.1	MT573752.1.1444	99.858	1404	0.0	2582	Bacteria;Bacillati;Bacillota;Bacilli;Lactobacillales;Streptococcaceae;Streptococcus;Streptococcus anginosus
JN787189.1	MT597583.1.1465	99.858	1404	0.0	2582	Bacteria;Bacillati;Bacillota;Bacilli;Lactobacillales;Streptococcaceae;Streptococcus;Streptococcus anginosus
JN787189.1	JN787173.1.1404	99.786	1404	0.0	2577	Bacteria;Bacillati;Bacillota;Bacilli;Lactobacillales;Streptococcaceae;Streptococcus;Streptococcus anginosus
JN787184.1	JN787181.1.1404	99.644	1404	0.0	2566	Bacteria;Bacillati;Bacillota;Bacilli;Lactobacillales;Streptococcaceae;Streptococcus;Streptococcus anginosus
JN787184.1	CP118032.1567698.1569256	99.426	1393	0.0	2529	Bacteria;Bacillati;Bacillota;Bacilli;Lactobacillales;Streptococcaceae;Streptococcus;Lactobacillus gasseri
JN787184.1	MT905169.1.1408	99.145	1404	0.0	2525	Bacteria;Bacillati;Bacillota;Bacilli;Lactobacillales;Streptococcaceae;Streptococcus;Streptococcus hominis
JN787184.1	PQ845660.1.1511	99.148	1408	0.0	2523	Bacteria;Bacillati;Bacillota;Bacilli;Lactobacillales;Streptococcaceae;Streptococcus;uncultured Streptococcus sp.
JN787184.1	HM021341.1.1449	99.075	1405	0.0	2516	Bacteria;Bacillati;Bacillota;Bacilli;Lactobacillales;Streptococcaceae;Streptococcus;uncultured bacterium
NR_118320.1	JN787193.1.1404	100.000	1404	0.0	2593	Bacteria;Bacillati;Bacillota;Bacilli;Lactobacillales;Streptococcaceae;Streptococcus;Streptococcus anginosus subsp. whileyi CCUG 39159
NR_118320.1	MT597725.1.1468	99.929	1404	0.0	2588	Bacteria;Bacillati;Bacillota;Bacilli;Lactobacillales;Streptococcaceae;Streptococcus;Streptococcus anginosus
NR_118320.1	MT573752.1.1444	99.858	1404	0.0	2582	Bacteria;Bacillati;Bacillota;Bacilli;Lactobacillales;Streptococcaceae;Streptococcus;Streptococcus anginosus
NR_118320.1	MT597583.1.1465	99.858	1404	0.0	2582	Bacteria;Bacillati;Bacillota;Bacilli;Lactobacillales;Streptococcaceae;Streptococcus;Streptococcus anginosus
NR_118320.1	JN787173.1.1404	99.786	1404	0.0	2577	Bacteria;Bacillati;Bacillota;Bacilli;Lactobacillales;Streptococcaceae;Streptococcus;Streptococcus anginosus
JN787186.1	JN787193.1.1404	99.929	1404	0.0	2588	Bacteria;Bacillati;Bacillota;Bacilli;Lactobacillales;Streptococcaceae;Streptococcus;Streptococcus anginosus subsp. whileyi CCUG 39159
JN787186.1	MT597725.1.1468	99.858	1404	0.0	2582	Bacteria;Bacillati;Bacillota;Bacilli;Lactobacillales;Streptococcaceae;Streptococcus;Streptococcus anginosus
JN787186.1	MT573752.1.1444	99.786	1404	0.0	2577	Bacteria;Bacillati;Bacillota;Bacilli;Lactobacillales;Streptococcaceae;Streptococcus;Streptococcus anginosus
JN787186.1	MT597583.1.1465	99.786	1404	0.0	2577	Bacteria;Bacillati;Bacillota;Bacilli;Lactobacillales;Streptococcaceae;Streptococcus;Streptococcus anginosus
JN787186.1	JN787173.1.1404	99.715	1404	0.0	2571	Bacteria;Bacillati;Bacillota;Bacilli;Lactobacillales;Streptococcaceae;Streptococcus;Streptococcus anginosus
JN787187.1	JN787193.1.1404	99.929	1404	0.0	2588	Bacteria;Bacillati;Bacillota;Bacilli;Lactobacillales;Streptococcaceae;Streptococcus;Streptococcus anginosus subsp. whileyi CCUG 39159
JN787187.1	MT597725.1.1468	99.858	1404	0.0	2582	Bacteria;Bacillati;Bacillota;Bacilli;Lactobacillales;Streptococcaceae;Streptococcus;Streptococcus anginosus
JN787187.1	MT573752.1.1444	99.786	1404	0.0	2577	Bacteria;Bacillati;Bacillota;Bacilli;Lactobacillales;Streptococcaceae;Streptococcus;Streptococcus anginosus
JN787187.1	MT597583.1.1465	99.786	1404	0.0	2577	Bacteria;Bacillati;Bacillota;Bacilli;Lactobacillales;Streptococcaceae;Streptococcus;Streptococcus anginosus
JN787187.1	JN787173.1.1404	99.715	1404	0.0	2571	Bacteria;Bacillati;Bacillota;Bacilli;Lactobacillales;Streptococcaceae;Streptococcus;Streptococcus anginosus
JN787185.1	JN787181.1.1404	99.644	1404	0.0	2566	Bacteria;Bacillati;Bacillota;Bacilli;Lactobacillales;Streptococcaceae;Streptococcus;Streptococcus anginosus
JN787185.1	CP118032.1567698.1569256	99.426	1393	0.0	2529	Bacteria;Bacillati;Bacillota;Bacilli;Lactobacillales;Streptococcaceae;Streptococcus;Lactobacillus gasseri
JN787185.1	MT905169.1.1408	99.145	1404	0.0	2525	Bacteria;Bacillati;Bacillota;Bacilli;Lactobacillales;Streptococcaceae;Streptococcus;Streptococcus hominis
JN787185.1	PQ845660.1.1511	99.148	1408	0.0	2523	Bacteria;Bacillati;Bacillota;Bacilli;Lactobacillales;Streptococcaceae;Streptococcus;uncultured Streptococcus sp.
JN787185.1	HM021341.1.1449	99.075	1405	0.0	2516	Bacteria;Bacillati;Bacillota;Bacilli;Lactobacillales;Streptococcaceae;Streptococcus;uncultured bacterium
JN787183.1	JN787173.1.1404	100.000	1404	0.0	2593	Bacteria;Bacillati;Bacillota;Bacilli;Lactobacillales;Streptococcaceae;Streptococcus;Streptococcus anginosus
JN787183.1	JN787172.1.1404	100.000	1404	0.0	2593	Bacteria;Bacillati;Bacillota;Bacilli;Lactobacillales;Streptococcaceae;Streptococcus;Streptococcus anginosus
JN787183.1	JN787171.1.1404	100.000	1404	0.0	2593	Bacteria;Bacillati;Bacillota;Bacilli;Lactobacillales;Streptococcaceae;Streptococcus;Streptococcus anginosus
JN787183.1	DQ232519.1.1477	99.929	1404	0.0	2588	Bacteria;Bacillati;Bacillota;Bacilli;Lactobacillales;Streptococcaceae;Streptococcus;Streptococcus anginosus
JN787183.1	PQ779990.1.1458	99.929	1404	0.0	2588	Bacteria;Bacillati;Bacillota;Bacilli;Lactobacillales;Streptococcaceae;Streptococcus;Bacillota bacterium
JN787202.1	JN787193.1.1404	100.000	1404	0.0	2593	Bacteria;Bacillati;Bacillota;Bacilli;Lactobacillales;Streptococcaceae;Streptococcus;Streptococcus anginosus subsp. whileyi CCUG 39159
JN787202.1	MT597725.1.1468	99.929	1404	0.0	2588	Bacteria;Bacillati;Bacillota;Bacilli;Lactobacillales;Streptococcaceae;Streptococcus;Streptococcus anginosus
JN787202.1	MT573752.1.1444	99.858	1404	0.0	2582	Bacteria;Bacillati;Bacillota;Bacilli;Lactobacillales;Streptococcaceae;Streptococcus;Streptococcus anginosus
JN787202.1	MT597583.1.1465	99.858	1404	0.0	2582	Bacteria;Bacillati;Bacillota;Bacilli;Lactobacillales;Streptococcaceae;Streptococcus;Streptococcus anginosus
JN787202.1	JN787173.1.1404	99.786	1404	0.0	2577	Bacteria;Bacillati;Bacillota;Bacilli;Lactobacillales;Streptococcaceae;Streptococcus;Streptococcus anginosus
JN787182.1	JN787181.1.1404	99.573	1404	0.0	2560	Bacteria;Bacillati;Bacillota;Bacilli;Lactobacillales;Streptococcaceae;Streptococcus;Streptococcus anginosus
JN787182.1	CP118032.1567698.1569256	99.354	1393	0.0	2523	Bacteria;Bacillati;Bacillota;Bacilli;Lactobacillales;Streptococcaceae;Streptococcus;Lactobacillus gasseri
JN787182.1	MT905169.1.1408	99.074	1404	0.0	2519	Bacteria;Bacillati;Bacillota;Bacilli;Lactobacillales;Streptococcaceae;Streptococcus;Streptococcus hominis
JN787182.1	PQ845660.1.1511	99.077	1408	0.0	2518	Bacteria;Bacillati;Bacillota;Bacilli;Lactobacillales;Streptococcaceae;Streptococcus;uncultured Streptococcus sp.
JN787182.1	HM021341.1.1449	99.004	1405	0.0	2510	Bacteria;Bacillati;Bacillota;Bacilli;Lactobacillales;Streptococcaceae;Streptococcus;uncultured bacterium
JX993433.1	JN787173.1.1404	99.929	1404	0.0	2588	Bacteria;Bacillati;Bacillota;Bacilli;Lactobacillales;Streptococcaceae;Streptococcus;Streptococcus anginosus
JX993433.1	JN787172.1.1404	99.929	1404	0.0	2588	Bacteria;Bacillati;Bacillota;Bacilli;Lactobacillales;Streptococcaceae;Streptococcus;Streptococcus anginosus
JX993433.1	JN787171.1.1404	99.929	1404	0.0	2588	Bacteria;Bacillati;Bacillota;Bacilli;Lactobacillales;Streptococcaceae;Streptococcus;Streptococcus anginosus
JX993433.1	DQ232519.1.1477	99.858	1404	0.0	2582	Bacteria;Bacillati;Bacillota;Bacilli;Lactobacillales;Streptococcaceae;Streptococcus;Streptococcus anginosus
JX993433.1	PQ779990.1.1458	99.858	1404	0.0	2582	Bacteria;Bacillati;Bacillota;Bacilli;Lactobacillales;Streptococcaceae;Streptococcus;Bacillota bacterium
JX993434.1	JN787173.1.1404	99.929	1404	0.0	2588	Bacteria;Bacillati;Bacillota;Bacilli;Lactobacillales;Streptococcaceae;Streptococcus;Streptococcus anginosus
JX993434.1	JN787172.1.1404	99.929	1404	0.0	2588	Bacteria;Bacillati;Bacillota;Bacilli;Lactobacillales;Streptococcaceae;Streptococcus;Streptococcus anginosus
JX993434.1	JN787171.1.1404	99.929	1404	0.0	2588	Bacteria;Bacillati;Bacillota;Bacilli;Lactobacillales;Streptococcaceae;Streptococcus;Streptococcus anginosus
JX993434.1	DQ232519.1.1477	99.858	1404	0.0	2582	Bacteria;Bacillati;Bacillota;Bacilli;Lactobacillales;Streptococcaceae;Streptococcus;Streptococcus anginosus
JX993434.1	PQ779990.1.1458	99.858	1404	0.0	2582	Bacteria;Bacillati;Bacillota;Bacilli;Lactobacillales;Streptococcaceae;Streptococcus;Bacillota bacterium
JX993435.1	JN787193.1.1404	100.000	1404	0.0	2593	Bacteria;Bacillati;Bacillota;Bacilli;Lactobacillales;Streptococcaceae;Streptococcus;Streptococcus anginosus subsp. whileyi CCUG 39159
JX993435.1	MT597725.1.1468	99.929	1404	0.0	2588	Bacteria;Bacillati;Bacillota;Bacilli;Lactobacillales;Streptococcaceae;Streptococcus;Streptococcus anginosus
JX993435.1	MT573752.1.1444	99.858	1404	0.0	2582	Bacteria;Bacillati;Bacillota;Bacilli;Lactobacillales;Streptococcaceae;Streptococcus;Streptococcus anginosus
JX993435.1	MT597583.1.1465	99.858	1404	0.0	2582	Bacteria;Bacillati;Bacillota;Bacilli;Lactobacillales;Streptococcaceae;Streptococcus;Streptococcus anginosus
JX993435.1	JN787173.1.1404	99.786	1404	0.0	2577	Bacteria;Bacillati;Bacillota;Bacilli;Lactobacillales;Streptococcaceae;Streptococcus;Streptococcus anginosus
JX993436.1	JN787193.1.1404	99.929	1404	0.0	2588	Bacteria;Bacillati;Bacillota;Bacilli;Lactobacillales;Streptococcaceae;Streptococcus;Streptococcus anginosus subsp. whileyi CCUG 39159
JX993436.1	MT597725.1.1468	99.858	1404	0.0	2582	Bacteria;Bacillati;Bacillota;Bacilli;Lactobacillales;Streptococcaceae;Streptococcus;Streptococcus anginosus
JX993436.1	MT573752.1.1444	99.786	1404	0.0	2577	Bacteria;Bacillati;Bacillota;Bacilli;Lactobacillales;Streptococcaceae;Streptococcus;Streptococcus anginosus
JX993436.1	MT597583.1.1465	99.786	1404	0.0	2577	Bacteria;Bacillati;Bacillota;Bacilli;Lactobacillales;Streptococcaceae;Streptococcus;Streptococcus anginosus
JX993436.1	JN787173.1.1404	99.715	1404	0.0	2571	Bacteria;Bacillati;Bacillota;Bacilli;Lactobacillales;Streptococcaceae;Streptococcus;Streptococcus anginosus
JX993438.1	JN787181.1.1404	99.644	1404	0.0	2566	Bacteria;Bacillati;Bacillota;Bacilli;Lactobacillales;Streptococcaceae;Streptococcus;Streptococcus anginosus
JX993438.1	CP118032.1567698.1569256	99.426	1393	0.0	2529	Bacteria;Bacillati;Bacillota;Bacilli;Lactobacillales;Streptococcaceae;Streptococcus;Lactobacillus gasseri
JX993438.1	MT905169.1.1408	99.145	1404	0.0	2525	Bacteria;Bacillati;Bacillota;Bacilli;Lactobacillales;Streptococcaceae;Streptococcus;Streptococcus hominis
JX993438.1	PQ845660.1.1511	99.148	1408	0.0	2523	Bacteria;Bacillati;Bacillota;Bacilli;Lactobacillales;Streptococcaceae;Streptococcus;uncultured Streptococcus sp.
JX993438.1	HM021341.1.1449	99.075	1405	0.0	2516	Bacteria;Bacillati;Bacillota;Bacilli;Lactobacillales;Streptococcaceae;Streptococcus;uncultured bacterium
JX993448.1	AFIM01000033.206.1753	99.929	1404	0.0	2590	Bacteria;Bacillati;Bacillota;Bacilli;Lactobacillales;Streptococcaceae;Streptococcus;Streptococcus anginosus SK52 = DSM 20563
JX993448.1	JN578465.1.1478	99.929	1404	0.0	2590	Bacteria;Bacillati;Bacillota;Bacilli;Lactobacillales;Streptococcaceae;Streptococcus;Streptococcus anginosus
JX993448.1	LC258132.1.1449	99.929	1404	0.0	2590	Bacteria;Bacillati;Bacillota;Bacilli;Lactobacillales;Streptococcaceae;Streptococcus;Streptococcus anginosus
JX993448.1	JN787173.1.1404	99.715	1404	0.0	2573	Bacteria;Bacillati;Bacillota;Bacilli;Lactobacillales;Streptococcaceae;Streptococcus;Streptococcus anginosus
JX993448.1	JN787172.1.1404	99.715	1404	0.0	2573	Bacteria;Bacillati;Bacillota;Bacilli;Lactobacillales;Streptococcaceae;Streptococcus;Streptococcus anginosus
KC628749.1	JN787181.1.1404	99.642	1397	0.0	2553	Bacteria;Bacillati;Bacillota;Bacilli;Lactobacillales;Streptococcaceae;Streptococcus;Streptococcus anginosus
KC628749.1	CP118032.1567698.1569256	99.210	1392	0.0	2508	Bacteria;Bacillati;Bacillota;Bacilli;Lactobacillales;Streptococcaceae;Streptococcus;Lactobacillus gasseri
KC628749.1	MT905169.1.1408	98.999	1398	0.0	2503	Bacteria;Bacillati;Bacillota;Bacilli;Lactobacillales;Streptococcaceae;Streptococcus;Streptococcus hominis
KC628749.1	PQ845660.1.1511	98.862	1406	0.0	2497	Bacteria;Bacillati;Bacillota;Bacilli;Lactobacillales;Streptococcaceae;Streptococcus;uncultured Streptococcus sp.
KC628749.1	HM021341.1.1449	98.788	1403	0.0	2490	Bacteria;Bacillati;Bacillota;Bacilli;Lactobacillales;Streptococcaceae;Streptococcus;uncultured bacterium
JN787164.1	JN787173.1.1404	100.000	1404	0.0	2593	Bacteria;Bacillati;Bacillota;Bacilli;Lactobacillales;Streptococcaceae;Streptococcus;Streptococcus anginosus
JN787164.1	JN787172.1.1404	100.000	1404	0.0	2593	Bacteria;Bacillati;Bacillota;Bacilli;Lactobacillales;Streptococcaceae;Streptococcus;Streptococcus anginosus
JN787164.1	JN787171.1.1404	100.000	1404	0.0	2593	Bacteria;Bacillati;Bacillota;Bacilli;Lactobacillales;Streptococcaceae;Streptococcus;Streptococcus anginosus
JN787164.1	DQ232519.1.1477	99.929	1404	0.0	2588	Bacteria;Bacillati;Bacillota;Bacilli;Lactobacillales;Streptococcaceae;Streptococcus;Streptococcus anginosus
JN787164.1	PQ779990.1.1458	99.929	1404	0.0	2588	Bacteria;Bacillati;Bacillota;Bacilli;Lactobacillales;Streptococcaceae;Streptococcus;Bacillota bacterium
JN787165.1	DQ232519.1.1477	99.929	1404	0.0	2588	Bacteria;Bacillati;Bacillota;Bacilli;Lactobacillales;Streptococcaceae;Streptococcus;Streptococcus anginosus
JN787165.1	JN787170.1.1404	99.929	1404	0.0	2588	Bacteria;Bacillati;Bacillota;Bacilli;Lactobacillales;Streptococcaceae;Streptococcus;Streptococcus anginosus
JN787165.1	MT597613.1.1449	99.929	1404	0.0	2588	Bacteria;Bacillati;Bacillota;Bacilli;Lactobacillales;Streptococcaceae;Streptococcus;Streptococcus anginosus
JN787165.1	MT459365.1.1464	99.929	1404	0.0	2588	Bacteria;Bacillati;Bacillota;Bacilli;Lactobacillales;Streptococcaceae;Streptococcus;Streptococcus anginosus
JN787165.1	PQ779972.1.1458	99.929	1404	0.0	2588	Bacteria;Bacillati;Bacillota;Bacilli;Lactobacillales;Streptococcaceae;Streptococcus;Bacillota bacterium
JN787166.1	AFIM01000033.206.1753	99.929	1404	0.0	2588	Bacteria;Bacillati;Bacillota;Bacilli;Lactobacillales;Streptococcaceae;Streptococcus;Streptococcus anginosus SK52 = DSM 20563
JN787166.1	JN578465.1.1478	99.929	1404	0.0	2588	Bacteria;Bacillati;Bacillota;Bacilli;Lactobacillales;Streptococcaceae;Streptococcus;Streptococcus anginosus
JN787166.1	LC258132.1.1449	99.929	1404	0.0	2588	Bacteria;Bacillati;Bacillota;Bacilli;Lactobacillales;Streptococcaceae;Streptococcus;Streptococcus anginosus
JN787166.1	JN787173.1.1404	99.858	1404	0.0	2582	Bacteria;Bacillati;Bacillota;Bacilli;Lactobacillales;Streptococcaceae;Streptococcus;Streptococcus anginosus
JN787166.1	JN787172.1.1404	99.858	1404	0.0	2582	Bacteria;Bacillati;Bacillota;Bacilli;Lactobacillales;Streptococcaceae;Streptococcus;Streptococcus anginosus
JN787167.1	AFIM01000033.206.1753	99.929	1404	0.0	2588	Bacteria;Bacillati;Bacillota;Bacilli;Lactobacillales;Streptococcaceae;Streptococcus;Streptococcus anginosus SK52 = DSM 20563
JN787167.1	JN578465.1.1478	99.929	1404	0.0	2588	Bacteria;Bacillati;Bacillota;Bacilli;Lactobacillales;Streptococcaceae;Streptococcus;Streptococcus anginosus
JN787167.1	LC258132.1.1449	99.929	1404	0.0	2588	Bacteria;Bacillati;Bacillota;Bacilli;Lactobacillales;Streptococcaceae;Streptococcus;Streptococcus anginosus
JN787167.1	JN787173.1.1404	99.858	1404	0.0	2582	Bacteria;Bacillati;Bacillota;Bacilli;Lactobacillales;Streptococcaceae;Streptococcus;Streptococcus anginosus
JN787167.1	JN787172.1.1404	99.858	1404	0.0	2582	Bacteria;Bacillati;Bacillota;Bacilli;Lactobacillales;Streptococcaceae;Streptococcus;Streptococcus anginosus
JN787168.1	DQ232519.1.1477	99.573	1404	0.0	2560	Bacteria;Bacillati;Bacillota;Bacilli;Lactobacillales;Streptococcaceae;Streptococcus;Streptococcus anginosus
JN787168.1	JN787173.1.1404	99.501	1404	0.0	2555	Bacteria;Bacillati;Bacillota;Bacilli;Lactobacillales;Streptococcaceae;Streptococcus;Streptococcus anginosus
JN787168.1	JN787172.1.1404	99.501	1404	0.0	2555	Bacteria;Bacillati;Bacillota;Bacilli;Lactobacillales;Streptococcaceae;Streptococcus;Streptococcus anginosus
JN787168.1	JN787171.1.1404	99.501	1404	0.0	2555	Bacteria;Bacillati;Bacillota;Bacilli;Lactobacillales;Streptococcaceae;Streptococcus;Streptococcus anginosus
JN787168.1	JN787193.1.1404	99.430	1404	0.0	2549	Bacteria;Bacillati;Bacillota;Bacilli;Lactobacillales;Streptococcaceae;Streptococcus;Streptococcus anginosus subsp. whileyi CCUG 39159
JN787169.1	AFIM01000033.206.1753	99.929	1404	0.0	2590	Bacteria;Bacillati;Bacillota;Bacilli;Lactobacillales;Streptococcaceae;Streptococcus;Streptococcus anginosus SK52 = DSM 20563
JN787169.1	JN578465.1.1478	99.929	1404	0.0	2590	Bacteria;Bacillati;Bacillota;Bacilli;Lactobacillales;Streptococcaceae;Streptococcus;Streptococcus anginosus
JN787169.1	LC258132.1.1449	99.929	1404	0.0	2590	Bacteria;Bacillati;Bacillota;Bacilli;Lactobacillales;Streptococcaceae;Streptococcus;Streptococcus anginosus
JN787169.1	AF104678.1.1573	99.715	1404	0.0	2575	Bacteria;Bacillati;Bacillota;Bacilli;Lactobacillales;Streptococcaceae;Streptococcus;Streptococcus anginosus
JN787169.1	JN787173.1.1404	99.715	1404	0.0	2573	Bacteria;Bacillati;Bacillota;Bacilli;Lactobacillales;Streptococcaceae;Streptococcus;Streptococcus anginosus
JN787170.1	JN787170.1.1404	100.000	1404	0.0	2593	Bacteria;Bacillati;Bacillota;Bacilli;Lactobacillales;Streptococcaceae;Streptococcus;Streptococcus anginosus
JN787170.1	MT597613.1.1449	100.000	1404	0.0	2593	Bacteria;Bacillati;Bacillota;Bacilli;Lactobacillales;Streptococcaceae;Streptococcus;Streptococcus anginosus
JN787170.1	MT459365.1.1464	100.000	1404	0.0	2593	Bacteria;Bacillati;Bacillota;Bacilli;Lactobacillales;Streptococcaceae;Streptococcus;Streptococcus anginosus
JN787170.1	PQ779972.1.1458	100.000	1404	0.0	2593	Bacteria;Bacillati;Bacillota;Bacilli;Lactobacillales;Streptococcaceae;Streptococcus;Bacillota bacterium
JN787170.1	DQ232519.1.1477	99.858	1404	0.0	2582	Bacteria;Bacillati;Bacillota;Bacilli;Lactobacillales;Streptococcaceae;Streptococcus;Streptococcus anginosus
JN787171.1	JN787173.1.1404	100.000	1404	0.0	2593	Bacteria;Bacillati;Bacillota;Bacilli;Lactobacillales;Streptococcaceae;Streptococcus;Streptococcus anginosus
JN787171.1	JN787172.1.1404	100.000	1404	0.0	2593	Bacteria;Bacillati;Bacillota;Bacilli;Lactobacillales;Streptococcaceae;Streptococcus;Streptococcus anginosus
JN787171.1	JN787171.1.1404	100.000	1404	0.0	2593	Bacteria;Bacillati;Bacillota;Bacilli;Lactobacillales;Streptococcaceae;Streptococcus;Streptococcus anginosus
JN787171.1	DQ232519.1.1477	99.929	1404	0.0	2588	Bacteria;Bacillati;Bacillota;Bacilli;Lactobacillales;Streptococcaceae;Streptococcus;Streptococcus anginosus
JN787171.1	PQ779990.1.1458	99.929	1404	0.0	2588	Bacteria;Bacillati;Bacillota;Bacilli;Lactobacillales;Streptococcaceae;Streptococcus;Bacillota bacterium
JN787172.1	JN787173.1.1404	100.000	1404	0.0	2593	Bacteria;Bacillati;Bacillota;Bacilli;Lactobacillales;Streptococcaceae;Streptococcus;Streptococcus anginosus
JN787172.1	JN787172.1.1404	100.000	1404	0.0	2593	Bacteria;Bacillati;Bacillota;Bacilli;Lactobacillales;Streptococcaceae;Streptococcus;Streptococcus anginosus
JN787172.1	JN787171.1.1404	100.000	1404	0.0	2593	Bacteria;Bacillati;Bacillota;Bacilli;Lactobacillales;Streptococcaceae;Streptococcus;Streptococcus anginosus
JN787172.1	DQ232519.1.1477	99.929	1404	0.0	2588	Bacteria;Bacillati;Bacillota;Bacilli;Lactobacillales;Streptococcaceae;Streptococcus;Streptococcus anginosus
JN787172.1	PQ779990.1.1458	99.929	1404	0.0	2588	Bacteria;Bacillati;Bacillota;Bacilli;Lactobacillales;Streptococcaceae;Streptococcus;Bacillota bacterium
JN787173.1	JN787173.1.1404	100.000	1404	0.0	2593	Bacteria;Bacillati;Bacillota;Bacilli;Lactobacillales;Streptococcaceae;Streptococcus;Streptococcus anginosus
JN787173.1	JN787172.1.1404	100.000	1404	0.0	2593	Bacteria;Bacillati;Bacillota;Bacilli;Lactobacillales;Streptococcaceae;Streptococcus;Streptococcus anginosus
JN787173.1	JN787171.1.1404	100.000	1404	0.0	2593	Bacteria;Bacillati;Bacillota;Bacilli;Lactobacillales;Streptococcaceae;Streptococcus;Streptococcus anginosus
JN787173.1	DQ232519.1.1477	99.929	1404	0.0	2588	Bacteria;Bacillati;Bacillota;Bacilli;Lactobacillales;Streptococcaceae;Streptococcus;Streptococcus anginosus
JN787173.1	PQ779990.1.1458	99.929	1404	0.0	2588	Bacteria;Bacillati;Bacillota;Bacilli;Lactobacillales;Streptococcaceae;Streptococcus;Bacillota bacterium
JN787174.1	JN787173.1.1404	100.000	1404	0.0	2593	Bacteria;Bacillati;Bacillota;Bacilli;Lactobacillales;Streptococcaceae;Streptococcus;Streptococcus anginosus
JN787174.1	JN787172.1.1404	100.000	1404	0.0	2593	Bacteria;Bacillati;Bacillota;Bacilli;Lactobacillales;Streptococcaceae;Streptococcus;Streptococcus anginosus
JN787174.1	JN787171.1.1404	100.000	1404	0.0	2593	Bacteria;Bacillati;Bacillota;Bacilli;Lactobacillales;Streptococcaceae;Streptococcus;Streptococcus anginosus
JN787174.1	DQ232519.1.1477	99.929	1404	0.0	2588	Bacteria;Bacillati;Bacillota;Bacilli;Lactobacillales;Streptococcaceae;Streptococcus;Streptococcus anginosus
JN787174.1	PQ779990.1.1458	99.929	1404	0.0	2588	Bacteria;Bacillati;Bacillota;Bacilli;Lactobacillales;Streptococcaceae;Streptococcus;Bacillota bacterium
JN787175.1	JN787173.1.1404	100.000	1404	0.0	2593	Bacteria;Bacillati;Bacillota;Bacilli;Lactobacillales;Streptococcaceae;Streptococcus;Streptococcus anginosus
JN787175.1	JN787172.1.1404	100.000	1404	0.0	2593	Bacteria;Bacillati;Bacillota;Bacilli;Lactobacillales;Streptococcaceae;Streptococcus;Streptococcus anginosus
JN787175.1	JN787171.1.1404	100.000	1404	0.0	2593	Bacteria;Bacillati;Bacillota;Bacilli;Lactobacillales;Streptococcaceae;Streptococcus;Streptococcus anginosus
JN787175.1	DQ232519.1.1477	99.929	1404	0.0	2588	Bacteria;Bacillati;Bacillota;Bacilli;Lactobacillales;Streptococcaceae;Streptococcus;Streptococcus anginosus
JN787175.1	PQ779990.1.1458	99.929	1404	0.0	2588	Bacteria;Bacillati;Bacillota;Bacilli;Lactobacillales;Streptococcaceae;Streptococcus;Bacillota bacterium
JN787176.1	JN787173.1.1404	100.000	1404	0.0	2593	Bacteria;Bacillati;Bacillota;Bacilli;Lactobacillales;Streptococcaceae;Streptococcus;Streptococcus anginosus
JN787176.1	JN787172.1.1404	100.000	1404	0.0	2593	Bacteria;Bacillati;Bacillota;Bacilli;Lactobacillales;Streptococcaceae;Streptococcus;Streptococcus anginosus
JN787176.1	JN787171.1.1404	100.000	1404	0.0	2593	Bacteria;Bacillati;Bacillota;Bacilli;Lactobacillales;Streptococcaceae;Streptococcus;Streptococcus anginosus
JN787176.1	DQ232519.1.1477	99.929	1404	0.0	2588	Bacteria;Bacillati;Bacillota;Bacilli;Lactobacillales;Streptococcaceae;Streptococcus;Streptococcus anginosus
JN787176.1	PQ779990.1.1458	99.929	1404	0.0	2588	Bacteria;Bacillati;Bacillota;Bacilli;Lactobacillales;Streptococcaceae;Streptococcus;Bacillota bacterium
JN787177.1	JN787173.1.1404	100.000	1404	0.0	2593	Bacteria;Bacillati;Bacillota;Bacilli;Lactobacillales;Streptococcaceae;Streptococcus;Streptococcus anginosus
JN787177.1	JN787172.1.1404	100.000	1404	0.0	2593	Bacteria;Bacillati;Bacillota;Bacilli;Lactobacillales;Streptococcaceae;Streptococcus;Streptococcus anginosus
JN787177.1	JN787171.1.1404	100.000	1404	0.0	2593	Bacteria;Bacillati;Bacillota;Bacilli;Lactobacillales;Streptococcaceae;Streptococcus;Streptococcus anginosus
JN787177.1	DQ232519.1.1477	99.929	1404	0.0	2588	Bacteria;Bacillati;Bacillota;Bacilli;Lactobacillales;Streptococcaceae;Streptococcus;Streptococcus anginosus
JN787177.1	PQ779990.1.1458	99.929	1404	0.0	2588	Bacteria;Bacillati;Bacillota;Bacilli;Lactobacillales;Streptococcaceae;Streptococcus;Bacillota bacterium
JN787178.1	JN787173.1.1404	100.000	1404	0.0	2593	Bacteria;Bacillati;Bacillota;Bacilli;Lactobacillales;Streptococcaceae;Streptococcus;Streptococcus anginosus
JN787178.1	JN787172.1.1404	100.000	1404	0.0	2593	Bacteria;Bacillati;Bacillota;Bacilli;Lactobacillales;Streptococcaceae;Streptococcus;Streptococcus anginosus
JN787178.1	JN787171.1.1404	100.000	1404	0.0	2593	Bacteria;Bacillati;Bacillota;Bacilli;Lactobacillales;Streptococcaceae;Streptococcus;Streptococcus anginosus
JN787178.1	DQ232519.1.1477	99.929	1404	0.0	2588	Bacteria;Bacillati;Bacillota;Bacilli;Lactobacillales;Streptococcaceae;Streptococcus;Streptococcus anginosus
JN787178.1	PQ779990.1.1458	99.929	1404	0.0	2588	Bacteria;Bacillati;Bacillota;Bacilli;Lactobacillales;Streptococcaceae;Streptococcus;Bacillota bacterium
JN787179.1	JN787173.1.1404	100.000	1404	0.0	2593	Bacteria;Bacillati;Bacillota;Bacilli;Lactobacillales;Streptococcaceae;Streptococcus;Streptococcus anginosus
JN787179.1	JN787172.1.1404	100.000	1404	0.0	2593	Bacteria;Bacillati;Bacillota;Bacilli;Lactobacillales;Streptococcaceae;Streptococcus;Streptococcus anginosus
JN787179.1	JN787171.1.1404	100.000	1404	0.0	2593	Bacteria;Bacillati;Bacillota;Bacilli;Lactobacillales;Streptococcaceae;Streptococcus;Streptococcus anginosus
JN787179.1	DQ232519.1.1477	99.929	1404	0.0	2588	Bacteria;Bacillati;Bacillota;Bacilli;Lactobacillales;Streptococcaceae;Streptococcus;Streptococcus anginosus
JN787179.1	PQ779990.1.1458	99.929	1404	0.0	2588	Bacteria;Bacillati;Bacillota;Bacilli;Lactobacillales;Streptococcaceae;Streptococcus;Bacillota bacterium
JN787180.1	JN787181.1.1404	99.644	1404	0.0	2566	Bacteria;Bacillati;Bacillota;Bacilli;Lactobacillales;Streptococcaceae;Streptococcus;Streptococcus anginosus
JN787180.1	CP118032.1567698.1569256	99.426	1393	0.0	2529	Bacteria;Bacillati;Bacillota;Bacilli;Lactobacillales;Streptococcaceae;Streptococcus;Lactobacillus gasseri
JN787180.1	MT905169.1.1408	99.145	1404	0.0	2525	Bacteria;Bacillati;Bacillota;Bacilli;Lactobacillales;Streptococcaceae;Streptococcus;Streptococcus hominis
JN787180.1	PQ845660.1.1511	99.148	1408	0.0	2523	Bacteria;Bacillati;Bacillota;Bacilli;Lactobacillales;Streptococcaceae;Streptococcus;uncultured Streptococcus sp.
JN787180.1	HM021341.1.1449	99.075	1405	0.0	2516	Bacteria;Bacillati;Bacillota;Bacilli;Lactobacillales;Streptococcaceae;Streptococcus;uncultured bacterium
JN787181.1	JN787181.1.1404	100.000	1404	0.0	2593	Bacteria;Bacillati;Bacillota;Bacilli;Lactobacillales;Streptococcaceae;Streptococcus;Streptococcus anginosus
JN787181.1	MT905169.1.1408	99.217	1404	0.0	2531	Bacteria;Bacillati;Bacillota;Bacilli;Lactobacillales;Streptococcaceae;Streptococcus;Streptococcus hominis
JN787181.1	FM873680.1.1509	98.861	1405	0.0	2505	Bacteria;Bacillati;Bacillota;Bacilli;Lactobacillales;Streptococcaceae;Streptococcus;uncultured bacterium
JN787181.1	CP118032.1567698.1569256	99.067	1393	0.0	2501	Bacteria;Bacillati;Bacillota;Bacilli;Lactobacillales;Streptococcaceae;Streptococcus;Lactobacillus gasseri
JN787181.1	PQ845660.1.1511	98.793	1408	0.0	2495	Bacteria;Bacillati;Bacillota;Bacilli;Lactobacillales;Streptococcaceae;Streptococcus;uncultured Streptococcus sp.
JN787201.1	JN787193.1.1404	100.000	1404	0.0	2593	Bacteria;Bacillati;Bacillota;Bacilli;Lactobacillales;Streptococcaceae;Streptococcus;Streptococcus anginosus subsp. whileyi CCUG 39159
JN787201.1	MT597725.1.1468	99.929	1404	0.0	2588	Bacteria;Bacillati;Bacillota;Bacilli;Lactobacillales;Streptococcaceae;Streptococcus;Streptococcus anginosus
JN787201.1	MT573752.1.1444	99.858	1404	0.0	2582	Bacteria;Bacillati;Bacillota;Bacilli;Lactobacillales;Streptococcaceae;Streptococcus;Streptococcus anginosus
JN787201.1	MT597583.1.1465	99.858	1404	0.0	2582	Bacteria;Bacillati;Bacillota;Bacilli;Lactobacillales;Streptococcaceae;Streptococcus;Streptococcus anginosus
JN787201.1	JN787173.1.1404	99.786	1404	0.0	2577	Bacteria;Bacillati;Bacillota;Bacilli;Lactobacillales;Streptococcaceae;Streptococcus;Streptococcus anginosus
JN787210.1	JN787193.1.1404	99.929	1404	0.0	2588	Bacteria;Bacillati;Bacillota;Bacilli;Lactobacillales;Streptococcaceae;Streptococcus;Streptococcus anginosus subsp. whileyi CCUG 39159
JN787210.1	MT597725.1.1468	99.858	1404	0.0	2582	Bacteria;Bacillati;Bacillota;Bacilli;Lactobacillales;Streptococcaceae;Streptococcus;Streptococcus anginosus
JN787210.1	MT573752.1.1444	99.786	1404	0.0	2577	Bacteria;Bacillati;Bacillota;Bacilli;Lactobacillales;Streptococcaceae;Streptococcus;Streptococcus anginosus
JN787210.1	MT597583.1.1465	99.786	1404	0.0	2577	Bacteria;Bacillati;Bacillota;Bacilli;Lactobacillales;Streptococcaceae;Streptococcus;Streptococcus anginosus
JN787210.1	JN787173.1.1404	99.715	1404	0.0	2571	Bacteria;Bacillati;Bacillota;Bacilli;Lactobacillales;Streptococcaceae;Streptococcus;Streptococcus anginosus
JN787203.1	JN787193.1.1404	100.000	1404	0.0	2593	Bacteria;Bacillati;Bacillota;Bacilli;Lactobacillales;Streptococcaceae;Streptococcus;Streptococcus anginosus subsp. whileyi CCUG 39159
JN787203.1	MT597725.1.1468	99.929	1404	0.0	2588	Bacteria;Bacillati;Bacillota;Bacilli;Lactobacillales;Streptococcaceae;Streptococcus;Streptococcus anginosus
JN787203.1	MT573752.1.1444	99.858	1404	0.0	2582	Bacteria;Bacillati;Bacillota;Bacilli;Lactobacillales;Streptococcaceae;Streptococcus;Streptococcus anginosus
JN787203.1	MT597583.1.1465	99.858	1404	0.0	2582	Bacteria;Bacillati;Bacillota;Bacilli;Lactobacillales;Streptococcaceae;Streptococcus;Streptococcus anginosus
JN787203.1	JN787173.1.1404	99.786	1404	0.0	2577	Bacteria;Bacillati;Bacillota;Bacilli;Lactobacillales;Streptococcaceae;Streptococcus;Streptococcus anginosus
JN787204.1	JN787193.1.1404	100.000	1404	0.0	2593	Bacteria;Bacillati;Bacillota;Bacilli;Lactobacillales;Streptococcaceae;Streptococcus;Streptococcus anginosus subsp. whileyi CCUG 39159
JN787204.1	MT597725.1.1468	99.929	1404	0.0	2588	Bacteria;Bacillati;Bacillota;Bacilli;Lactobacillales;Streptococcaceae;Streptococcus;Streptococcus anginosus
JN787204.1	MT573752.1.1444	99.858	1404	0.0	2582	Bacteria;Bacillati;Bacillota;Bacilli;Lactobacillales;Streptococcaceae;Streptococcus;Streptococcus anginosus
JN787204.1	MT597583.1.1465	99.858	1404	0.0	2582	Bacteria;Bacillati;Bacillota;Bacilli;Lactobacillales;Streptococcaceae;Streptococcus;Streptococcus anginosus
JN787204.1	JN787173.1.1404	99.786	1404	0.0	2577	Bacteria;Bacillati;Bacillota;Bacilli;Lactobacillales;Streptococcaceae;Streptococcus;Streptococcus anginosus
JN787220.1	JN787193.1.1404	100.000	1404	0.0	2593	Bacteria;Bacillati;Bacillota;Bacilli;Lactobacillales;Streptococcaceae;Streptococcus;Streptococcus anginosus subsp. whileyi CCUG 39159
JN787220.1	MT597725.1.1468	99.929	1404	0.0	2588	Bacteria;Bacillati;Bacillota;Bacilli;Lactobacillales;Streptococcaceae;Streptococcus;Streptococcus anginosus
JN787220.1	MT573752.1.1444	99.858	1404	0.0	2582	Bacteria;Bacillati;Bacillota;Bacilli;Lactobacillales;Streptococcaceae;Streptococcus;Streptococcus anginosus
JN787220.1	MT597583.1.1465	99.858	1404	0.0	2582	Bacteria;Bacillati;Bacillota;Bacilli;Lactobacillales;Streptococcaceae;Streptococcus;Streptococcus anginosus
JN787220.1	JN787173.1.1404	99.786	1404	0.0	2577	Bacteria;Bacillati;Bacillota;Bacilli;Lactobacillales;Streptococcaceae;Streptococcus;Streptococcus anginosus
JN787219.1	JN787193.1.1404	99.929	1404	0.0	2588	Bacteria;Bacillati;Bacillota;Bacilli;Lactobacillales;Streptococcaceae;Streptococcus;Streptococcus anginosus subsp. whileyi CCUG 39159
JN787219.1	MT597725.1.1468	99.858	1404	0.0	2582	Bacteria;Bacillati;Bacillota;Bacilli;Lactobacillales;Streptococcaceae;Streptococcus;Streptococcus anginosus
JN787219.1	MT573752.1.1444	99.786	1404	0.0	2577	Bacteria;Bacillati;Bacillota;Bacilli;Lactobacillales;Streptococcaceae;Streptococcus;Streptococcus anginosus
JN787219.1	MT597583.1.1465	99.786	1404	0.0	2577	Bacteria;Bacillati;Bacillota;Bacilli;Lactobacillales;Streptococcaceae;Streptococcus;Streptococcus anginosus
JN787219.1	JN787173.1.1404	99.715	1404	0.0	2571	Bacteria;Bacillati;Bacillota;Bacilli;Lactobacillales;Streptococcaceae;Streptococcus;Streptococcus anginosus
JN787218.1	JN787193.1.1404	99.929	1404	0.0	2588	Bacteria;Bacillati;Bacillota;Bacilli;Lactobacillales;Streptococcaceae;Streptococcus;Streptococcus anginosus subsp. whileyi CCUG 39159
JN787218.1	MT597725.1.1468	99.858	1404	0.0	2582	Bacteria;Bacillati;Bacillota;Bacilli;Lactobacillales;Streptococcaceae;Streptococcus;Streptococcus anginosus
JN787218.1	MT573752.1.1444	99.786	1404	0.0	2577	Bacteria;Bacillati;Bacillota;Bacilli;Lactobacillales;Streptococcaceae;Streptococcus;Streptococcus anginosus
JN787218.1	MT597583.1.1465	99.786	1404	0.0	2577	Bacteria;Bacillati;Bacillota;Bacilli;Lactobacillales;Streptococcaceae;Streptococcus;Streptococcus anginosus
JN787218.1	JN787173.1.1404	99.715	1404	0.0	2571	Bacteria;Bacillati;Bacillota;Bacilli;Lactobacillales;Streptococcaceae;Streptococcus;Streptococcus anginosus
JN787217.1	JN787193.1.1404	99.929	1404	0.0	2588	Bacteria;Bacillati;Bacillota;Bacilli;Lactobacillales;Streptococcaceae;Streptococcus;Streptococcus anginosus subsp. whileyi CCUG 39159
JN787217.1	MT597725.1.1468	99.858	1404	0.0	2582	Bacteria;Bacillati;Bacillota;Bacilli;Lactobacillales;Streptococcaceae;Streptococcus;Streptococcus anginosus
JN787217.1	MT573752.1.1444	99.786	1404	0.0	2577	Bacteria;Bacillati;Bacillota;Bacilli;Lactobacillales;Streptococcaceae;Streptococcus;Streptococcus anginosus
JN787217.1	MT597583.1.1465	99.786	1404	0.0	2577	Bacteria;Bacillati;Bacillota;Bacilli;Lactobacillales;Streptococcaceae;Streptococcus;Streptococcus anginosus
JN787217.1	JN787173.1.1404	99.715	1404	0.0	2571	Bacteria;Bacillati;Bacillota;Bacilli;Lactobacillales;Streptococcaceae;Streptococcus;Streptococcus anginosus
JN787216.1	JN787193.1.1404	99.929	1404	0.0	2588	Bacteria;Bacillati;Bacillota;Bacilli;Lactobacillales;Streptococcaceae;Streptococcus;Streptococcus anginosus subsp. whileyi CCUG 39159
JN787216.1	MT597725.1.1468	99.858	1404	0.0	2582	Bacteria;Bacillati;Bacillota;Bacilli;Lactobacillales;Streptococcaceae;Streptococcus;Streptococcus anginosus
JN787216.1	MT573752.1.1444	99.786	1404	0.0	2577	Bacteria;Bacillati;Bacillota;Bacilli;Lactobacillales;Streptococcaceae;Streptococcus;Streptococcus anginosus
JN787216.1	MT597583.1.1465	99.786	1404	0.0	2577	Bacteria;Bacillati;Bacillota;Bacilli;Lactobacillales;Streptococcaceae;Streptococcus;Streptococcus anginosus
JN787216.1	JN787173.1.1404	99.715	1404	0.0	2571	Bacteria;Bacillati;Bacillota;Bacilli;Lactobacillales;Streptococcaceae;Streptococcus;Streptococcus anginosus
JN787215.1	JN787193.1.1404	99.929	1404	0.0	2588	Bacteria;Bacillati;Bacillota;Bacilli;Lactobacillales;Streptococcaceae;Streptococcus;Streptococcus anginosus subsp. whileyi CCUG 39159
JN787215.1	MT597725.1.1468	99.858	1404	0.0	2582	Bacteria;Bacillati;Bacillota;Bacilli;Lactobacillales;Streptococcaceae;Streptococcus;Streptococcus anginosus
JN787215.1	MT573752.1.1444	99.786	1404	0.0	2577	Bacteria;Bacillati;Bacillota;Bacilli;Lactobacillales;Streptococcaceae;Streptococcus;Streptococcus anginosus
JN787215.1	MT597583.1.1465	99.786	1404	0.0	2577	Bacteria;Bacillati;Bacillota;Bacilli;Lactobacillales;Streptococcaceae;Streptococcus;Streptococcus anginosus
JN787215.1	JN787173.1.1404	99.715	1404	0.0	2571	Bacteria;Bacillati;Bacillota;Bacilli;Lactobacillales;Streptococcaceae;Streptococcus;Streptococcus anginosus
JN787214.1	JN787193.1.1404	100.000	1404	0.0	2593	Bacteria;Bacillati;Bacillota;Bacilli;Lactobacillales;Streptococcaceae;Streptococcus;Streptococcus anginosus subsp. whileyi CCUG 39159
JN787214.1	MT597725.1.1468	99.929	1404	0.0	2588	Bacteria;Bacillati;Bacillota;Bacilli;Lactobacillales;Streptococcaceae;Streptococcus;Streptococcus anginosus
JN787214.1	MT573752.1.1444	99.858	1404	0.0	2582	Bacteria;Bacillati;Bacillota;Bacilli;Lactobacillales;Streptococcaceae;Streptococcus;Streptococcus anginosus
JN787214.1	MT597583.1.1465	99.858	1404	0.0	2582	Bacteria;Bacillati;Bacillota;Bacilli;Lactobacillales;Streptococcaceae;Streptococcus;Streptococcus anginosus
JN787214.1	JN787173.1.1404	99.786	1404	0.0	2577	Bacteria;Bacillati;Bacillota;Bacilli;Lactobacillales;Streptococcaceae;Streptococcus;Streptococcus anginosus
JN787213.1	JN787193.1.1404	100.000	1404	0.0	2593	Bacteria;Bacillati;Bacillota;Bacilli;Lactobacillales;Streptococcaceae;Streptococcus;Streptococcus anginosus subsp. whileyi CCUG 39159
JN787213.1	MT597725.1.1468	99.929	1404	0.0	2588	Bacteria;Bacillati;Bacillota;Bacilli;Lactobacillales;Streptococcaceae;Streptococcus;Streptococcus anginosus
JN787213.1	MT573752.1.1444	99.858	1404	0.0	2582	Bacteria;Bacillati;Bacillota;Bacilli;Lactobacillales;Streptococcaceae;Streptococcus;Streptococcus anginosus
JN787213.1	MT597583.1.1465	99.858	1404	0.0	2582	Bacteria;Bacillati;Bacillota;Bacilli;Lactobacillales;Streptococcaceae;Streptococcus;Streptococcus anginosus
JN787213.1	JN787173.1.1404	99.786	1404	0.0	2577	Bacteria;Bacillati;Bacillota;Bacilli;Lactobacillales;Streptococcaceae;Streptococcus;Streptococcus anginosus
JN787212.1	JN787193.1.1404	99.929	1404	0.0	2588	Bacteria;Bacillati;Bacillota;Bacilli;Lactobacillales;Streptococcaceae;Streptococcus;Streptococcus anginosus subsp. whileyi CCUG 39159
JN787212.1	MT597725.1.1468	99.858	1404	0.0	2582	Bacteria;Bacillati;Bacillota;Bacilli;Lactobacillales;Streptococcaceae;Streptococcus;Streptococcus anginosus
JN787212.1	MT573752.1.1444	99.786	1404	0.0	2577	Bacteria;Bacillati;Bacillota;Bacilli;Lactobacillales;Streptococcaceae;Streptococcus;Streptococcus anginosus
JN787212.1	MT597583.1.1465	99.786	1404	0.0	2577	Bacteria;Bacillati;Bacillota;Bacilli;Lactobacillales;Streptococcaceae;Streptococcus;Streptococcus anginosus
JN787212.1	JN787173.1.1404	99.715	1404	0.0	2571	Bacteria;Bacillati;Bacillota;Bacilli;Lactobacillales;Streptococcaceae;Streptococcus;Streptococcus anginosus
JN787211.1	JN787193.1.1404	99.929	1404	0.0	2588	Bacteria;Bacillati;Bacillota;Bacilli;Lactobacillales;Streptococcaceae;Streptococcus;Streptococcus anginosus subsp. whileyi CCUG 39159
JN787211.1	MT597725.1.1468	99.858	1404	0.0	2582	Bacteria;Bacillati;Bacillota;Bacilli;Lactobacillales;Streptococcaceae;Streptococcus;Streptococcus anginosus
JN787211.1	MT573752.1.1444	99.786	1404	0.0	2577	Bacteria;Bacillati;Bacillota;Bacilli;Lactobacillales;Streptococcaceae;Streptococcus;Streptococcus anginosus
JN787211.1	MT597583.1.1465	99.786	1404	0.0	2577	Bacteria;Bacillati;Bacillota;Bacilli;Lactobacillales;Streptococcaceae;Streptococcus;Streptococcus anginosus
JN787211.1	JN787173.1.1404	99.715	1404	0.0	2571	Bacteria;Bacillati;Bacillota;Bacilli;Lactobacillales;Streptococcaceae;Streptococcus;Streptococcus anginosus
JN787209.1	JN787193.1.1404	100.000	1404	0.0	2593	Bacteria;Bacillati;Bacillota;Bacilli;Lactobacillales;Streptococcaceae;Streptococcus;Streptococcus anginosus subsp. whileyi CCUG 39159
JN787209.1	MT597725.1.1468	99.929	1404	0.0	2588	Bacteria;Bacillati;Bacillota;Bacilli;Lactobacillales;Streptococcaceae;Streptococcus;Streptococcus anginosus
JN787209.1	MT573752.1.1444	99.858	1404	0.0	2582	Bacteria;Bacillati;Bacillota;Bacilli;Lactobacillales;Streptococcaceae;Streptococcus;Streptococcus anginosus
JN787209.1	MT597583.1.1465	99.858	1404	0.0	2582	Bacteria;Bacillati;Bacillota;Bacilli;Lactobacillales;Streptococcaceae;Streptococcus;Streptococcus anginosus
JN787209.1	JN787173.1.1404	99.786	1404	0.0	2577	Bacteria;Bacillati;Bacillota;Bacilli;Lactobacillales;Streptococcaceae;Streptococcus;Streptococcus anginosus
JN787208.1	JN787193.1.1404	100.000	1404	0.0	2593	Bacteria;Bacillati;Bacillota;Bacilli;Lactobacillales;Streptococcaceae;Streptococcus;Streptococcus anginosus subsp. whileyi CCUG 39159
JN787208.1	MT597725.1.1468	99.929	1404	0.0	2588	Bacteria;Bacillati;Bacillota;Bacilli;Lactobacillales;Streptococcaceae;Streptococcus;Streptococcus anginosus
JN787208.1	MT573752.1.1444	99.858	1404	0.0	2582	Bacteria;Bacillati;Bacillota;Bacilli;Lactobacillales;Streptococcaceae;Streptococcus;Streptococcus anginosus
JN787208.1	MT597583.1.1465	99.858	1404	0.0	2582	Bacteria;Bacillati;Bacillota;Bacilli;Lactobacillales;Streptococcaceae;Streptococcus;Streptococcus anginosus
JN787208.1	JN787173.1.1404	99.786	1404	0.0	2577	Bacteria;Bacillati;Bacillota;Bacilli;Lactobacillales;Streptococcaceae;Streptococcus;Streptococcus anginosus
JN787207.1	JN787193.1.1404	99.929	1404	0.0	2588	Bacteria;Bacillati;Bacillota;Bacilli;Lactobacillales;Streptococcaceae;Streptococcus;Streptococcus anginosus subsp. whileyi CCUG 39159
JN787207.1	MT597725.1.1468	99.858	1404	0.0	2582	Bacteria;Bacillati;Bacillota;Bacilli;Lactobacillales;Streptococcaceae;Streptococcus;Streptococcus anginosus
JN787207.1	MT573752.1.1444	99.786	1404	0.0	2577	Bacteria;Bacillati;Bacillota;Bacilli;Lactobacillales;Streptococcaceae;Streptococcus;Streptococcus anginosus
JN787207.1	MT597583.1.1465	99.786	1404	0.0	2577	Bacteria;Bacillati;Bacillota;Bacilli;Lactobacillales;Streptococcaceae;Streptococcus;Streptococcus anginosus
JN787207.1	JN787173.1.1404	99.715	1404	0.0	2571	Bacteria;Bacillati;Bacillota;Bacilli;Lactobacillales;Streptococcaceae;Streptococcus;Streptococcus anginosus
JN787206.1	JN787193.1.1404	99.929	1404	0.0	2588	Bacteria;Bacillati;Bacillota;Bacilli;Lactobacillales;Streptococcaceae;Streptococcus;Streptococcus anginosus subsp. whileyi CCUG 39159
JN787206.1	MT597725.1.1468	99.858	1404	0.0	2582	Bacteria;Bacillati;Bacillota;Bacilli;Lactobacillales;Streptococcaceae;Streptococcus;Streptococcus anginosus
JN787206.1	MT573752.1.1444	99.786	1404	0.0	2577	Bacteria;Bacillati;Bacillota;Bacilli;Lactobacillales;Streptococcaceae;Streptococcus;Streptococcus anginosus
JN787206.1	MT597583.1.1465	99.786	1404	0.0	2577	Bacteria;Bacillati;Bacillota;Bacilli;Lactobacillales;Streptococcaceae;Streptococcus;Streptococcus anginosus
JN787206.1	JN787173.1.1404	99.715	1404	0.0	2571	Bacteria;Bacillati;Bacillota;Bacilli;Lactobacillales;Streptococcaceae;Streptococcus;Streptococcus anginosus
JN787205.1	MT597725.1.1468	99.929	1404	0.0	2588	Bacteria;Bacillati;Bacillota;Bacilli;Lactobacillales;Streptococcaceae;Streptococcus;Streptococcus anginosus
JN787205.1	JN787193.1.1404	99.858	1404	0.0	2582	Bacteria;Bacillati;Bacillota;Bacilli;Lactobacillales;Streptococcaceae;Streptococcus;Streptococcus anginosus subsp. whileyi CCUG 39159
JN787205.1	MT573752.1.1444	99.858	1404	0.0	2582	Bacteria;Bacillati;Bacillota;Bacilli;Lactobacillales;Streptococcaceae;Streptococcus;Streptococcus anginosus
JN787205.1	MT597583.1.1465	99.858	1404	0.0	2582	Bacteria;Bacillati;Bacillota;Bacilli;Lactobacillales;Streptococcaceae;Streptococcus;Streptococcus anginosus
JN787205.1	JN787173.1.1404	99.786	1404	0.0	2577	Bacteria;Bacillati;Bacillota;Bacilli;Lactobacillales;Streptococcaceae;Streptococcus;Streptococcus anginosus
MT585448.1	MT585448.1.1403	100.000	1403	0.0	2591	Bacteria;Bacillati;Bacillota;Bacilli;Lactobacillales;Streptococcaceae;Streptococcus;Streptococcus anginosus subsp. whileyi
MT585448.1	MT597617.1.1444	99.780	1362	0.0	2497	Bacteria;Bacillati;Bacillota;Bacilli;Lactobacillales;Streptococcaceae;Streptococcus;Streptococcus anginosus subsp. whileyi
MT585448.1	MT597725.1.1468	99.635	1369	0.0	2497	Bacteria;Bacillati;Bacillota;Bacilli;Lactobacillales;Streptococcaceae;Streptococcus;Streptococcus anginosus
MT585448.1	JN787193.1.1404	99.562	1369	0.0	2492	Bacteria;Bacillati;Bacillota;Bacilli;Lactobacillales;Streptococcaceae;Streptococcus;Streptococcus anginosus subsp. whileyi CCUG 39159
MT585448.1	MT573752.1.1444	99.562	1369	0.0	2492	Bacteria;Bacillati;Bacillota;Bacilli;Lactobacillales;Streptococcaceae;Streptococcus;Streptococcus anginosus
MT807654.1	MT597725.1.1468	99.714	1400	0.0	2569	Bacteria;Bacillati;Bacillota;Bacilli;Lactobacillales;Streptococcaceae;Streptococcus;Streptococcus anginosus
MT807654.1	MT597583.1.1465	99.644	1403	0.0	2569	Bacteria;Bacillati;Bacillota;Bacilli;Lactobacillales;Streptococcaceae;Streptococcus;Streptococcus anginosus
MT807654.1	MT459365.1.1464	99.572	1403	0.0	2564	Bacteria;Bacillati;Bacillota;Bacilli;Lactobacillales;Streptococcaceae;Streptococcus;Streptococcus anginosus
MT807654.1	PQ779972.1.1458	99.572	1403	0.0	2564	Bacteria;Bacillati;Bacillota;Bacilli;Lactobacillales;Streptococcaceae;Streptococcus;Bacillota bacterium
MT807654.1	MT573752.1.1444	99.642	1398	0.0	2560	Bacteria;Bacillati;Bacillota;Bacilli;Lactobacillales;Streptococcaceae;Streptococcus;Streptococcus anginosus
QSDO01000081.1	CFFF01000203.4900.6512	85.782	211	7.80e-49	200	Bacteria;Bacillati;Bacillota;Bacilli;Lactobacillales;Streptococcaceae;Streptococcus;Streptococcus pneumoniae
QSDO01000081.1	CACTLM010000014.39592.40897	84.091	176	1.32e-36	159	Bacteria;Bacillati;Bacillota;Bacilli;Staphylococcales;Staphylococcaceae;Staphylococcus;Staphylococcus aureus
QSDO01000081.1	CACTLM010000014.39592.40897	83.562	146	8.03e-29	134	Bacteria;Bacillati;Bacillota;Bacilli;Staphylococcales;Staphylococcaceae;Staphylococcus;Staphylococcus aureus
QSDO01000081.1	CLHB01000064.3276.4691	81.212	165	1.34e-26	126	Bacteria;Bacillati;Bacillota;Bacilli;Bacillales--other;Bacillaceae--other;Aliineobacillus;Streptococcus pneumoniae
QSDO01000081.1	CP149730.2568609.2569988	100.000	28	2.31e-04	52.8	Bacteria;Bacillati;Clostridiota;Clostridia;Peptostreptococcales;Peptostreptococcaceae;Clostridioides;Clostridioides difficile
MF578816.1	DQ232519.1.1477	99.929	1403	0.0	2586	Bacteria;Bacillati;Bacillota;Bacilli;Lactobacillales;Streptococcaceae;Streptococcus;Streptococcus anginosus
MF578816.1	MT459365.1.1464	99.929	1403	0.0	2586	Bacteria;Bacillati;Bacillota;Bacilli;Lactobacillales;Streptococcaceae;Streptococcus;Streptococcus anginosus
MF578816.1	PQ779972.1.1458	99.929	1403	0.0	2586	Bacteria;Bacillati;Bacillota;Bacilli;Lactobacillales;Streptococcaceae;Streptococcus;Bacillota bacterium
MF578816.1	MT597613.1.1449	99.929	1402	0.0	2584	Bacteria;Bacillati;Bacillota;Bacilli;Lactobacillales;Streptococcaceae;Streptococcus;Streptococcus anginosus
MF578816.1	PQ779990.1.1458	99.857	1403	0.0	2580	Bacteria;Bacillati;Bacillota;Bacilli;Lactobacillales;Streptococcaceae;Streptococcus;Bacillota bacterium
KC628758.1	PQ779990.1.1458	99.929	1400	0.0	2580	Bacteria;Bacillati;Bacillota;Bacilli;Lactobacillales;Streptococcaceae;Streptococcus;Bacillota bacterium
KC628758.1	DQ232519.1.1477	99.857	1402	0.0	2579	Bacteria;Bacillati;Bacillota;Bacilli;Lactobacillales;Streptococcaceae;Streptococcus;Streptococcus anginosus
KC628758.1	JN787173.1.1404	99.928	1397	0.0	2575	Bacteria;Bacillati;Bacillota;Bacilli;Lactobacillales;Streptococcaceae;Streptococcus;Streptococcus anginosus
KC628758.1	JN787172.1.1404	99.928	1397	0.0	2575	Bacteria;Bacillati;Bacillota;Bacilli;Lactobacillales;Streptococcaceae;Streptococcus;Streptococcus anginosus
KC628758.1	JN787171.1.1404	99.928	1397	0.0	2575	Bacteria;Bacillati;Bacillota;Bacilli;Lactobacillales;Streptococcaceae;Streptococcus;Streptococcus anginosus
AB355613.1	DQ232519.1.1477	99.713	1396	0.0	2556	Bacteria;Bacillati;Bacillota;Bacilli;Lactobacillales;Streptococcaceae;Streptococcus;Streptococcus anginosus
AB355613.1	AFIM01000033.206.1753	99.500	1399	0.0	2545	Bacteria;Bacillati;Bacillota;Bacilli;Lactobacillales;Streptococcaceae;Streptococcus;Streptococcus anginosus SK52 = DSM 20563
AB355613.1	AB355609.1.1399	99.500	1399	0.0	2545	Bacteria;Bacillati;Bacillota;Bacilli;Lactobacillales;Streptococcaceae;Streptococcus;Streptococcus anginosus
AB355613.1	LC258132.1.1449	99.499	1396	0.0	2540	Bacteria;Bacillati;Bacillota;Bacilli;Lactobacillales;Streptococcaceae;Streptococcus;Streptococcus anginosus
AB355613.1	JN578465.1.1478	99.496	1389	0.0	2527	Bacteria;Bacillati;Bacillota;Bacilli;Lactobacillales;Streptococcaceae;Streptococcus;Streptococcus anginosus
AB355610.1	DQ232519.1.1477	99.928	1396	0.0	2573	Bacteria;Bacillati;Bacillota;Bacilli;Lactobacillales;Streptococcaceae;Streptococcus;Streptococcus anginosus
AB355610.1	AFIM01000033.206.1753	99.714	1399	0.0	2562	Bacteria;Bacillati;Bacillota;Bacilli;Lactobacillales;Streptococcaceae;Streptococcus;Streptococcus anginosus SK52 = DSM 20563
AB355610.1	AB355609.1.1399	99.714	1399	0.0	2562	Bacteria;Bacillati;Bacillota;Bacilli;Lactobacillales;Streptococcaceae;Streptococcus;Streptococcus anginosus
AB355610.1	LC258132.1.1449	99.713	1396	0.0	2556	Bacteria;Bacillati;Bacillota;Bacilli;Lactobacillales;Streptococcaceae;Streptococcus;Streptococcus anginosus
AB355610.1	JN578465.1.1478	99.712	1389	0.0	2543	Bacteria;Bacillati;Bacillota;Bacilli;Lactobacillales;Streptococcaceae;Streptococcus;Streptococcus anginosus
MT807741.1	MT597725.1.1468	99.929	1399	0.0	2579	Bacteria;Bacillati;Bacillota;Bacilli;Lactobacillales;Streptococcaceae;Streptococcus;Streptococcus anginosus
MT807741.1	MT597583.1.1465	99.857	1399	0.0	2573	Bacteria;Bacillati;Bacillota;Bacilli;Lactobacillales;Streptococcaceae;Streptococcus;Streptococcus anginosus
MT807741.1	MT573752.1.1444	99.857	1397	0.0	2569	Bacteria;Bacillati;Bacillota;Bacilli;Lactobacillales;Streptococcaceae;Streptococcus;Streptococcus anginosus
MT807741.1	MT459365.1.1464	99.786	1399	0.0	2567	Bacteria;Bacillati;Bacillota;Bacilli;Lactobacillales;Streptococcaceae;Streptococcus;Streptococcus anginosus
MT807741.1	PQ779972.1.1458	99.786	1399	0.0	2567	Bacteria;Bacillati;Bacillota;Bacilli;Lactobacillales;Streptococcaceae;Streptococcus;Bacillota bacterium
AB355609.1	AFIM01000033.206.1753	100.000	1399	0.0	2584	Bacteria;Bacillati;Bacillota;Bacilli;Lactobacillales;Streptococcaceae;Streptococcus;Streptococcus anginosus SK52 = DSM 20563
AB355609.1	AB355609.1.1399	100.000	1399	0.0	2584	Bacteria;Bacillati;Bacillota;Bacilli;Lactobacillales;Streptococcaceae;Streptococcus;Streptococcus anginosus
AB355609.1	LC258132.1.1449	100.000	1396	0.0	2579	Bacteria;Bacillati;Bacillota;Bacilli;Lactobacillales;Streptococcaceae;Streptococcus;Streptococcus anginosus
AB355609.1	JN578465.1.1478	100.000	1389	0.0	2566	Bacteria;Bacillati;Bacillota;Bacilli;Lactobacillales;Streptococcaceae;Streptococcus;Streptococcus anginosus
AB355609.1	AF104678.1.1573	99.643	1399	0.0	2566	Bacteria;Bacillati;Bacillota;Bacilli;Lactobacillales;Streptococcaceae;Streptococcus;Streptococcus anginosus
NR_112705.1	AFIM01000033.206.1753	100.000	1399	0.0	2584	Bacteria;Bacillati;Bacillota;Bacilli;Lactobacillales;Streptococcaceae;Streptococcus;Streptococcus anginosus SK52 = DSM 20563
NR_112705.1	AB355609.1.1399	100.000	1399	0.0	2584	Bacteria;Bacillati;Bacillota;Bacilli;Lactobacillales;Streptococcaceae;Streptococcus;Streptococcus anginosus
NR_112705.1	LC258132.1.1449	100.000	1396	0.0	2579	Bacteria;Bacillati;Bacillota;Bacilli;Lactobacillales;Streptococcaceae;Streptococcus;Streptococcus anginosus
NR_112705.1	JN578465.1.1478	100.000	1389	0.0	2566	Bacteria;Bacillati;Bacillota;Bacilli;Lactobacillales;Streptococcaceae;Streptococcus;Streptococcus anginosus
NR_112705.1	AF104678.1.1573	99.643	1399	0.0	2566	Bacteria;Bacillati;Bacillota;Bacilli;Lactobacillales;Streptococcaceae;Streptococcus;Streptococcus anginosus
AB355614.1	DQ232519.1.1477	99.857	1396	0.0	2567	Bacteria;Bacillati;Bacillota;Bacilli;Lactobacillales;Streptococcaceae;Streptococcus;Streptococcus anginosus
AB355614.1	AFIM01000033.206.1753	99.643	1399	0.0	2556	Bacteria;Bacillati;Bacillota;Bacilli;Lactobacillales;Streptococcaceae;Streptococcus;Streptococcus anginosus SK52 = DSM 20563
AB355614.1	AB355609.1.1399	99.643	1399	0.0	2556	Bacteria;Bacillati;Bacillota;Bacilli;Lactobacillales;Streptococcaceae;Streptococcus;Streptococcus anginosus
AB355614.1	LC258132.1.1449	99.642	1396	0.0	2551	Bacteria;Bacillati;Bacillota;Bacilli;Lactobacillales;Streptococcaceae;Streptococcus;Streptococcus anginosus
AB355614.1	JN578465.1.1478	99.640	1389	0.0	2538	Bacteria;Bacillati;Bacillota;Bacilli;Lactobacillales;Streptococcaceae;Streptococcus;Streptococcus anginosus
AB355615.1	FM873680.1.1509	99.071	1400	0.0	2512	Bacteria;Bacillati;Bacillota;Bacilli;Lactobacillales;Streptococcaceae;Streptococcus;uncultured bacterium
AB355615.1	JASOLX010000056.3560.5115	98.860	1403	0.0	2495	Bacteria;Bacillati;Bacillota;Bacilli;Lactobacillales;Streptococcaceae;Streptococcus;Lacticaseibacillus paracasei
AB355615.1	DQ232519.1.1477	98.856	1399	0.0	2490	Bacteria;Bacillati;Bacillota;Bacilli;Lactobacillales;Streptococcaceae;Streptococcus;Streptococcus anginosus
AB355615.1	BNJU01001146.46780.48313	98.717	1403	0.0	2483	Bacteria;Bacillati;Bacillota;Bacilli;Lactobacillales;Streptococcaceae;Streptococcus;human saliva metagenome
AB355615.1	AFIM01000033.206.1753	98.645	1402	0.0	2479	Bacteria;Bacillati;Bacillota;Bacilli;Lactobacillales;Streptococcaceae;Streptococcus;Streptococcus anginosus SK52 = DSM 20563
AB355612.1	DQ232519.1.1477	100.000	1396	0.0	2579	Bacteria;Bacillati;Bacillota;Bacilli;Lactobacillales;Streptococcaceae;Streptococcus;Streptococcus anginosus
AB355612.1	AFIM01000033.206.1753	99.786	1399	0.0	2567	Bacteria;Bacillati;Bacillota;Bacilli;Lactobacillales;Streptococcaceae;Streptococcus;Streptococcus anginosus SK52 = DSM 20563
AB355612.1	AB355609.1.1399	99.786	1399	0.0	2567	Bacteria;Bacillati;Bacillota;Bacilli;Lactobacillales;Streptococcaceae;Streptococcus;Streptococcus anginosus
AB355612.1	LC258132.1.1449	99.785	1396	0.0	2562	Bacteria;Bacillati;Bacillota;Bacilli;Lactobacillales;Streptococcaceae;Streptococcus;Streptococcus anginosus
AB355612.1	JN578465.1.1478	99.784	1389	0.0	2549	Bacteria;Bacillati;Bacillota;Bacilli;Lactobacillales;Streptococcaceae;Streptococcus;Streptococcus anginosus
MT807726.1	MT597725.1.1468	99.785	1397	0.0	2564	Bacteria;Bacillati;Bacillota;Bacilli;Lactobacillales;Streptococcaceae;Streptococcus;Streptococcus anginosus
MT807726.1	MT597583.1.1465	99.857	1394	0.0	2564	Bacteria;Bacillati;Bacillota;Bacilli;Lactobacillales;Streptococcaceae;Streptococcus;Streptococcus anginosus
MT807726.1	DQ232519.1.1477	99.714	1398	0.0	2560	Bacteria;Bacillati;Bacillota;Bacilli;Lactobacillales;Streptococcaceae;Streptococcus;Streptococcus anginosus
MT807726.1	PQ779972.1.1458	99.714	1397	0.0	2556	Bacteria;Bacillati;Bacillota;Bacilli;Lactobacillales;Streptococcaceae;Streptococcus;Bacillota bacterium
MT807726.1	MT459365.1.1464	99.643	1399	0.0	2555	Bacteria;Bacillati;Bacillota;Bacilli;Lactobacillales;Streptococcaceae;Streptococcus;Streptococcus anginosus
AB355611.1	JN787181.1.1404	99.853	1357	0.0	2495	Bacteria;Bacillati;Bacillota;Bacilli;Lactobacillales;Streptococcaceae;Streptococcus;Streptococcus anginosus
AB355611.1	PQ845660.1.1511	98.858	1401	0.0	2488	Bacteria;Bacillati;Bacillota;Bacilli;Lactobacillales;Streptococcaceae;Streptococcus;uncultured Streptococcus sp.
AB355611.1	FM873680.1.1509	98.784	1398	0.0	2486	Bacteria;Bacillati;Bacillota;Bacilli;Lactobacillales;Streptococcaceae;Streptococcus;uncultured bacterium
AB355611.1	CP034543.1435680.1437239	98.712	1397	0.0	2481	Bacteria;Bacillati;Bacillota;Bacilli;Lactobacillales;Streptococcaceae;Streptococcus;Streptococcus periodonticum
AB355611.1	CP118032.1567698.1569256	98.642	1399	0.0	2477	Bacteria;Bacillati;Bacillota;Bacilli;Lactobacillales;Streptococcaceae;Streptococcus;Lactobacillus gasseri
MT585452.1	JN787193.1.1404	99.570	1394	0.0	2540	Bacteria;Bacillati;Bacillota;Bacilli;Lactobacillales;Streptococcaceae;Streptococcus;Streptococcus anginosus subsp. whileyi CCUG 39159
MT585452.1	MT597725.1.1468	99.498	1394	0.0	2534	Bacteria;Bacillati;Bacillota;Bacilli;Lactobacillales;Streptococcaceae;Streptococcus;Streptococcus anginosus
MT585452.1	MT573752.1.1444	99.426	1394	0.0	2529	Bacteria;Bacillati;Bacillota;Bacilli;Lactobacillales;Streptococcaceae;Streptococcus;Streptococcus anginosus
MT585452.1	MT597583.1.1465	99.426	1394	0.0	2529	Bacteria;Bacillati;Bacillota;Bacilli;Lactobacillales;Streptococcaceae;Streptococcus;Streptococcus anginosus
MT585452.1	JN787173.1.1404	99.354	1394	0.0	2523	Bacteria;Bacillati;Bacillota;Bacilli;Lactobacillales;Streptococcaceae;Streptococcus;Streptococcus anginosus
MT807472.1	DQ232519.1.1477	99.856	1392	0.0	2560	Bacteria;Bacillati;Bacillota;Bacilli;Lactobacillales;Streptococcaceae;Streptococcus;Streptococcus anginosus
MT807472.1	PQ779990.1.1458	99.856	1392	0.0	2560	Bacteria;Bacillati;Bacillota;Bacilli;Lactobacillales;Streptococcaceae;Streptococcus;Bacillota bacterium
MT807472.1	MT459365.1.1464	99.784	1392	0.0	2555	Bacteria;Bacillati;Bacillota;Bacilli;Lactobacillales;Streptococcaceae;Streptococcus;Streptococcus anginosus
MT807472.1	PQ779972.1.1458	99.784	1392	0.0	2555	Bacteria;Bacillati;Bacillota;Bacilli;Lactobacillales;Streptococcaceae;Streptococcus;Bacillota bacterium
MT807472.1	AFIM01000033.206.1753	99.713	1392	0.0	2549	Bacteria;Bacillati;Bacillota;Bacilli;Lactobacillales;Streptococcaceae;Streptococcus;Streptococcus anginosus SK52 = DSM 20563
MT807725.1	MT597583.1.1465	99.856	1390	0.0	2556	Bacteria;Bacillati;Bacillota;Bacilli;Lactobacillales;Streptococcaceae;Streptococcus;Streptococcus anginosus
MT807725.1	MT597725.1.1468	99.856	1390	0.0	2555	Bacteria;Bacillati;Bacillota;Bacilli;Lactobacillales;Streptococcaceae;Streptococcus;Streptococcus anginosus
MT807725.1	MT459365.1.1464	99.784	1390	0.0	2551	Bacteria;Bacillati;Bacillota;Bacilli;Lactobacillales;Streptococcaceae;Streptococcus;Streptococcus anginosus
MT807725.1	PQ779972.1.1458	99.784	1390	0.0	2551	Bacteria;Bacillati;Bacillota;Bacilli;Lactobacillales;Streptococcaceae;Streptococcus;Bacillota bacterium
MT807725.1	DQ232519.1.1477	99.712	1390	0.0	2545	Bacteria;Bacillati;Bacillota;Bacilli;Lactobacillales;Streptococcaceae;Streptococcus;Streptococcus anginosus
MT807646.1	JN787181.1.1404	99.855	1380	0.0	2538	Bacteria;Bacillati;Bacillota;Bacilli;Lactobacillales;Streptococcaceae;Streptococcus;Streptococcus anginosus
MT807646.1	MT905169.1.1408	99.349	1383	0.0	2505	Bacteria;Bacillati;Bacillota;Bacilli;Lactobacillales;Streptococcaceae;Streptococcus;Streptococcus hominis
MT807646.1	CP118032.1567698.1569256	98.922	1391	0.0	2484	Bacteria;Bacillati;Bacillota;Bacilli;Lactobacillales;Streptococcaceae;Streptococcus;Lactobacillus gasseri
MT807646.1	PQ845660.1.1511	98.995	1393	0.0	2484	Bacteria;Bacillati;Bacillota;Bacilli;Lactobacillales;Streptococcaceae;Streptococcus;uncultured Streptococcus sp.
MT807646.1	HM021341.1.1449	98.921	1390	0.0	2477	Bacteria;Bacillati;Bacillota;Bacilli;Lactobacillales;Streptococcaceae;Streptococcus;uncultured bacterium
MT807578.1	JN787173.1.1404	99.856	1389	0.0	2556	Bacteria;Bacillati;Bacillota;Bacilli;Lactobacillales;Streptococcaceae;Streptococcus;Streptococcus anginosus
MT807578.1	JN787172.1.1404	99.856	1389	0.0	2556	Bacteria;Bacillati;Bacillota;Bacilli;Lactobacillales;Streptococcaceae;Streptococcus;Streptococcus anginosus
MT807578.1	JN787171.1.1404	99.856	1389	0.0	2556	Bacteria;Bacillati;Bacillota;Bacilli;Lactobacillales;Streptococcaceae;Streptococcus;Streptococcus anginosus
MT807578.1	AFIM01000033.206.1753	99.784	1389	0.0	2551	Bacteria;Bacillati;Bacillota;Bacilli;Lactobacillales;Streptococcaceae;Streptococcus;Streptococcus anginosus SK52 = DSM 20563
MT807578.1	JN578465.1.1478	99.784	1389	0.0	2551	Bacteria;Bacillati;Bacillota;Bacilli;Lactobacillales;Streptococcaceae;Streptococcus;Streptococcus anginosus
MH817660.1	MH817660.1.1388	100.000	1365	0.0	2521	Bacteria;Bacillati;Bacillota;Bacilli;Lactobacillales;Streptococcaceae;Streptococcus;Streptococcus anginosus
MH817660.1	MT597617.1.1444	98.744	1274	0.0	2257	Bacteria;Bacillati;Bacillota;Bacilli;Lactobacillales;Streptococcaceae;Streptococcus;Streptococcus anginosus subsp. whileyi
MH817660.1	MT597725.1.1468	98.744	1274	0.0	2257	Bacteria;Bacillati;Bacillota;Bacilli;Lactobacillales;Streptococcaceae;Streptococcus;Streptococcus anginosus
MH817660.1	MT597583.1.1465	98.744	1274	0.0	2257	Bacteria;Bacillati;Bacillota;Bacilli;Lactobacillales;Streptococcaceae;Streptococcus;Streptococcus anginosus
MH817660.1	JN787193.1.1404	98.666	1274	0.0	2252	Bacteria;Bacillati;Bacillota;Bacilli;Lactobacillales;Streptococcaceae;Streptococcus;Streptococcus anginosus subsp. whileyi CCUG 39159
MH817391.1	MH817391.1.1388	100.000	1388	0.0	2564	Bacteria;Bacillati;Bacillota;Bacilli;Lactobacillales;Streptococcaceae;Streptococcus;Streptococcus anginosus
MH817391.1	MH817390.1.1380	97.260	1387	0.0	2335	Bacteria;Bacillati;Bacillota;Bacilli;Lactobacillales;Streptococcaceae;Streptococcus;Streptococcus anginosus
MH817391.1	MH817378.1.1364	97.242	1378	0.0	2318	Bacteria;Bacillati;Bacillota;Bacilli;Lactobacillales;Streptococcaceae;Streptococcus;Streptococcus anginosus
MH817391.1	JN787173.1.1404	97.552	1348	0.0	2290	Bacteria;Bacillati;Bacillota;Bacilli;Lactobacillales;Streptococcaceae;Streptococcus;Streptococcus anginosus
MH817391.1	DQ232519.1.1477	97.550	1347	0.0	2289	Bacteria;Bacillati;Bacillota;Bacilli;Lactobacillales;Streptococcaceae;Streptococcus;Streptococcus anginosus
MT807287.1	MT905169.1.1408	100.000	1383	0.0	2555	Bacteria;Bacillati;Bacillota;Bacilli;Lactobacillales;Streptococcaceae;Streptococcus;Streptococcus hominis
MT807287.1	JN787181.1.1404	99.493	1381	0.0	2512	Bacteria;Bacillati;Bacillota;Bacilli;Lactobacillales;Streptococcaceae;Streptococcus;Streptococcus anginosus
MT807287.1	MT459365.1.1464	98.632	1389	0.0	2455	Bacteria;Bacillati;Bacillota;Bacilli;Lactobacillales;Streptococcaceae;Streptococcus;Streptococcus anginosus
MT807287.1	PQ779972.1.1458	98.632	1389	0.0	2455	Bacteria;Bacillati;Bacillota;Bacilli;Lactobacillales;Streptococcaceae;Streptococcus;Bacillota bacterium
MT807287.1	MT597613.1.1449	98.631	1388	0.0	2453	Bacteria;Bacillati;Bacillota;Bacilli;Lactobacillales;Streptococcaceae;Streptococcus;Streptococcus anginosus
MT807824.1	MT905169.1.1408	99.203	1380	0.0	2488	Bacteria;Bacillati;Bacillota;Bacilli;Lactobacillales;Streptococcaceae;Streptococcus;Streptococcus hominis
MT807824.1	JN787181.1.1404	99.128	1376	0.0	2475	Bacteria;Bacillati;Bacillota;Bacilli;Lactobacillales;Streptococcaceae;Streptococcus;Streptococcus anginosus
MT807824.1	AFIM01000033.206.1753	98.845	1385	0.0	2464	Bacteria;Bacillati;Bacillota;Bacilli;Lactobacillales;Streptococcaceae;Streptococcus;Streptococcus anginosus SK52 = DSM 20563
MT807824.1	JN578465.1.1478	98.845	1385	0.0	2464	Bacteria;Bacillati;Bacillota;Bacilli;Lactobacillales;Streptococcaceae;Streptococcus;Streptococcus anginosus
MT807824.1	LC258132.1.1449	98.845	1385	0.0	2464	Bacteria;Bacillati;Bacillota;Bacilli;Lactobacillales;Streptococcaceae;Streptococcus;Streptococcus anginosus
MT807830.1	DQ232519.1.1477	100.000	1381	0.0	2551	Bacteria;Bacillati;Bacillota;Bacilli;Lactobacillales;Streptococcaceae;Streptococcus;Streptococcus anginosus
MT807830.1	PQ779990.1.1458	99.928	1382	0.0	2547	Bacteria;Bacillati;Bacillota;Bacilli;Lactobacillales;Streptococcaceae;Streptococcus;Bacillota bacterium
MT807830.1	MT459365.1.1464	99.928	1381	0.0	2545	Bacteria;Bacillati;Bacillota;Bacilli;Lactobacillales;Streptococcaceae;Streptococcus;Streptococcus anginosus
MT807830.1	PQ779972.1.1458	99.928	1381	0.0	2545	Bacteria;Bacillati;Bacillota;Bacilli;Lactobacillales;Streptococcaceae;Streptococcus;Bacillota bacterium
MT807830.1	MT597613.1.1449	99.855	1381	0.0	2538	Bacteria;Bacillati;Bacillota;Bacilli;Lactobacillales;Streptococcaceae;Streptococcus;Streptococcus anginosus
MT807409.1	GU045404.1.1477	100.000	1381	0.0	2551	Bacteria;Bacillati;Bacillota;Bacilli;Lactobacillales;Streptococcaceae;Streptococcus;Streptococcus anginosus
MT807409.1	DQ232518.1.1477	100.000	1381	0.0	2551	Bacteria;Bacillati;Bacillota;Bacilli;Lactobacillales;Streptococcaceae;Streptococcus;Streptococcus anginosus
MT807409.1	JN787143.1.1404	100.000	1381	0.0	2551	Bacteria;Bacillati;Bacillota;Bacilli;Lactobacillales;Streptococcaceae;Streptococcus;Streptococcus constellatus subsp. constellatus
MT807409.1	JN787139.1.1404	100.000	1381	0.0	2551	Bacteria;Bacillati;Bacillota;Bacilli;Lactobacillales;Streptococcaceae;Streptococcus;Streptococcus constellatus subsp. constellatus
MT807409.1	GU045403.1.1526	99.928	1381	0.0	2545	Bacteria;Bacillati;Bacillota;Bacilli;Lactobacillales;Streptococcaceae;Streptococcus;Streptococcus intermedius
MT807562.1	MT905169.1.1408	99.274	1378	0.0	2490	Bacteria;Bacillati;Bacillota;Bacilli;Lactobacillales;Streptococcaceae;Streptococcus;Streptococcus hominis
MT807562.1	KC569584.1.1426	100.000	1346	0.0	2486	Bacteria;Bacillati;Bacillota;Bacilli;Lactobacillales;Streptococcaceae;Streptococcus;Streptococcus anginosus
MT807562.1	JN787181.1.1404	99.271	1372	0.0	2479	Bacteria;Bacillati;Bacillota;Bacilli;Lactobacillales;Streptococcaceae;Streptococcus;Streptococcus anginosus
MT807562.1	FM873680.1.1509	98.985	1379	0.0	2468	Bacteria;Bacillati;Bacillota;Bacilli;Lactobacillales;Streptococcaceae;Streptococcus;uncultured bacterium
MT807562.1	BNJU01001146.46780.48313	98.845	1385	0.0	2459	Bacteria;Bacillati;Bacillota;Bacilli;Lactobacillales;Streptococcaceae;Streptococcus;human saliva metagenome
MT807823.1	MT905169.1.1408	99.272	1374	0.0	2483	Bacteria;Bacillati;Bacillota;Bacilli;Lactobacillales;Streptococcaceae;Streptococcus;Streptococcus hominis
MT807823.1	JN787181.1.1404	99.124	1370	0.0	2464	Bacteria;Bacillati;Bacillota;Bacilli;Lactobacillales;Streptococcaceae;Streptococcus;Streptococcus anginosus
MT807823.1	AFIM01000033.206.1753	98.843	1383	0.0	2460	Bacteria;Bacillati;Bacillota;Bacilli;Lactobacillales;Streptococcaceae;Streptococcus;Streptococcus anginosus SK52 = DSM 20563
MT807823.1	JN578465.1.1478	98.843	1383	0.0	2460	Bacteria;Bacillati;Bacillota;Bacilli;Lactobacillales;Streptococcaceae;Streptococcus;Streptococcus anginosus
MT807823.1	LC258132.1.1449	98.843	1383	0.0	2460	Bacteria;Bacillati;Bacillota;Bacilli;Lactobacillales;Streptococcaceae;Streptococcus;Streptococcus anginosus
MH817390.1	MH817390.1.1380	100.000	1377	0.0	2543	Bacteria;Bacillati;Bacillota;Bacilli;Lactobacillales;Streptococcaceae;Streptococcus;Streptococcus anginosus
MH817390.1	MH817378.1.1364	97.885	1371	0.0	2362	Bacteria;Bacillati;Bacillota;Bacilli;Lactobacillales;Streptococcaceae;Streptococcus;Streptococcus anginosus
MH817390.1	JN787173.1.1404	98.217	1346	0.0	2344	Bacteria;Bacillati;Bacillota;Bacilli;Lactobacillales;Streptococcaceae;Streptococcus;Streptococcus anginosus
MH817390.1	JN787172.1.1404	98.217	1346	0.0	2344	Bacteria;Bacillati;Bacillota;Bacilli;Lactobacillales;Streptococcaceae;Streptococcus;Streptococcus anginosus
MH817390.1	PQ779990.1.1458	98.217	1346	0.0	2344	Bacteria;Bacillati;Bacillota;Bacilli;Lactobacillales;Streptococcaceae;Streptococcus;Bacillota bacterium
MT807829.1	DQ232519.1.1477	100.000	1379	0.0	2547	Bacteria;Bacillati;Bacillota;Bacilli;Lactobacillales;Streptococcaceae;Streptococcus;Streptococcus anginosus
MT807829.1	PQ779990.1.1458	99.927	1379	0.0	2542	Bacteria;Bacillati;Bacillota;Bacilli;Lactobacillales;Streptococcaceae;Streptococcus;Bacillota bacterium
MT807829.1	MT459365.1.1464	99.927	1379	0.0	2542	Bacteria;Bacillati;Bacillota;Bacilli;Lactobacillales;Streptococcaceae;Streptococcus;Streptococcus anginosus
MT807829.1	PQ779972.1.1458	99.927	1379	0.0	2542	Bacteria;Bacillati;Bacillota;Bacilli;Lactobacillales;Streptococcaceae;Streptococcus;Bacillota bacterium
MT807829.1	MT597613.1.1449	99.855	1379	0.0	2534	Bacteria;Bacillati;Bacillota;Bacilli;Lactobacillales;Streptococcaceae;Streptococcus;Streptococcus anginosus
MT807825.1	JN787181.1.1404	99.854	1374	0.0	2527	Bacteria;Bacillati;Bacillota;Bacilli;Lactobacillales;Streptococcaceae;Streptococcus;Streptococcus anginosus
MT807825.1	MT905169.1.1408	99.419	1376	0.0	2497	Bacteria;Bacillati;Bacillota;Bacilli;Lactobacillales;Streptococcaceae;Streptococcus;Streptococcus hominis
MT807825.1	CP118032.1567698.1569256	99.058	1380	0.0	2475	Bacteria;Bacillati;Bacillota;Bacilli;Lactobacillales;Streptococcaceae;Streptococcus;Lactobacillus gasseri
MT807825.1	PQ845660.1.1511	98.987	1382	0.0	2464	Bacteria;Bacillati;Bacillota;Bacilli;Lactobacillales;Streptococcaceae;Streptococcus;uncultured Streptococcus sp.
MT807825.1	HM021341.1.1449	98.912	1379	0.0	2457	Bacteria;Bacillati;Bacillota;Bacilli;Lactobacillales;Streptococcaceae;Streptococcus;uncultured bacterium
MT807380.1	DQ232519.1.1477	100.000	1375	0.0	2540	Bacteria;Bacillati;Bacillota;Bacilli;Lactobacillales;Streptococcaceae;Streptococcus;Streptococcus anginosus
MT807380.1	PQ779990.1.1458	99.927	1375	0.0	2534	Bacteria;Bacillati;Bacillota;Bacilli;Lactobacillales;Streptococcaceae;Streptococcus;Bacillota bacterium
MT807380.1	MT459365.1.1464	99.927	1375	0.0	2534	Bacteria;Bacillati;Bacillota;Bacilli;Lactobacillales;Streptococcaceae;Streptococcus;Streptococcus anginosus
MT807380.1	PQ779972.1.1458	99.927	1375	0.0	2534	Bacteria;Bacillati;Bacillota;Bacilli;Lactobacillales;Streptococcaceae;Streptococcus;Bacillota bacterium
MT807380.1	MT597613.1.1449	99.927	1373	0.0	2531	Bacteria;Bacillati;Bacillota;Bacilli;Lactobacillales;Streptococcaceae;Streptococcus;Streptococcus anginosus
MH997762.1	MH997762.1.1373	100.000	1373	0.0	2536	Bacteria;Bacillati;Bacillota;Bacilli;Lactobacillales;Streptococcaceae;Streptococcus;Streptococcus anginosus
MH997762.1	AFIM01000033.206.1753	96.840	1329	0.0	2189	Bacteria;Bacillati;Bacillota;Bacilli;Lactobacillales;Streptococcaceae;Streptococcus;Streptococcus anginosus SK52 = DSM 20563
MH997762.1	AFIM01000033.206.1753	93.548	62	1.72e-15	89.8	Bacteria;Bacillati;Bacillota;Bacilli;Lactobacillales;Streptococcaceae;Streptococcus;Streptococcus anginosus SK52 = DSM 20563
MH997762.1	JN578465.1.1478	96.840	1329	0.0	2189	Bacteria;Bacillati;Bacillota;Bacilli;Lactobacillales;Streptococcaceae;Streptococcus;Streptococcus anginosus
MH997762.1	JN578465.1.1478	93.548	62	1.72e-15	89.8	Bacteria;Bacillati;Bacillota;Bacilli;Lactobacillales;Streptococcaceae;Streptococcus;Streptococcus anginosus
MH997762.1	LC258132.1.1449	96.840	1329	0.0	2189	Bacteria;Bacillati;Bacillota;Bacilli;Lactobacillales;Streptococcaceae;Streptococcus;Streptococcus anginosus
MH997762.1	LC258132.1.1449	96.296	54	6.20e-15	87.9	Bacteria;Bacillati;Bacillota;Bacilli;Lactobacillales;Streptococcaceae;Streptococcus;Streptococcus anginosus
MH997762.1	AB355609.1.1399	96.840	1329	0.0	2189	Bacteria;Bacillati;Bacillota;Bacilli;Lactobacillales;Streptococcaceae;Streptococcus;Streptococcus anginosus
MT807442.1	JN787173.1.1404	99.927	1372	0.0	2529	Bacteria;Bacillati;Bacillota;Bacilli;Lactobacillales;Streptococcaceae;Streptococcus;Streptococcus anginosus
MT807442.1	JN787172.1.1404	99.927	1372	0.0	2529	Bacteria;Bacillati;Bacillota;Bacilli;Lactobacillales;Streptococcaceae;Streptococcus;Streptococcus anginosus
MT807442.1	PQ779990.1.1458	99.927	1372	0.0	2529	Bacteria;Bacillati;Bacillota;Bacilli;Lactobacillales;Streptococcaceae;Streptococcus;Bacillota bacterium
MT807442.1	JN787171.1.1404	99.927	1372	0.0	2529	Bacteria;Bacillati;Bacillota;Bacilli;Lactobacillales;Streptococcaceae;Streptococcus;Streptococcus anginosus
MT807442.1	DQ232519.1.1477	99.854	1372	0.0	2523	Bacteria;Bacillati;Bacillota;Bacilli;Lactobacillales;Streptococcaceae;Streptococcus;Streptococcus anginosus
MT807410.1	GU045404.1.1477	100.000	1371	0.0	2532	Bacteria;Bacillati;Bacillota;Bacilli;Lactobacillales;Streptococcaceae;Streptococcus;Streptococcus anginosus
MT807410.1	DQ232518.1.1477	100.000	1371	0.0	2532	Bacteria;Bacillati;Bacillota;Bacilli;Lactobacillales;Streptococcaceae;Streptococcus;Streptococcus anginosus
MT807410.1	JN787143.1.1404	100.000	1371	0.0	2532	Bacteria;Bacillati;Bacillota;Bacilli;Lactobacillales;Streptococcaceae;Streptococcus;Streptococcus constellatus subsp. constellatus
MT807410.1	JN787139.1.1404	100.000	1371	0.0	2532	Bacteria;Bacillati;Bacillota;Bacilli;Lactobacillales;Streptococcaceae;Streptococcus;Streptococcus constellatus subsp. constellatus
MT807410.1	GU045403.1.1526	99.927	1371	0.0	2527	Bacteria;Bacillati;Bacillota;Bacilli;Lactobacillales;Streptococcaceae;Streptococcus;Streptococcus intermedius
MT807827.1	DQ232519.1.1477	100.000	1370	0.0	2531	Bacteria;Bacillati;Bacillota;Bacilli;Lactobacillales;Streptococcaceae;Streptococcus;Streptococcus anginosus
MT807827.1	JN787173.1.1404	100.000	1370	0.0	2531	Bacteria;Bacillati;Bacillota;Bacilli;Lactobacillales;Streptococcaceae;Streptococcus;Streptococcus anginosus
MT807827.1	JN787172.1.1404	100.000	1370	0.0	2531	Bacteria;Bacillati;Bacillota;Bacilli;Lactobacillales;Streptococcaceae;Streptococcus;Streptococcus anginosus
MT807827.1	JN787171.1.1404	100.000	1370	0.0	2531	Bacteria;Bacillati;Bacillota;Bacilli;Lactobacillales;Streptococcaceae;Streptococcus;Streptococcus anginosus
MT807827.1	JN787170.1.1404	99.927	1370	0.0	2525	Bacteria;Bacillati;Bacillota;Bacilli;Lactobacillales;Streptococcaceae;Streptococcus;Streptococcus anginosus
MT807495.1	MT597725.1.1468	99.854	1369	0.0	2518	Bacteria;Bacillati;Bacillota;Bacilli;Lactobacillales;Streptococcaceae;Streptococcus;Streptococcus anginosus
MT807495.1	JN787193.1.1404	99.781	1369	0.0	2512	Bacteria;Bacillati;Bacillota;Bacilli;Lactobacillales;Streptococcaceae;Streptococcus;Streptococcus anginosus subsp. whileyi CCUG 39159
MT807495.1	MT573752.1.1444	99.781	1369	0.0	2512	Bacteria;Bacillati;Bacillota;Bacilli;Lactobacillales;Streptococcaceae;Streptococcus;Streptococcus anginosus
MT807495.1	MT597583.1.1465	99.781	1369	0.0	2512	Bacteria;Bacillati;Bacillota;Bacilli;Lactobacillales;Streptococcaceae;Streptococcus;Streptococcus anginosus
MT807495.1	JN787173.1.1404	99.708	1369	0.0	2507	Bacteria;Bacillati;Bacillota;Bacilli;Lactobacillales;Streptococcaceae;Streptococcus;Streptococcus anginosus
MT807563.1	KC569584.1.1426	100.000	1339	0.0	2473	Bacteria;Bacillati;Bacillota;Bacilli;Lactobacillales;Streptococcaceae;Streptococcus;Streptococcus anginosus
MT807563.1	MT905169.1.1408	99.267	1365	0.0	2466	Bacteria;Bacillati;Bacillota;Bacilli;Lactobacillales;Streptococcaceae;Streptococcus;Streptococcus hominis
MT807563.1	JN787181.1.1404	99.267	1365	0.0	2466	Bacteria;Bacillati;Bacillota;Bacilli;Lactobacillales;Streptococcaceae;Streptococcus;Streptococcus anginosus
MT807563.1	FM873680.1.1509	99.261	1354	0.0	2446	Bacteria;Bacillati;Bacillota;Bacilli;Lactobacillales;Streptococcaceae;Streptococcus;uncultured bacterium
MT807563.1	BNJU01001146.46780.48313	98.832	1370	0.0	2431	Bacteria;Bacillati;Bacillota;Bacilli;Lactobacillales;Streptococcaceae;Streptococcus;human saliva metagenome
MT807381.1	DQ232519.1.1477	100.000	1364	0.0	2519	Bacteria;Bacillati;Bacillota;Bacilli;Lactobacillales;Streptococcaceae;Streptococcus;Streptococcus anginosus
MT807381.1	JN787173.1.1404	100.000	1364	0.0	2519	Bacteria;Bacillati;Bacillota;Bacilli;Lactobacillales;Streptococcaceae;Streptococcus;Streptococcus anginosus
MT807381.1	JN787172.1.1404	100.000	1364	0.0	2519	Bacteria;Bacillati;Bacillota;Bacilli;Lactobacillales;Streptococcaceae;Streptococcus;Streptococcus anginosus
MT807381.1	JN787171.1.1404	100.000	1364	0.0	2519	Bacteria;Bacillati;Bacillota;Bacilli;Lactobacillales;Streptococcaceae;Streptococcus;Streptococcus anginosus
MT807381.1	JN787170.1.1404	99.927	1364	0.0	2514	Bacteria;Bacillati;Bacillota;Bacilli;Lactobacillales;Streptococcaceae;Streptococcus;Streptococcus anginosus
MH817378.1	MH817378.1.1364	100.000	1364	0.0	2519	Bacteria;Bacillati;Bacillota;Bacilli;Lactobacillales;Streptococcaceae;Streptococcus;Streptococcus anginosus
MH817378.1	JN787170.1.1404	99.096	1328	0.0	2385	Bacteria;Bacillati;Bacillota;Bacilli;Lactobacillales;Streptococcaceae;Streptococcus;Streptococcus anginosus
MH817378.1	MT597613.1.1449	99.096	1328	0.0	2385	Bacteria;Bacillati;Bacillota;Bacilli;Lactobacillales;Streptococcaceae;Streptococcus;Streptococcus anginosus
MH817378.1	MT459365.1.1464	99.096	1328	0.0	2385	Bacteria;Bacillati;Bacillota;Bacilli;Lactobacillales;Streptococcaceae;Streptococcus;Streptococcus anginosus
MH817378.1	PQ779972.1.1458	99.096	1328	0.0	2385	Bacteria;Bacillati;Bacillota;Bacilli;Lactobacillales;Streptococcaceae;Streptococcus;Bacillota bacterium
AB006119.1	AB006119.1.1363	100.000	1363	0.0	2518	Bacteria;Bacillati;Bacillota;Bacilli;Lactobacillales;Streptococcaceae;Streptococcus;Streptococcus anginosus
AB006119.1	MT597725.1.1468	99.125	1371	0.0	2457	Bacteria;Bacillati;Bacillota;Bacilli;Lactobacillales;Streptococcaceae;Streptococcus;Streptococcus anginosus
AB006119.1	MT597583.1.1465	99.125	1371	0.0	2457	Bacteria;Bacillati;Bacillota;Bacilli;Lactobacillales;Streptococcaceae;Streptococcus;Streptococcus anginosus
AB006119.1	DQ232519.1.1477	98.977	1369	0.0	2442	Bacteria;Bacillati;Bacillota;Bacilli;Lactobacillales;Streptococcaceae;Streptococcus;Streptococcus anginosus
AB006119.1	PQ779972.1.1458	98.906	1371	0.0	2438	Bacteria;Bacillati;Bacillota;Bacilli;Lactobacillales;Streptococcaceae;Streptococcus;Bacillota bacterium
MT807467.1	JN787181.1.1404	99.780	1362	0.0	2499	Bacteria;Bacillati;Bacillota;Bacilli;Lactobacillales;Streptococcaceae;Streptococcus;Streptococcus anginosus
MT807467.1	MT905169.1.1408	99.706	1362	0.0	2494	Bacteria;Bacillati;Bacillota;Bacilli;Lactobacillales;Streptococcaceae;Streptococcus;Streptococcus hominis
MT807467.1	CP118032.1567698.1569256	99.263	1357	0.0	2451	Bacteria;Bacillati;Bacillota;Bacilli;Lactobacillales;Streptococcaceae;Streptococcus;Lactobacillus gasseri
MT807467.1	KC569584.1.1426	99.258	1347	0.0	2433	Bacteria;Bacillati;Bacillota;Bacilli;Lactobacillales;Streptococcaceae;Streptococcus;Streptococcus anginosus
MT807467.1	JN787170.1.1404	98.901	1365	0.0	2433	Bacteria;Bacillati;Bacillota;Bacilli;Lactobacillales;Streptococcaceae;Streptococcus;Streptococcus anginosus
MT807231.1	MT597617.1.1444	99.926	1359	0.0	2505	Bacteria;Bacillati;Bacillota;Bacilli;Lactobacillales;Streptococcaceae;Streptococcus;Streptococcus anginosus subsp. whileyi
MT807231.1	MT597725.1.1468	99.926	1359	0.0	2505	Bacteria;Bacillati;Bacillota;Bacilli;Lactobacillales;Streptococcaceae;Streptococcus;Streptococcus anginosus
MT807231.1	JN787193.1.1404	99.853	1359	0.0	2499	Bacteria;Bacillati;Bacillota;Bacilli;Lactobacillales;Streptococcaceae;Streptococcus;Streptococcus anginosus subsp. whileyi CCUG 39159
MT807231.1	MT573752.1.1444	99.853	1359	0.0	2499	Bacteria;Bacillati;Bacillota;Bacilli;Lactobacillales;Streptococcaceae;Streptococcus;Streptococcus anginosus
MT807231.1	MT597583.1.1465	99.853	1359	0.0	2499	Bacteria;Bacillati;Bacillota;Bacilli;Lactobacillales;Streptococcaceae;Streptococcus;Streptococcus anginosus
MT807232.1	MT597725.1.1468	99.926	1359	0.0	2505	Bacteria;Bacillati;Bacillota;Bacilli;Lactobacillales;Streptococcaceae;Streptococcus;Streptococcus anginosus
MT807232.1	MT597617.1.1444	99.926	1358	0.0	2503	Bacteria;Bacillati;Bacillota;Bacilli;Lactobacillales;Streptococcaceae;Streptococcus;Streptococcus anginosus subsp. whileyi
MT807232.1	JN787193.1.1404	99.853	1359	0.0	2499	Bacteria;Bacillati;Bacillota;Bacilli;Lactobacillales;Streptococcaceae;Streptococcus;Streptococcus anginosus subsp. whileyi CCUG 39159
MT807232.1	MT573752.1.1444	99.853	1359	0.0	2499	Bacteria;Bacillati;Bacillota;Bacilli;Lactobacillales;Streptococcaceae;Streptococcus;Streptococcus anginosus
MT807232.1	MT597583.1.1465	99.853	1359	0.0	2499	Bacteria;Bacillati;Bacillota;Bacilli;Lactobacillales;Streptococcaceae;Streptococcus;Streptococcus anginosus
MH997758.1	MH997758.1.1357	100.000	1357	0.0	2507	Bacteria;Bacillati;Bacillota;Bacilli;Lactobacillales;Streptococcaceae;Streptococcus;Streptococcus anginosus
MH997758.1	MH997762.1.1373	96.825	1323	0.0	2189	Bacteria;Bacillati;Bacillota;Bacilli;Lactobacillales;Streptococcaceae;Streptococcus;Streptococcus anginosus
MH997758.1	DQ232519.1.1477	96.759	1296	0.0	2130	Bacteria;Bacillati;Bacillota;Bacilli;Lactobacillales;Streptococcaceae;Streptococcus;Streptococcus anginosus
MH997758.1	JN787173.1.1404	96.759	1296	0.0	2130	Bacteria;Bacillati;Bacillota;Bacilli;Lactobacillales;Streptococcaceae;Streptococcus;Streptococcus anginosus
MH997758.1	JN787172.1.1404	96.759	1296	0.0	2130	Bacteria;Bacillati;Bacillota;Bacilli;Lactobacillales;Streptococcaceae;Streptococcus;Streptococcus anginosus
AB006120.1	AB006120.1.1355	100.000	1355	0.0	2503	Bacteria;Bacillati;Bacillota;Bacilli;Lactobacillales;Streptococcaceae;Streptococcus;Streptococcus anginosus
AB006120.1	MT597725.1.1468	98.681	1365	0.0	2409	Bacteria;Bacillati;Bacillota;Bacilli;Lactobacillales;Streptococcaceae;Streptococcus;Streptococcus anginosus
AB006120.1	MT597583.1.1465	98.610	1367	0.0	2407	Bacteria;Bacillati;Bacillota;Bacilli;Lactobacillales;Streptococcaceae;Streptococcus;Streptococcus anginosus
AB006120.1	DQ232519.1.1477	98.464	1367	0.0	2396	Bacteria;Bacillati;Bacillota;Bacilli;Lactobacillales;Streptococcaceae;Streptococcus;Streptococcus anginosus
AB006120.1	JN787193.1.1404	98.886	1346	0.0	2392	Bacteria;Bacillati;Bacillota;Bacilli;Lactobacillales;Streptococcaceae;Streptococcus;Streptococcus anginosus subsp. whileyi CCUG 39159
MT807213.1	JN787173.1.1404	100.000	1349	0.0	2492	Bacteria;Bacillati;Bacillota;Bacilli;Lactobacillales;Streptococcaceae;Streptococcus;Streptococcus anginosus
MT807213.1	JN787172.1.1404	100.000	1349	0.0	2492	Bacteria;Bacillati;Bacillota;Bacilli;Lactobacillales;Streptococcaceae;Streptococcus;Streptococcus anginosus
MT807213.1	PQ779990.1.1458	100.000	1349	0.0	2492	Bacteria;Bacillati;Bacillota;Bacilli;Lactobacillales;Streptococcaceae;Streptococcus;Bacillota bacterium
MT807213.1	JN787171.1.1404	100.000	1349	0.0	2492	Bacteria;Bacillati;Bacillota;Bacilli;Lactobacillales;Streptococcaceae;Streptococcus;Streptococcus anginosus
MT807213.1	DQ232519.1.1477	99.926	1349	0.0	2486	Bacteria;Bacillati;Bacillota;Bacilli;Lactobacillales;Streptococcaceae;Streptococcus;Streptococcus anginosus
MH817662.1	MH817662.1.1339	100.000	1330	0.0	2457	Bacteria;Bacillati;Bacillota;Bacilli;Lactobacillales;Streptococcaceae;Streptococcus;Streptococcus anginosus
MH817662.1	MH817660.1.1388	97.287	1327	0.0	2242	Bacteria;Bacillati;Bacillota;Bacilli;Lactobacillales;Streptococcaceae;Streptococcus;Streptococcus anginosus
MH817662.1	MT597617.1.1444	98.789	1239	0.0	2202	Bacteria;Bacillati;Bacillota;Bacilli;Lactobacillales;Streptococcaceae;Streptococcus;Streptococcus anginosus subsp. whileyi
MH817662.1	MT597725.1.1468	98.789	1239	0.0	2202	Bacteria;Bacillati;Bacillota;Bacilli;Lactobacillales;Streptococcaceae;Streptococcus;Streptococcus anginosus
MH817662.1	MT597583.1.1465	98.789	1239	0.0	2202	Bacteria;Bacillati;Bacillota;Bacilli;Lactobacillales;Streptococcaceae;Streptococcus;Streptococcus anginosus
MK131295.1	MK131295.1.1339	100.000	1339	0.0	2473	Bacteria;Bacillati;Bacillota;Bacilli;Lactobacillales;Streptococcaceae;Streptococcus;Streptococcus anginosus
MK131295.1	GU045404.1.1477	99.249	1332	0.0	2401	Bacteria;Bacillati;Bacillota;Bacilli;Lactobacillales;Streptococcaceae;Streptococcus;Streptococcus anginosus
MK131295.1	DQ232518.1.1477	99.249	1332	0.0	2401	Bacteria;Bacillati;Bacillota;Bacilli;Lactobacillales;Streptococcaceae;Streptococcus;Streptococcus anginosus
MK131295.1	GU045403.1.1526	99.174	1332	0.0	2396	Bacteria;Bacillati;Bacillota;Bacilli;Lactobacillales;Streptococcaceae;Streptococcus;Streptococcus intermedius
MK131295.1	LC383837.1.1494	99.174	1332	0.0	2396	Bacteria;Bacillati;Bacillota;Bacilli;Lactobacillales;Streptococcaceae;Streptococcus;Streptococcus constellatus subsp. constellatus
X58309.1	X58309.1.1334	100.000	1334	0.0	2379	Bacteria;Bacillati;Bacillota;Bacilli;Lactobacillales;Streptococcaceae;Streptococcus;Streptococcus anginosus
X58309.1	AFIM01000033.206.1753	98.202	1335	0.0	2374	Bacteria;Bacillati;Bacillota;Bacilli;Lactobacillales;Streptococcaceae;Streptococcus;Streptococcus anginosus SK52 = DSM 20563
X58309.1	JN578465.1.1478	98.202	1335	0.0	2374	Bacteria;Bacillati;Bacillota;Bacilli;Lactobacillales;Streptococcaceae;Streptococcus;Streptococcus anginosus
X58309.1	LC258132.1.1449	98.202	1335	0.0	2374	Bacteria;Bacillati;Bacillota;Bacilli;Lactobacillales;Streptococcaceae;Streptococcus;Streptococcus anginosus
X58309.1	AB355609.1.1399	98.197	1331	0.0	2366	Bacteria;Bacillati;Bacillota;Bacilli;Lactobacillales;Streptococcaceae;Streptococcus;Streptococcus anginosus
NR_118937.1	X58309.1.1334	100.000	1334	0.0	2379	Bacteria;Bacillati;Bacillota;Bacilli;Lactobacillales;Streptococcaceae;Streptococcus;Streptococcus anginosus
NR_118937.1	AFIM01000033.206.1753	98.202	1335	0.0	2374	Bacteria;Bacillati;Bacillota;Bacilli;Lactobacillales;Streptococcaceae;Streptococcus;Streptococcus anginosus SK52 = DSM 20563
NR_118937.1	JN578465.1.1478	98.202	1335	0.0	2374	Bacteria;Bacillati;Bacillota;Bacilli;Lactobacillales;Streptococcaceae;Streptococcus;Streptococcus anginosus
NR_118937.1	LC258132.1.1449	98.202	1335	0.0	2374	Bacteria;Bacillati;Bacillota;Bacilli;Lactobacillales;Streptococcaceae;Streptococcus;Streptococcus anginosus
NR_118937.1	AB355609.1.1399	98.197	1331	0.0	2366	Bacteria;Bacillati;Bacillota;Bacilli;Lactobacillales;Streptococcaceae;Streptococcus;Streptococcus anginosus
ON055608.1	DQ232519.1.1477	99.925	1333	0.0	2457	Bacteria;Bacillati;Bacillota;Bacilli;Lactobacillales;Streptococcaceae;Streptococcus;Streptococcus anginosus
ON055608.1	JN787173.1.1404	99.925	1333	0.0	2457	Bacteria;Bacillati;Bacillota;Bacilli;Lactobacillales;Streptococcaceae;Streptococcus;Streptococcus anginosus
ON055608.1	JN787172.1.1404	99.925	1333	0.0	2457	Bacteria;Bacillati;Bacillota;Bacilli;Lactobacillales;Streptococcaceae;Streptococcus;Streptococcus anginosus
ON055608.1	PQ779990.1.1458	99.925	1333	0.0	2457	Bacteria;Bacillati;Bacillota;Bacilli;Lactobacillales;Streptococcaceae;Streptococcus;Bacillota bacterium
ON055608.1	JN787171.1.1404	99.925	1333	0.0	2457	Bacteria;Bacillati;Bacillota;Bacilli;Lactobacillales;Streptococcaceae;Streptococcus;Streptococcus anginosus
MT807441.1	DQ232519.1.1477	99.924	1317	0.0	2427	Bacteria;Bacillati;Bacillota;Bacilli;Lactobacillales;Streptococcaceae;Streptococcus;Streptococcus anginosus
MT807441.1	JN787173.1.1404	99.924	1317	0.0	2427	Bacteria;Bacillati;Bacillota;Bacilli;Lactobacillales;Streptococcaceae;Streptococcus;Streptococcus anginosus
MT807441.1	JN787172.1.1404	99.924	1317	0.0	2427	Bacteria;Bacillati;Bacillota;Bacilli;Lactobacillales;Streptococcaceae;Streptococcus;Streptococcus anginosus
MT807441.1	PQ779990.1.1458	99.924	1317	0.0	2427	Bacteria;Bacillati;Bacillota;Bacilli;Lactobacillales;Streptococcaceae;Streptococcus;Bacillota bacterium
MT807441.1	JN787171.1.1404	99.924	1317	0.0	2427	Bacteria;Bacillati;Bacillota;Bacilli;Lactobacillales;Streptococcaceae;Streptococcus;Streptococcus anginosus
MH813973.1	MH813973.1.1314	100.000	1244	0.0	2298	Bacteria;Bacillati;Bacillota;Bacilli;Lactobacillales;Streptococcaceae;Streptococcus;Streptococcus anginosus
MH813973.1	MT597617.1.1444	98.654	1189	0.0	2104	Bacteria;Bacillati;Bacillota;Bacilli;Lactobacillales;Streptococcaceae;Streptococcus;Streptococcus anginosus subsp. whileyi
MH813973.1	MT597725.1.1468	98.654	1189	0.0	2104	Bacteria;Bacillati;Bacillota;Bacilli;Lactobacillales;Streptococcaceae;Streptococcus;Streptococcus anginosus
MH813973.1	MT597583.1.1465	98.654	1189	0.0	2104	Bacteria;Bacillati;Bacillota;Bacilli;Lactobacillales;Streptococcaceae;Streptococcus;Streptococcus anginosus
MH813973.1	JN787193.1.1404	98.570	1189	0.0	2098	Bacteria;Bacillati;Bacillota;Bacilli;Lactobacillales;Streptococcaceae;Streptococcus;Streptococcus anginosus subsp. whileyi CCUG 39159
MG675045.1	MT585451.1.1420	99.768	1293	0.0	2372	Bacteria;Bacillati;Bacillota;Bacilli;Lactobacillales;Streptococcaceae;Streptococcus;Streptococcus anginosus subsp. whileyi
MG675045.1	JN787193.1.1404	99.614	1296	0.0	2366	Bacteria;Bacillati;Bacillota;Bacilli;Lactobacillales;Streptococcaceae;Streptococcus;Streptococcus anginosus subsp. whileyi CCUG 39159
MG675045.1	MT597617.1.1444	99.537	1296	0.0	2361	Bacteria;Bacillati;Bacillota;Bacilli;Lactobacillales;Streptococcaceae;Streptococcus;Streptococcus anginosus subsp. whileyi
MG675045.1	MT597725.1.1468	99.537	1296	0.0	2361	Bacteria;Bacillati;Bacillota;Bacilli;Lactobacillales;Streptococcaceae;Streptococcus;Streptococcus anginosus
MG675045.1	MT597583.1.1465	99.537	1296	0.0	2361	Bacteria;Bacillati;Bacillota;Bacilli;Lactobacillales;Streptococcaceae;Streptococcus;Streptococcus anginosus
PP825757.1	KC569584.1.1426	99.690	1292	0.0	2364	Bacteria;Bacillati;Bacillota;Bacilli;Lactobacillales;Streptococcaceae;Streptococcus;Streptococcus anginosus
PP825757.1	MT905169.1.1408	99.381	1292	0.0	2342	Bacteria;Bacillati;Bacillota;Bacilli;Lactobacillales;Streptococcaceae;Streptococcus;Streptococcus hominis
PP825757.1	JN787181.1.1404	99.071	1292	0.0	2320	Bacteria;Bacillati;Bacillota;Bacilli;Lactobacillales;Streptococcaceae;Streptococcus;Streptococcus anginosus
PP825757.1	FM873680.1.1509	99.071	1292	0.0	2320	Bacteria;Bacillati;Bacillota;Bacilli;Lactobacillales;Streptococcaceae;Streptococcus;uncultured bacterium
PP825757.1	GQ104125.1.1377	98.994	1292	0.0	2314	Bacteria;Bacillati;Bacillota;Bacilli;Lactobacillales;Streptococcaceae;Streptococcus;uncultured bacterium
MT535860.1	AFIM01000033.206.1753	99.845	1288	0.0	2368	Bacteria;Bacillati;Bacillota;Bacilli;Lactobacillales;Streptococcaceae;Streptococcus;Streptococcus anginosus SK52 = DSM 20563
MT535860.1	JN578465.1.1478	99.845	1288	0.0	2368	Bacteria;Bacillati;Bacillota;Bacilli;Lactobacillales;Streptococcaceae;Streptococcus;Streptococcus anginosus
MT535860.1	LC258132.1.1449	99.844	1280	0.0	2353	Bacteria;Bacillati;Bacillota;Bacilli;Lactobacillales;Streptococcaceae;Streptococcus;Streptococcus anginosus
MT535860.1	MT597725.1.1468	99.612	1288	0.0	2351	Bacteria;Bacillati;Bacillota;Bacilli;Lactobacillales;Streptococcaceae;Streptococcus;Streptococcus anginosus
MT535860.1	MT573752.1.1444	99.612	1288	0.0	2351	Bacteria;Bacillati;Bacillota;Bacilli;Lactobacillales;Streptococcaceae;Streptococcus;Streptococcus anginosus
MT535861.1	CP118032.1567698.1569256	99.690	1289	0.0	2357	Bacteria;Bacillati;Bacillota;Bacilli;Lactobacillales;Streptococcaceae;Streptococcus;Lactobacillus gasseri
MT535861.1	JN787181.1.1404	99.608	1274	0.0	2326	Bacteria;Bacillati;Bacillota;Bacilli;Lactobacillales;Streptococcaceae;Streptococcus;Streptococcus anginosus
MT535861.1	PQ845660.1.1511	99.148	1291	0.0	2314	Bacteria;Bacillati;Bacillota;Bacilli;Lactobacillales;Streptococcaceae;Streptococcus;uncultured Streptococcus sp.
MT535861.1	KC569584.1.1426	98.991	1288	0.0	2307	Bacteria;Bacillati;Bacillota;Bacilli;Lactobacillales;Streptococcaceae;Streptococcus;Streptococcus anginosus
MT535861.1	HM021341.1.1449	98.914	1289	0.0	2296	Bacteria;Bacillati;Bacillota;Bacilli;Lactobacillales;Streptococcaceae;Streptococcus;uncultured bacterium
MK330515.1	AFIM01000033.206.1753	100.000	1288	0.0	2379	Bacteria;Bacillati;Bacillota;Bacilli;Lactobacillales;Streptococcaceae;Streptococcus;Streptococcus anginosus SK52 = DSM 20563
MK330515.1	JN578465.1.1478	100.000	1288	0.0	2379	Bacteria;Bacillati;Bacillota;Bacilli;Lactobacillales;Streptococcaceae;Streptococcus;Streptococcus anginosus
MK330515.1	LC258132.1.1449	100.000	1280	0.0	2364	Bacteria;Bacillati;Bacillota;Bacilli;Lactobacillales;Streptococcaceae;Streptococcus;Streptococcus anginosus
MK330515.1	AF104678.1.1573	99.612	1288	0.0	2361	Bacteria;Bacillati;Bacillota;Bacilli;Lactobacillales;Streptococcaceae;Streptococcus;Streptococcus anginosus
MK330515.1	DQ232519.1.1477	99.689	1288	0.0	2357	Bacteria;Bacillati;Bacillota;Bacilli;Lactobacillales;Streptococcaceae;Streptococcus;Streptococcus anginosus
PP825763.1	DQ232519.1.1477	100.000	1288	0.0	2379	Bacteria;Bacillati;Bacillota;Bacilli;Lactobacillales;Streptococcaceae;Streptococcus;Streptococcus anginosus
PP825763.1	JN787173.1.1404	100.000	1288	0.0	2379	Bacteria;Bacillati;Bacillota;Bacilli;Lactobacillales;Streptococcaceae;Streptococcus;Streptococcus anginosus
PP825763.1	JN787172.1.1404	100.000	1288	0.0	2379	Bacteria;Bacillati;Bacillota;Bacilli;Lactobacillales;Streptococcaceae;Streptococcus;Streptococcus anginosus
PP825763.1	PQ779990.1.1458	100.000	1288	0.0	2379	Bacteria;Bacillati;Bacillota;Bacilli;Lactobacillales;Streptococcaceae;Streptococcus;Bacillota bacterium
PP825763.1	JN787171.1.1404	100.000	1288	0.0	2379	Bacteria;Bacillati;Bacillota;Bacilli;Lactobacillales;Streptococcaceae;Streptococcus;Streptococcus anginosus
VYVX01000034.1	CFFF01000203.4900.6512	86.463	229	1.17e-56	226	Bacteria;Bacillati;Bacillota;Bacilli;Lactobacillales;Streptococcaceae;Streptococcus;Streptococcus pneumoniae
VYVX01000034.1	CACTLM010000014.39592.40897	84.091	176	1.20e-36	159	Bacteria;Bacillati;Bacillota;Bacilli;Staphylococcales;Staphylococcaceae;Staphylococcus;Staphylococcus aureus
VYVX01000034.1	CACTLM010000014.39592.40897	83.562	146	7.29e-29	134	Bacteria;Bacillati;Bacillota;Bacilli;Staphylococcales;Staphylococcaceae;Staphylococcus;Staphylococcus aureus
VYVX01000034.1	CLHB01000064.3276.4691	81.212	165	1.22e-26	126	Bacteria;Bacillati;Bacillota;Bacilli;Bacillales--other;Bacillaceae--other;Aliineobacillus;Streptococcus pneumoniae
VYVX01000034.1	CP149730.2568609.2569988	100.000	28	2.10e-04	52.8	Bacteria;Bacillati;Clostridiota;Clostridia;Peptostreptococcales;Peptostreptococcaceae;Clostridioides;Clostridioides difficile
OR976019.1	CP118032.1567698.1569256	99.686	1273	0.0	2327	Bacteria;Bacillati;Bacillota;Bacilli;Lactobacillales;Streptococcaceae;Streptococcus;Lactobacillus gasseri
OR976019.1	JN787181.1.1404	99.529	1273	0.0	2316	Bacteria;Bacillati;Bacillota;Bacilli;Lactobacillales;Streptococcaceae;Streptococcus;Streptococcus anginosus
OR976019.1	MT905169.1.1408	99.136	1273	0.0	2289	Bacteria;Bacillati;Bacillota;Bacilli;Lactobacillales;Streptococcaceae;Streptococcus;Streptococcus hominis
OR976019.1	KC569584.1.1426	98.979	1273	0.0	2278	Bacteria;Bacillati;Bacillota;Bacilli;Lactobacillales;Streptococcaceae;Streptococcus;Streptococcus anginosus
OR976019.1	PQ845660.1.1511	98.981	1276	0.0	2274	Bacteria;Bacillati;Bacillota;Bacilli;Lactobacillales;Streptococcaceae;Streptococcus;uncultured Streptococcus sp.
OR976018.1	CP118032.1567698.1569256	99.764	1269	0.0	2326	Bacteria;Bacillati;Bacillota;Bacilli;Lactobacillales;Streptococcaceae;Streptococcus;Lactobacillus gasseri
OR976018.1	JN787181.1.1404	99.606	1269	0.0	2314	Bacteria;Bacillati;Bacillota;Bacilli;Lactobacillales;Streptococcaceae;Streptococcus;Streptococcus anginosus
OR976018.1	MT905169.1.1408	99.212	1269	0.0	2287	Bacteria;Bacillati;Bacillota;Bacilli;Lactobacillales;Streptococcaceae;Streptococcus;Streptococcus hominis
OR976018.1	KC569584.1.1426	99.054	1269	0.0	2276	Bacteria;Bacillati;Bacillota;Bacilli;Lactobacillales;Streptococcaceae;Streptococcus;Streptococcus anginosus
OR976018.1	PQ845660.1.1511	99.057	1272	0.0	2272	Bacteria;Bacillati;Bacillota;Bacilli;Lactobacillales;Streptococcaceae;Streptococcus;uncultured Streptococcus sp.
OR976017.1	MT597617.1.1444	99.842	1262	0.0	2320	Bacteria;Bacillati;Bacillota;Bacilli;Lactobacillales;Streptococcaceae;Streptococcus;Streptococcus anginosus subsp. whileyi
OR976017.1	MT597725.1.1468	99.842	1262	0.0	2320	Bacteria;Bacillati;Bacillota;Bacilli;Lactobacillales;Streptococcaceae;Streptococcus;Streptococcus anginosus
OR976017.1	JN787193.1.1404	99.762	1262	0.0	2314	Bacteria;Bacillati;Bacillota;Bacilli;Lactobacillales;Streptococcaceae;Streptococcus;Streptococcus anginosus subsp. whileyi CCUG 39159
OR976017.1	JN787170.1.1404	99.762	1262	0.0	2314	Bacteria;Bacillati;Bacillota;Bacilli;Lactobacillales;Streptococcaceae;Streptococcus;Streptococcus anginosus
OR976017.1	MT585448.1.1403	99.762	1262	0.0	2314	Bacteria;Bacillati;Bacillota;Bacilli;Lactobacillales;Streptococcaceae;Streptococcus;Streptococcus anginosus subsp. whileyi
KX661058.1	AFIM01000033.206.1753	99.522	1255	0.0	2283	Bacteria;Bacillati;Bacillota;Bacilli;Lactobacillales;Streptococcaceae;Streptococcus;Streptococcus anginosus SK52 = DSM 20563
KX661058.1	JN578465.1.1478	99.522	1255	0.0	2283	Bacteria;Bacillati;Bacillota;Bacilli;Lactobacillales;Streptococcaceae;Streptococcus;Streptococcus anginosus
KX661058.1	LC258132.1.1449	99.522	1255	0.0	2283	Bacteria;Bacillati;Bacillota;Bacilli;Lactobacillales;Streptococcaceae;Streptococcus;Streptococcus anginosus
KX661058.1	DQ232519.1.1477	99.442	1255	0.0	2278	Bacteria;Bacillati;Bacillota;Bacilli;Lactobacillales;Streptococcaceae;Streptococcus;Streptococcus anginosus
KX661058.1	JN787173.1.1404	99.442	1255	0.0	2278	Bacteria;Bacillati;Bacillota;Bacilli;Lactobacillales;Streptococcaceae;Streptococcus;Streptococcus anginosus
ON810613.1	ON810613.1.1254	100.000	1254	0.0	2316	Bacteria;Bacillati;Bacillota;Bacilli;Lactobacillales;Streptococcaceae;Streptococcus;Streptococcus anginosus
ON810613.1	CP118032.1567698.1569256	97.070	1263	0.0	2106	Bacteria;Bacillati;Bacillota;Bacilli;Lactobacillales;Streptococcaceae;Streptococcus;Lactobacillus gasseri
ON810613.1	HM021549.1.1459	97.712	1224	0.0	2085	Bacteria;Bacillati;Bacillota;Bacilli;Lactobacillales;Streptococcaceae;Streptococcus;uncultured bacterium
ON810613.1	PQ845660.1.1511	96.830	1262	0.0	2084	Bacteria;Bacillati;Bacillota;Bacilli;Lactobacillales;Streptococcaceae;Streptococcus;uncultured Streptococcus sp.
ON810613.1	JN787181.1.1404	97.168	1236	0.0	2071	Bacteria;Bacillati;Bacillota;Bacilli;Lactobacillales;Streptococcaceae;Streptococcus;Streptococcus anginosus
KX661046.1	CP118032.1567698.1569256	99.920	1251	0.0	2305	Bacteria;Bacillati;Bacillota;Bacilli;Lactobacillales;Streptococcaceae;Streptococcus;Lactobacillus gasseri
KX661046.1	JN787181.1.1404	99.680	1251	0.0	2289	Bacteria;Bacillati;Bacillota;Bacilli;Lactobacillales;Streptococcaceae;Streptococcus;Streptococcus anginosus
KX661046.1	MT905169.1.1408	99.361	1251	0.0	2266	Bacteria;Bacillati;Bacillota;Bacilli;Lactobacillales;Streptococcaceae;Streptococcus;Streptococcus hominis
KX661046.1	KC569584.1.1426	99.201	1251	0.0	2255	Bacteria;Bacillati;Bacillota;Bacilli;Lactobacillales;Streptococcaceae;Streptococcus;Streptococcus anginosus
KX661046.1	PQ845660.1.1511	99.123	1254	0.0	2246	Bacteria;Bacillati;Bacillota;Bacilli;Lactobacillales;Streptococcaceae;Streptococcus;uncultured Streptococcus sp.
KX661070.1	DQ232519.1.1477	100.000	1251	0.0	2311	Bacteria;Bacillati;Bacillota;Bacilli;Lactobacillales;Streptococcaceae;Streptococcus;Streptococcus anginosus
KX661070.1	JN787173.1.1404	100.000	1251	0.0	2311	Bacteria;Bacillati;Bacillota;Bacilli;Lactobacillales;Streptococcaceae;Streptococcus;Streptococcus anginosus
KX661070.1	JN787172.1.1404	100.000	1251	0.0	2311	Bacteria;Bacillati;Bacillota;Bacilli;Lactobacillales;Streptococcaceae;Streptococcus;Streptococcus anginosus
KX661070.1	PQ779990.1.1458	100.000	1251	0.0	2311	Bacteria;Bacillati;Bacillota;Bacilli;Lactobacillales;Streptococcaceae;Streptococcus;Bacillota bacterium
KX661070.1	JN787171.1.1404	100.000	1251	0.0	2311	Bacteria;Bacillati;Bacillota;Bacilli;Lactobacillales;Streptococcaceae;Streptococcus;Streptococcus anginosus
KX661074.1	JN787170.1.1404	100.000	1251	0.0	2311	Bacteria;Bacillati;Bacillota;Bacilli;Lactobacillales;Streptococcaceae;Streptococcus;Streptococcus anginosus
KX661074.1	MT597613.1.1449	100.000	1251	0.0	2311	Bacteria;Bacillati;Bacillota;Bacilli;Lactobacillales;Streptococcaceae;Streptococcus;Streptococcus anginosus
KX661074.1	MT459365.1.1464	100.000	1251	0.0	2311	Bacteria;Bacillati;Bacillota;Bacilli;Lactobacillales;Streptococcaceae;Streptococcus;Streptococcus anginosus
KX661074.1	PQ779972.1.1458	100.000	1251	0.0	2311	Bacteria;Bacillati;Bacillota;Bacilli;Lactobacillales;Streptococcaceae;Streptococcus;Bacillota bacterium
KX661074.1	DQ232519.1.1477	99.920	1251	0.0	2305	Bacteria;Bacillati;Bacillota;Bacilli;Lactobacillales;Streptococcaceae;Streptococcus;Streptococcus anginosus
KX661071.1	JN787170.1.1404	100.000	1251	0.0	2311	Bacteria;Bacillati;Bacillota;Bacilli;Lactobacillales;Streptococcaceae;Streptococcus;Streptococcus anginosus
KX661071.1	MT597613.1.1449	100.000	1251	0.0	2311	Bacteria;Bacillati;Bacillota;Bacilli;Lactobacillales;Streptococcaceae;Streptococcus;Streptococcus anginosus
KX661071.1	MT459365.1.1464	100.000	1251	0.0	2311	Bacteria;Bacillati;Bacillota;Bacilli;Lactobacillales;Streptococcaceae;Streptococcus;Streptococcus anginosus
KX661071.1	PQ779972.1.1458	100.000	1251	0.0	2311	Bacteria;Bacillati;Bacillota;Bacilli;Lactobacillales;Streptococcaceae;Streptococcus;Bacillota bacterium
KX661071.1	DQ232519.1.1477	99.920	1251	0.0	2305	Bacteria;Bacillati;Bacillota;Bacilli;Lactobacillales;Streptococcaceae;Streptococcus;Streptococcus anginosus
KX661072.1	JN787193.1.1404	99.840	1251	0.0	2300	Bacteria;Bacillati;Bacillota;Bacilli;Lactobacillales;Streptococcaceae;Streptococcus;Streptococcus anginosus subsp. whileyi CCUG 39159
KX661072.1	MT597617.1.1444	99.760	1251	0.0	2294	Bacteria;Bacillati;Bacillota;Bacilli;Lactobacillales;Streptococcaceae;Streptococcus;Streptococcus anginosus subsp. whileyi
KX661072.1	MT597725.1.1468	99.760	1251	0.0	2294	Bacteria;Bacillati;Bacillota;Bacilli;Lactobacillales;Streptococcaceae;Streptococcus;Streptococcus anginosus
KX661072.1	AFIM01000033.206.1753	99.680	1251	0.0	2289	Bacteria;Bacillati;Bacillota;Bacilli;Lactobacillales;Streptococcaceae;Streptococcus;Streptococcus anginosus SK52 = DSM 20563
KX661072.1	JN578465.1.1478	99.680	1251	0.0	2289	Bacteria;Bacillati;Bacillota;Bacilli;Lactobacillales;Streptococcaceae;Streptococcus;Streptococcus anginosus
KX661073.1	CP118032.1567698.1569256	99.920	1251	0.0	2305	Bacteria;Bacillati;Bacillota;Bacilli;Lactobacillales;Streptococcaceae;Streptococcus;Lactobacillus gasseri
KX661073.1	JN787181.1.1404	99.680	1251	0.0	2289	Bacteria;Bacillati;Bacillota;Bacilli;Lactobacillales;Streptococcaceae;Streptococcus;Streptococcus anginosus
KX661073.1	MT905169.1.1408	99.361	1251	0.0	2266	Bacteria;Bacillati;Bacillota;Bacilli;Lactobacillales;Streptococcaceae;Streptococcus;Streptococcus hominis
KX661073.1	KC569584.1.1426	99.201	1251	0.0	2255	Bacteria;Bacillati;Bacillota;Bacilli;Lactobacillales;Streptococcaceae;Streptococcus;Streptococcus anginosus
KX661073.1	PQ845660.1.1511	99.123	1254	0.0	2246	Bacteria;Bacillati;Bacillota;Bacilli;Lactobacillales;Streptococcaceae;Streptococcus;uncultured Streptococcus sp.
KX661067.1	JN787181.1.1404	99.840	1251	0.0	2300	Bacteria;Bacillati;Bacillota;Bacilli;Lactobacillales;Streptococcaceae;Streptococcus;Streptococcus anginosus
KX661067.1	CP118032.1567698.1569256	99.600	1251	0.0	2283	Bacteria;Bacillati;Bacillota;Bacilli;Lactobacillales;Streptococcaceae;Streptococcus;Lactobacillus gasseri
KX661067.1	MT905169.1.1408	99.361	1251	0.0	2266	Bacteria;Bacillati;Bacillota;Bacilli;Lactobacillales;Streptococcaceae;Streptococcus;Streptococcus hominis
KX661067.1	KC569584.1.1426	99.201	1251	0.0	2255	Bacteria;Bacillati;Bacillota;Bacilli;Lactobacillales;Streptococcaceae;Streptococcus;Streptococcus anginosus
KX661067.1	GQ104125.1.1377	99.041	1251	0.0	2244	Bacteria;Bacillati;Bacillota;Bacilli;Lactobacillales;Streptococcaceae;Streptococcus;uncultured bacterium
KX661075.1	CP118032.1567698.1569256	99.920	1251	0.0	2305	Bacteria;Bacillati;Bacillota;Bacilli;Lactobacillales;Streptococcaceae;Streptococcus;Lactobacillus gasseri
KX661075.1	JN787181.1.1404	99.680	1251	0.0	2289	Bacteria;Bacillati;Bacillota;Bacilli;Lactobacillales;Streptococcaceae;Streptococcus;Streptococcus anginosus
KX661075.1	MT905169.1.1408	99.361	1251	0.0	2266	Bacteria;Bacillati;Bacillota;Bacilli;Lactobacillales;Streptococcaceae;Streptococcus;Streptococcus hominis
KX661075.1	KC569584.1.1426	99.201	1251	0.0	2255	Bacteria;Bacillati;Bacillota;Bacilli;Lactobacillales;Streptococcaceae;Streptococcus;Streptococcus anginosus
KX661075.1	PQ845660.1.1511	99.123	1254	0.0	2246	Bacteria;Bacillati;Bacillota;Bacilli;Lactobacillales;Streptococcaceae;Streptococcus;uncultured Streptococcus sp.
KX661089.1	JN787193.1.1404	99.840	1251	0.0	2300	Bacteria;Bacillati;Bacillota;Bacilli;Lactobacillales;Streptococcaceae;Streptococcus;Streptococcus anginosus subsp. whileyi CCUG 39159
KX661089.1	MT597617.1.1444	99.760	1251	0.0	2294	Bacteria;Bacillati;Bacillota;Bacilli;Lactobacillales;Streptococcaceae;Streptococcus;Streptococcus anginosus subsp. whileyi
KX661089.1	MT597725.1.1468	99.760	1251	0.0	2294	Bacteria;Bacillati;Bacillota;Bacilli;Lactobacillales;Streptococcaceae;Streptococcus;Streptococcus anginosus
KX661089.1	AFIM01000033.206.1753	99.680	1251	0.0	2289	Bacteria;Bacillati;Bacillota;Bacilli;Lactobacillales;Streptococcaceae;Streptococcus;Streptococcus anginosus SK52 = DSM 20563
KX661089.1	JN578465.1.1478	99.680	1251	0.0	2289	Bacteria;Bacillati;Bacillota;Bacilli;Lactobacillales;Streptococcaceae;Streptococcus;Streptococcus anginosus
KX661113.1	KC569584.1.1426	99.600	1251	0.0	2283	Bacteria;Bacillati;Bacillota;Bacilli;Lactobacillales;Streptococcaceae;Streptococcus;Streptococcus anginosus
KX661113.1	JN787181.1.1404	99.281	1251	0.0	2261	Bacteria;Bacillati;Bacillota;Bacilli;Lactobacillales;Streptococcaceae;Streptococcus;Streptococcus anginosus
KX661113.1	FM873680.1.1509	99.281	1251	0.0	2261	Bacteria;Bacillati;Bacillota;Bacilli;Lactobacillales;Streptococcaceae;Streptococcus;uncultured bacterium
KX661113.1	MT905169.1.1408	99.121	1251	0.0	2250	Bacteria;Bacillati;Bacillota;Bacilli;Lactobacillales;Streptococcaceae;Streptococcus;Streptococcus hominis
KX661113.1	CP118032.1567698.1569256	99.041	1251	0.0	2244	Bacteria;Bacillati;Bacillota;Bacilli;Lactobacillales;Streptococcaceae;Streptococcus;Lactobacillus gasseri
KX661068.1	CP118032.1567698.1569256	99.920	1251	0.0	2305	Bacteria;Bacillati;Bacillota;Bacilli;Lactobacillales;Streptococcaceae;Streptococcus;Lactobacillus gasseri
KX661068.1	JN787181.1.1404	99.680	1251	0.0	2289	Bacteria;Bacillati;Bacillota;Bacilli;Lactobacillales;Streptococcaceae;Streptococcus;Streptococcus anginosus
KX661068.1	MT905169.1.1408	99.361	1251	0.0	2266	Bacteria;Bacillati;Bacillota;Bacilli;Lactobacillales;Streptococcaceae;Streptococcus;Streptococcus hominis
KX661068.1	KC569584.1.1426	99.201	1251	0.0	2255	Bacteria;Bacillati;Bacillota;Bacilli;Lactobacillales;Streptococcaceae;Streptococcus;Streptococcus anginosus
KX661068.1	PQ845660.1.1511	99.123	1254	0.0	2246	Bacteria;Bacillati;Bacillota;Bacilli;Lactobacillales;Streptococcaceae;Streptococcus;uncultured Streptococcus sp.
KX661065.1	AFIM01000033.206.1753	99.920	1251	0.0	2305	Bacteria;Bacillati;Bacillota;Bacilli;Lactobacillales;Streptococcaceae;Streptococcus;Streptococcus anginosus SK52 = DSM 20563
KX661065.1	JN578465.1.1478	99.920	1251	0.0	2305	Bacteria;Bacillati;Bacillota;Bacilli;Lactobacillales;Streptococcaceae;Streptococcus;Streptococcus anginosus
KX661065.1	LC258132.1.1449	99.920	1251	0.0	2305	Bacteria;Bacillati;Bacillota;Bacilli;Lactobacillales;Streptococcaceae;Streptococcus;Streptococcus anginosus
KX661065.1	JN787170.1.1404	99.760	1251	0.0	2294	Bacteria;Bacillati;Bacillota;Bacilli;Lactobacillales;Streptococcaceae;Streptococcus;Streptococcus anginosus
KX661065.1	MT597613.1.1449	99.760	1251	0.0	2294	Bacteria;Bacillati;Bacillota;Bacilli;Lactobacillales;Streptococcaceae;Streptococcus;Streptococcus anginosus
KX661047.1	KC569584.1.1426	99.600	1251	0.0	2283	Bacteria;Bacillati;Bacillota;Bacilli;Lactobacillales;Streptococcaceae;Streptococcus;Streptococcus anginosus
KX661047.1	JN787181.1.1404	99.281	1251	0.0	2261	Bacteria;Bacillati;Bacillota;Bacilli;Lactobacillales;Streptococcaceae;Streptococcus;Streptococcus anginosus
KX661047.1	FM873680.1.1509	99.281	1251	0.0	2261	Bacteria;Bacillati;Bacillota;Bacilli;Lactobacillales;Streptococcaceae;Streptococcus;uncultured bacterium
KX661047.1	MT905169.1.1408	99.121	1251	0.0	2250	Bacteria;Bacillati;Bacillota;Bacilli;Lactobacillales;Streptococcaceae;Streptococcus;Streptococcus hominis
KX661047.1	CP118032.1567698.1569256	99.041	1251	0.0	2244	Bacteria;Bacillati;Bacillota;Bacilli;Lactobacillales;Streptococcaceae;Streptococcus;Lactobacillus gasseri
KX661054.1	CP118032.1567698.1569256	99.920	1251	0.0	2305	Bacteria;Bacillati;Bacillota;Bacilli;Lactobacillales;Streptococcaceae;Streptococcus;Lactobacillus gasseri
KX661054.1	JN787181.1.1404	99.680	1251	0.0	2289	Bacteria;Bacillati;Bacillota;Bacilli;Lactobacillales;Streptococcaceae;Streptococcus;Streptococcus anginosus
KX661054.1	MT905169.1.1408	99.361	1251	0.0	2266	Bacteria;Bacillati;Bacillota;Bacilli;Lactobacillales;Streptococcaceae;Streptococcus;Streptococcus hominis
KX661054.1	KC569584.1.1426	99.201	1251	0.0	2255	Bacteria;Bacillati;Bacillota;Bacilli;Lactobacillales;Streptococcaceae;Streptococcus;Streptococcus anginosus
KX661054.1	PQ845660.1.1511	99.123	1254	0.0	2246	Bacteria;Bacillati;Bacillota;Bacilli;Lactobacillales;Streptococcaceae;Streptococcus;uncultured Streptococcus sp.
KX661048.1	CP118032.1567698.1569256	99.920	1251	0.0	2305	Bacteria;Bacillati;Bacillota;Bacilli;Lactobacillales;Streptococcaceae;Streptococcus;Lactobacillus gasseri
KX661048.1	JN787181.1.1404	99.680	1251	0.0	2289	Bacteria;Bacillati;Bacillota;Bacilli;Lactobacillales;Streptococcaceae;Streptococcus;Streptococcus anginosus
KX661048.1	MT905169.1.1408	99.361	1251	0.0	2266	Bacteria;Bacillati;Bacillota;Bacilli;Lactobacillales;Streptococcaceae;Streptococcus;Streptococcus hominis
KX661048.1	KC569584.1.1426	99.201	1251	0.0	2255	Bacteria;Bacillati;Bacillota;Bacilli;Lactobacillales;Streptococcaceae;Streptococcus;Streptococcus anginosus
KX661048.1	PQ845660.1.1511	99.123	1254	0.0	2246	Bacteria;Bacillati;Bacillota;Bacilli;Lactobacillales;Streptococcaceae;Streptococcus;uncultured Streptococcus sp.
KX661044.1	JN787181.1.1404	99.920	1251	0.0	2305	Bacteria;Bacillati;Bacillota;Bacilli;Lactobacillales;Streptococcaceae;Streptococcus;Streptococcus anginosus
KX661044.1	CP118032.1567698.1569256	99.680	1251	0.0	2289	Bacteria;Bacillati;Bacillota;Bacilli;Lactobacillales;Streptococcaceae;Streptococcus;Lactobacillus gasseri
KX661044.1	MT905169.1.1408	99.440	1251	0.0	2272	Bacteria;Bacillati;Bacillota;Bacilli;Lactobacillales;Streptococcaceae;Streptococcus;Streptococcus hominis
KX661044.1	KC569584.1.1426	99.281	1251	0.0	2261	Bacteria;Bacillati;Bacillota;Bacilli;Lactobacillales;Streptococcaceae;Streptococcus;Streptococcus anginosus
KX661044.1	GQ104125.1.1377	99.121	1251	0.0	2250	Bacteria;Bacillati;Bacillota;Bacilli;Lactobacillales;Streptococcaceae;Streptococcus;uncultured bacterium
KX661049.1	JN787181.1.1404	99.840	1251	0.0	2300	Bacteria;Bacillati;Bacillota;Bacilli;Lactobacillales;Streptococcaceae;Streptococcus;Streptococcus anginosus
KX661049.1	MT905169.1.1408	99.680	1251	0.0	2289	Bacteria;Bacillati;Bacillota;Bacilli;Lactobacillales;Streptococcaceae;Streptococcus;Streptococcus hominis
KX661049.1	CP118032.1567698.1569256	99.600	1251	0.0	2283	Bacteria;Bacillati;Bacillota;Bacilli;Lactobacillales;Streptococcaceae;Streptococcus;Lactobacillus gasseri
KX661049.1	GQ104125.1.1377	99.361	1251	0.0	2266	Bacteria;Bacillati;Bacillota;Bacilli;Lactobacillales;Streptococcaceae;Streptococcus;uncultured bacterium
KX661049.1	KC569584.1.1426	99.201	1251	0.0	2255	Bacteria;Bacillati;Bacillota;Bacilli;Lactobacillales;Streptococcaceae;Streptococcus;Streptococcus anginosus
KX661050.1	JN787181.1.1404	99.840	1251	0.0	2300	Bacteria;Bacillati;Bacillota;Bacilli;Lactobacillales;Streptococcaceae;Streptococcus;Streptococcus anginosus
KX661050.1	CP118032.1567698.1569256	99.600	1251	0.0	2283	Bacteria;Bacillati;Bacillota;Bacilli;Lactobacillales;Streptococcaceae;Streptococcus;Lactobacillus gasseri
KX661050.1	MT905169.1.1408	99.361	1251	0.0	2266	Bacteria;Bacillati;Bacillota;Bacilli;Lactobacillales;Streptococcaceae;Streptococcus;Streptococcus hominis
KX661050.1	KC569584.1.1426	99.041	1251	0.0	2244	Bacteria;Bacillati;Bacillota;Bacilli;Lactobacillales;Streptococcaceae;Streptococcus;Streptococcus anginosus
KX661050.1	GQ104125.1.1377	99.041	1251	0.0	2244	Bacteria;Bacillati;Bacillota;Bacilli;Lactobacillales;Streptococcaceae;Streptococcus;uncultured bacterium
KX661051.1	AFIM01000033.206.1753	100.000	1251	0.0	2311	Bacteria;Bacillati;Bacillota;Bacilli;Lactobacillales;Streptococcaceae;Streptococcus;Streptococcus anginosus SK52 = DSM 20563
KX661051.1	JN578465.1.1478	100.000	1251	0.0	2311	Bacteria;Bacillati;Bacillota;Bacilli;Lactobacillales;Streptococcaceae;Streptococcus;Streptococcus anginosus
KX661051.1	LC258132.1.1449	100.000	1251	0.0	2311	Bacteria;Bacillati;Bacillota;Bacilli;Lactobacillales;Streptococcaceae;Streptococcus;Streptococcus anginosus
KX661051.1	DQ232519.1.1477	99.760	1251	0.0	2294	Bacteria;Bacillati;Bacillota;Bacilli;Lactobacillales;Streptococcaceae;Streptococcus;Streptococcus anginosus
KX661051.1	JN787173.1.1404	99.760	1251	0.0	2294	Bacteria;Bacillati;Bacillota;Bacilli;Lactobacillales;Streptococcaceae;Streptococcus;Streptococcus anginosus
KX661043.1	DQ232519.1.1477	100.000	1251	0.0	2311	Bacteria;Bacillati;Bacillota;Bacilli;Lactobacillales;Streptococcaceae;Streptococcus;Streptococcus anginosus
KX661043.1	JN787173.1.1404	100.000	1251	0.0	2311	Bacteria;Bacillati;Bacillota;Bacilli;Lactobacillales;Streptococcaceae;Streptococcus;Streptococcus anginosus
KX661043.1	JN787172.1.1404	100.000	1251	0.0	2311	Bacteria;Bacillati;Bacillota;Bacilli;Lactobacillales;Streptococcaceae;Streptococcus;Streptococcus anginosus
KX661043.1	PQ779990.1.1458	100.000	1251	0.0	2311	Bacteria;Bacillati;Bacillota;Bacilli;Lactobacillales;Streptococcaceae;Streptococcus;Bacillota bacterium
KX661043.1	JN787171.1.1404	100.000	1251	0.0	2311	Bacteria;Bacillati;Bacillota;Bacilli;Lactobacillales;Streptococcaceae;Streptococcus;Streptococcus anginosus
KX661052.1	MT512127.1.1444	99.920	1251	0.0	2305	Bacteria;Bacillati;Bacillota;Bacilli;Lactobacillales;Streptococcaceae;Streptococcus;Streptococcus pseudopneumoniae
KX661052.1	JQ450005.1.1406	99.920	1251	0.0	2305	Bacteria;Bacillati;Bacillota;Bacilli;Lactobacillales;Streptococcaceae;Streptococcus;uncultured bacterium
KX661052.1	LC650843.1.1543	99.760	1251	0.0	2294	Bacteria;Bacillati;Bacillota;Bacilli;Lactobacillales;Streptococcaceae;Streptococcus;Streptococcus toyakuensis
KX661052.1	MF578776.1.1440	99.760	1251	0.0	2294	Bacteria;Bacillati;Bacillota;Bacilli;Lactobacillales;Streptococcaceae;Streptococcus;Streptococcus pneumoniae
KX661052.1	DQ232535.1.1470	99.760	1251	0.0	2294	Bacteria;Bacillati;Bacillota;Bacilli;Lactobacillales;Streptococcaceae;Streptococcus;Streptococcus oralis
KX661055.1	CP118032.1567698.1569256	99.920	1251	0.0	2305	Bacteria;Bacillati;Bacillota;Bacilli;Lactobacillales;Streptococcaceae;Streptococcus;Lactobacillus gasseri
KX661055.1	JN787181.1.1404	99.680	1251	0.0	2289	Bacteria;Bacillati;Bacillota;Bacilli;Lactobacillales;Streptococcaceae;Streptococcus;Streptococcus anginosus
KX661055.1	MT905169.1.1408	99.361	1251	0.0	2266	Bacteria;Bacillati;Bacillota;Bacilli;Lactobacillales;Streptococcaceae;Streptococcus;Streptococcus hominis
KX661055.1	KC569584.1.1426	99.201	1251	0.0	2255	Bacteria;Bacillati;Bacillota;Bacilli;Lactobacillales;Streptococcaceae;Streptococcus;Streptococcus anginosus
KX661055.1	PQ845660.1.1511	99.123	1254	0.0	2246	Bacteria;Bacillati;Bacillota;Bacilli;Lactobacillales;Streptococcaceae;Streptococcus;uncultured Streptococcus sp.
KX661056.1	JN787170.1.1404	100.000	1251	0.0	2311	Bacteria;Bacillati;Bacillota;Bacilli;Lactobacillales;Streptococcaceae;Streptococcus;Streptococcus anginosus
KX661056.1	MT597613.1.1449	100.000	1251	0.0	2311	Bacteria;Bacillati;Bacillota;Bacilli;Lactobacillales;Streptococcaceae;Streptococcus;Streptococcus anginosus
KX661056.1	MT459365.1.1464	100.000	1251	0.0	2311	Bacteria;Bacillati;Bacillota;Bacilli;Lactobacillales;Streptococcaceae;Streptococcus;Streptococcus anginosus
KX661056.1	PQ779972.1.1458	100.000	1251	0.0	2311	Bacteria;Bacillati;Bacillota;Bacilli;Lactobacillales;Streptococcaceae;Streptococcus;Bacillota bacterium
KX661056.1	DQ232519.1.1477	99.920	1251	0.0	2305	Bacteria;Bacillati;Bacillota;Bacilli;Lactobacillales;Streptococcaceae;Streptococcus;Streptococcus anginosus
KX661057.1	JN787170.1.1404	100.000	1251	0.0	2311	Bacteria;Bacillati;Bacillota;Bacilli;Lactobacillales;Streptococcaceae;Streptococcus;Streptococcus anginosus
KX661057.1	MT597613.1.1449	100.000	1251	0.0	2311	Bacteria;Bacillati;Bacillota;Bacilli;Lactobacillales;Streptococcaceae;Streptococcus;Streptococcus anginosus
KX661057.1	MT459365.1.1464	100.000	1251	0.0	2311	Bacteria;Bacillati;Bacillota;Bacilli;Lactobacillales;Streptococcaceae;Streptococcus;Streptococcus anginosus
KX661057.1	PQ779972.1.1458	100.000	1251	0.0	2311	Bacteria;Bacillati;Bacillota;Bacilli;Lactobacillales;Streptococcaceae;Streptococcus;Bacillota bacterium
KX661057.1	DQ232519.1.1477	99.920	1251	0.0	2305	Bacteria;Bacillati;Bacillota;Bacilli;Lactobacillales;Streptococcaceae;Streptococcus;Streptococcus anginosus
KX661059.1	LR809138.1.1542	100.000	1251	0.0	2311	Bacteria;Bacillati;Bacillota;Bacilli;Lactobacillales;Streptococcaceae;Streptococcus;Streptococcus sp. Marseille-Q2617
KX661059.1	CAXALZ010033614.316.1785	99.920	1251	0.0	2305	Bacteria;Bacillati;Bacillota;Bacilli;Lactobacillales;Streptococcaceae;Streptococcus;respiratory tract metagenome
KX661059.1	LC744565.1.1542	99.920	1251	0.0	2305	Bacteria;Bacillati;Bacillota;Bacilli;Lactobacillales;Streptococcaceae;Streptococcus;Streptococcus nakanonensis
KX661059.1	LC650843.1.1543	99.840	1251	0.0	2300	Bacteria;Bacillati;Bacillota;Bacilli;Lactobacillales;Streptococcaceae;Streptococcus;Streptococcus toyakuensis
KX661059.1	MF578776.1.1440	99.840	1251	0.0	2300	Bacteria;Bacillati;Bacillota;Bacilli;Lactobacillales;Streptococcaceae;Streptococcus;Streptococcus pneumoniae
KX661061.1	CP118032.1567698.1569256	99.920	1251	0.0	2305	Bacteria;Bacillati;Bacillota;Bacilli;Lactobacillales;Streptococcaceae;Streptococcus;Lactobacillus gasseri
KX661061.1	JN787181.1.1404	99.680	1251	0.0	2289	Bacteria;Bacillati;Bacillota;Bacilli;Lactobacillales;Streptococcaceae;Streptococcus;Streptococcus anginosus
KX661061.1	MT905169.1.1408	99.361	1251	0.0	2266	Bacteria;Bacillati;Bacillota;Bacilli;Lactobacillales;Streptococcaceae;Streptococcus;Streptococcus hominis
KX661061.1	KC569584.1.1426	99.201	1251	0.0	2255	Bacteria;Bacillati;Bacillota;Bacilli;Lactobacillales;Streptococcaceae;Streptococcus;Streptococcus anginosus
KX661061.1	PQ845660.1.1511	99.123	1254	0.0	2246	Bacteria;Bacillati;Bacillota;Bacilli;Lactobacillales;Streptococcaceae;Streptococcus;uncultured Streptococcus sp.
KX661062.1	CP118032.1567698.1569256	99.920	1251	0.0	2305	Bacteria;Bacillati;Bacillota;Bacilli;Lactobacillales;Streptococcaceae;Streptococcus;Lactobacillus gasseri
KX661062.1	JN787181.1.1404	99.680	1251	0.0	2289	Bacteria;Bacillati;Bacillota;Bacilli;Lactobacillales;Streptococcaceae;Streptococcus;Streptococcus anginosus
KX661062.1	MT905169.1.1408	99.361	1251	0.0	2266	Bacteria;Bacillati;Bacillota;Bacilli;Lactobacillales;Streptococcaceae;Streptococcus;Streptococcus hominis
KX661062.1	KC569584.1.1426	99.201	1251	0.0	2255	Bacteria;Bacillati;Bacillota;Bacilli;Lactobacillales;Streptococcaceae;Streptococcus;Streptococcus anginosus
KX661062.1	PQ845660.1.1511	99.123	1254	0.0	2246	Bacteria;Bacillati;Bacillota;Bacilli;Lactobacillales;Streptococcaceae;Streptococcus;uncultured Streptococcus sp.
KX661063.1	JN787170.1.1404	100.000	1251	0.0	2311	Bacteria;Bacillati;Bacillota;Bacilli;Lactobacillales;Streptococcaceae;Streptococcus;Streptococcus anginosus
KX661063.1	MT597613.1.1449	100.000	1251	0.0	2311	Bacteria;Bacillati;Bacillota;Bacilli;Lactobacillales;Streptococcaceae;Streptococcus;Streptococcus anginosus
KX661063.1	MT459365.1.1464	100.000	1251	0.0	2311	Bacteria;Bacillati;Bacillota;Bacilli;Lactobacillales;Streptococcaceae;Streptococcus;Streptococcus anginosus
KX661063.1	PQ779972.1.1458	100.000	1251	0.0	2311	Bacteria;Bacillati;Bacillota;Bacilli;Lactobacillales;Streptococcaceae;Streptococcus;Bacillota bacterium
KX661063.1	DQ232519.1.1477	99.920	1251	0.0	2305	Bacteria;Bacillati;Bacillota;Bacilli;Lactobacillales;Streptococcaceae;Streptococcus;Streptococcus anginosus
MF538608.1	JN787181.1.1404	99.677	1240	0.0	2272	Bacteria;Bacillati;Bacillota;Bacilli;Lactobacillales;Streptococcaceae;Streptococcus;Streptococcus anginosus
MF538608.1	MT905169.1.1408	99.516	1240	0.0	2261	Bacteria;Bacillati;Bacillota;Bacilli;Lactobacillales;Streptococcaceae;Streptococcus;Streptococcus hominis
MF538608.1	CP118032.1567698.1569256	99.516	1240	0.0	2261	Bacteria;Bacillati;Bacillota;Bacilli;Lactobacillales;Streptococcaceae;Streptococcus;Lactobacillus gasseri
MF538608.1	KC569584.1.1426	99.032	1240	0.0	2228	Bacteria;Bacillati;Bacillota;Bacilli;Lactobacillales;Streptococcaceae;Streptococcus;Streptococcus anginosus
MF538608.1	GQ104125.1.1377	99.184	1225	0.0	2211	Bacteria;Bacillati;Bacillota;Bacilli;Lactobacillales;Streptococcaceae;Streptococcus;uncultured bacterium
ON796814.1	AFIM01000033.206.1753	95.928	1105	0.0	1816	Bacteria;Bacillati;Bacillota;Bacilli;Lactobacillales;Streptococcaceae;Streptococcus;Streptococcus anginosus SK52 = DSM 20563
ON796814.1	JN578465.1.1478	95.928	1105	0.0	1816	Bacteria;Bacillati;Bacillota;Bacilli;Lactobacillales;Streptococcaceae;Streptococcus;Streptococcus anginosus
ON796814.1	LC258132.1.1449	95.928	1105	0.0	1816	Bacteria;Bacillati;Bacillota;Bacilli;Lactobacillales;Streptococcaceae;Streptococcus;Streptococcus anginosus
ON796814.1	AB355609.1.1399	95.928	1105	0.0	1816	Bacteria;Bacillati;Bacillota;Bacilli;Lactobacillales;Streptococcaceae;Streptococcus;Streptococcus anginosus
ON796814.1	JN787193.1.1404	95.747	1105	0.0	1805	Bacteria;Bacillati;Bacillota;Bacilli;Lactobacillales;Streptococcaceae;Streptococcus;Streptococcus anginosus subsp. whileyi CCUG 39159
ON810614.1	ON810614.1.1211	100.000	1211	0.0	2237	Bacteria;Bacillati;Bacillota;Bacilli;Lactobacillales;Streptococcaceae;Streptococcus;Streptococcus anginosus
ON810614.1	AY691534.1.1510	97.563	1190	0.0	2021	Bacteria;Bacillati;Bacillota;Bacilli;Lactobacillales;Streptococcaceae;Streptococcus;Streptococcus anginosus
ON810614.1	DQ232519.1.1477	97.393	1189	0.0	2008	Bacteria;Bacillati;Bacillota;Bacilli;Lactobacillales;Streptococcaceae;Streptococcus;Streptococcus anginosus
ON810614.1	AM419988.1.1509	97.542	1180	0.0	2004	Bacteria;Bacillati;Bacillota;Bacilli;Lactobacillales;Streptococcaceae;Streptococcus;uncultured Streptococcus sp.
ON810614.1	AFIM01000033.206.1753	97.140	1189	0.0	1991	Bacteria;Bacillati;Bacillota;Bacilli;Lactobacillales;Streptococcaceae;Streptococcus;Streptococcus anginosus SK52 = DSM 20563
OQ383429.1	OQ383429.1.1210	100.000	1210	0.0	2235	Bacteria;Bacillati;Bacillota;Bacilli;Lactobacillales;Streptococcaceae;Streptococcus;Streptococcus anginosus
OQ383429.1	PQ779972.1.1458	99.499	1197	0.0	2176	Bacteria;Bacillati;Bacillota;Bacilli;Lactobacillales;Streptococcaceae;Streptococcus;Bacillota bacterium
OQ383429.1	DQ232519.1.1477	99.174	1210	0.0	2174	Bacteria;Bacillati;Bacillota;Bacilli;Lactobacillales;Streptococcaceae;Streptococcus;Streptococcus anginosus
OQ383429.1	MT597583.1.1465	99.498	1195	0.0	2172	Bacteria;Bacillati;Bacillota;Bacilli;Lactobacillales;Streptococcaceae;Streptococcus;Streptococcus anginosus
OQ383429.1	MT459365.1.1464	99.497	1194	0.0	2170	Bacteria;Bacillati;Bacillota;Bacilli;Lactobacillales;Streptococcaceae;Streptococcus;Streptococcus anginosus
PVSY01000043.1	JRUS01000065.796.2379	99.156	237	1.01e-116	425	Eukaryota;Amorphea;Obazoa;Opisthokonta;Nucletmycea;Fungi;Dikarya;Ascomycota;Saccharomycotina;Saccharomycetes;Saccharomycetales;Saccharomycetaceae;Saccharomyces;Saccharomyces cerevisiae (baker's yeast)
PVSY01000043.1	AP027355.470902.472647	100.000	34	9.16e-08	63.9	Eukaryota;Amorphea;Obazoa;Opisthokonta;Nucletmycea;Fungi;Dikarya;Ascomycota;Saccharomycotina;Saccharomycetes;Saccharomycetales;Saccharomycetaceae;Saccharomyces;Saccharomyces cerevisiae (brewer's yeast)
